Client_ID,Age,Gender,Location,Income,User_Interest,Acquisition_Source,Device_Type,Engagement_Time_Minutes,Price_Sensitivity,Purchase_Frequency,Average_Order_Value,Cluster,Cluster_Name
EA-01502,37,Female,Suburban,56500,Skincare,Referral,Desktop,3.1,High,1,753.12,2,Self-Care Sena (Facebook One-Timers)
EA-02587,22,Female,Suburban,86000,Skincare,Facebook Ad,Mobile,1.2,Low,1,474.01,2,Self-Care Sena (Facebook One-Timers)
EA-02654,60,Female,Suburban,94000,Wellness,Organic Search,Tablet,11.3,Low,4,2500.0,1,Glow Ke Nawab (Organic VIPs)
EA-01056,43,Male,Urban,91500,Anti-aging,Organic Search,Mobile,13.5,Low,5,2256.96,1,Glow Ke Nawab (Organic VIPs)
EA-00706,32,Female,Urban,71500,Skincare,Groupon,Mobile,1.2,Medium,1,243.27,0,Gayab Grahak (Groupon One-Timers)
EA-00107,29,Female,Suburban,41500,Bargains,Groupon,Desktop,5.5,High,1,451.92,0,Gayab Grahak (Groupon One-Timers)
EA-00590,24,Female,Urban,33500,Bargains,Facebook Ad,Mobile,3.9,High,1,234.25,2,Self-Care Sena (Facebook One-Timers)
EA-02469,30,Female,Suburban,79000,Skincare,Groupon,Mobile,4.3,High,1,342.78,0,Gayab Grahak (Groupon One-Timers)
EA-02414,28,Female,Rural,64000,Bargains,Groupon,Desktop,5.3,High,1,343.63,0,Gayab Grahak (Groupon One-Timers)
EA-01601,43,Female,Rural,64500,Wellness,Referral,Tablet,6.2,Medium,1,861.97,3,Hamesha 25 Club (Referral Regulars)
EA-02465,26,Female,Suburban,40000,Bargains,Facebook Ad,Mobile,4.5,Medium,1,381.53,2,Self-Care Sena (Facebook One-Timers)
EA-00229,19,Female,Suburban,32000,Skincare,Groupon,Mobile,5.0,High,1,330.48,0,Gayab Grahak (Groupon One-Timers)
EA-00916,33,Female,Urban,37500,Anti-aging,Referral,Desktop,11.9,Low,2,790.3,3,Hamesha 25 Club (Referral Regulars)
EA-00795,34,Female,Urban,35000,Bargains,Facebook Ad,Mobile,2.8,High,1,187.65,2,Self-Care Sena (Facebook One-Timers)
EA-03022,33,Female,Urban,128000,Wellness,Organic Search,Mobile,7.5,Medium,1,1027.79,3,Hamesha 25 Club (Referral Regulars)
EA-03544,24,Female,Suburban,60500,Bargains,Facebook Ad,Mobile,1.8,Medium,1,349.27,2,Self-Care Sena (Facebook One-Timers)
EA-01074,39,Female,Suburban,92500,Anti-aging,Referral,Desktop,15.5,High,2,720.65,3,Hamesha 25 Club (Referral Regulars)
EA-03352,33,Female,Suburban,60000,Skincare,Facebook Ad,Mobile,3.9,Medium,1,330.18,2,Self-Care Sena (Facebook One-Timers)
EA-01745,56,Female,Urban,106000,Skincare,Organic Search,Desktop,10.4,Medium,3,2046.31,1,Glow Ke Nawab (Organic VIPs)
EA-01085,25,Female,Urban,84000,Anti-aging,Referral,Mobile,7.1,High,3,1066.98,3,Hamesha 25 Club (Referral Regulars)
EA-00927,24,Female,Urban,32000,Skincare,Facebook Ad,Mobile,2.5,High,1,380.65,2,Self-Care Sena (Facebook One-Timers)
EA-03050,26,Female,Urban,55000,Bargains,Facebook Ad,Mobile,2.5,High,1,409.74,2,Self-Care Sena (Facebook One-Timers)
EA-01118,47,Female,Urban,149000,Anti-aging,Organic Search,Mobile,15.9,Low,4,2020.17,1,Glow Ke Nawab (Organic VIPs)
EA-00643,42,Female,Urban,75500,Bargains,Facebook Ad,Tablet,0.7,High,1,150.0,2,Self-Care Sena (Facebook One-Timers)
EA-04768,38,Female,Suburban,56500,Wellness,Groupon,Desktop,3.4,High,1,298.05,0,Gayab Grahak (Groupon One-Timers)
EA-00502,36,Female,Urban,88000,Skincare,Organic Search,Tablet,10.4,Low,1,1963.33,3,Hamesha 25 Club (Referral Regulars)
EA-04067,33,Female,Urban,49500,Bargains,Facebook Ad,Mobile,2.8,High,1,265.42,2,Self-Care Sena (Facebook One-Timers)
EA-00334,46,Female,Suburban,141000,Bargains,Organic Search,Desktop,14.5,Medium,2,1592.53,1,Glow Ke Nawab (Organic VIPs)
EA-04685,38,Female,Suburban,40000,Anti-aging,Referral,Desktop,2.7,Medium,3,1065.1,3,Hamesha 25 Club (Referral Regulars)
EA-00487,34,Female,Urban,31500,Bargains,Groupon,Mobile,2.9,High,1,192.88,0,Gayab Grahak (Groupon One-Timers)
EA-01963,38,Female,Urban,57500,Bargains,Groupon,Mobile,4.7,High,1,355.64,0,Gayab Grahak (Groupon One-Timers)
EA-00394,47,Female,Suburban,114500,Anti-aging,Organic Search,Desktop,20.3,Medium,3,1734.43,1,Glow Ke Nawab (Organic VIPs)
EA-04843,31,Female,Suburban,50500,Bargains,Facebook Ad,Mobile,8.0,High,1,418.32,2,Self-Care Sena (Facebook One-Timers)
EA-04867,34,Male,Suburban,66500,Bargains,Facebook Ad,Mobile,4.2,High,1,351.03,2,Self-Care Sena (Facebook One-Timers)
EA-01756,33,Female,Urban,63500,Skincare,Groupon,Mobile,1.0,Medium,1,442.51,0,Gayab Grahak (Groupon One-Timers)
EA-02516,63,Female,Urban,135500,Wellness,Organic Search,Desktop,16.8,Low,4,1994.05,1,Glow Ke Nawab (Organic VIPs)
EA-03586,43,Female,Suburban,143500,Skincare,Organic Search,Mobile,12.2,Low,4,1815.5,1,Glow Ke Nawab (Organic VIPs)
EA-04316,27,Female,Urban,51000,Bargains,Groupon,Mobile,1.9,High,1,347.15,0,Gayab Grahak (Groupon One-Timers)
EA-04967,34,Female,Rural,42500,Bargains,Facebook Ad,Mobile,4.5,High,1,477.23,2,Self-Care Sena (Facebook One-Timers)
EA-02100,40,Female,Urban,44000,Bargains,Facebook Ad,Mobile,1.1,High,1,277.6,2,Self-Care Sena (Facebook One-Timers)
EA-03600,29,Female,Urban,69000,Wellness,Groupon,Desktop,1.2,Medium,3,489.79,0,Gayab Grahak (Groupon One-Timers)
EA-04122,51,Female,Urban,64000,Wellness,Organic Search,Desktop,11.7,Medium,5,2107.85,1,Glow Ke Nawab (Organic VIPs)
EA-00030,39,Female,Urban,134500,Skincare,Organic Search,Desktop,10.6,Medium,4,1687.49,1,Glow Ke Nawab (Organic VIPs)
EA-00066,19,Female,Suburban,22000,Bargains,Groupon,Mobile,4.2,High,1,427.97,0,Gayab Grahak (Groupon One-Timers)
EA-00839,30,Female,Urban,55500,Bargains,Groupon,Mobile,3.0,High,1,199.68,0,Gayab Grahak (Groupon One-Timers)
EA-03907,29,Female,Suburban,99000,Skincare,Organic Search,Desktop,19.4,Medium,3,1908.69,1,Glow Ke Nawab (Organic VIPs)
EA-03774,54,Female,Urban,118000,Anti-aging,Organic Search,Desktop,13.8,Low,2,1438.3,1,Glow Ke Nawab (Organic VIPs)
EA-04636,21,Female,Suburban,60500,Skincare,Facebook Ad,Mobile,5.9,Low,1,238.68,2,Self-Care Sena (Facebook One-Timers)
EA-03162,54,Female,Rural,104000,Skincare,Referral,Mobile,6.2,Low,2,557.43,3,Hamesha 25 Club (Referral Regulars)
EA-02660,19,Female,Rural,29500,Bargains,Facebook Ad,Mobile,7.8,High,1,357.61,2,Self-Care Sena (Facebook One-Timers)
EA-04616,30,Female,Urban,84500,Bargains,Facebook Ad,Mobile,2.6,High,1,505.07,2,Self-Care Sena (Facebook One-Timers)
EA-04629,27,Female,Suburban,60000,Bargains,Facebook Ad,Desktop,2.0,High,1,451.62,2,Self-Care Sena (Facebook One-Timers)
EA-02452,58,Male,Suburban,70000,Anti-aging,Organic Search,Mobile,23.5,Low,2,1828.01,1,Glow Ke Nawab (Organic VIPs)
EA-02847,42,Male,Urban,48500,Bargains,Facebook Ad,Mobile,2.9,High,1,623.97,2,Self-Care Sena (Facebook One-Timers)
EA-01145,35,Female,Suburban,71000,Bargains,Groupon,Mobile,2.0,High,1,515.04,0,Gayab Grahak (Groupon One-Timers)
EA-03079,29,Female,Rural,88000,Skincare,Groupon,Mobile,4.5,High,1,607.63,0,Gayab Grahak (Groupon One-Timers)
EA-01104,56,Female,Rural,69500,Wellness,Organic Search,Desktop,22.4,Low,5,1472.13,1,Glow Ke Nawab (Organic VIPs)
EA-00169,35,Female,Suburban,50500,Bargains,Facebook Ad,Mobile,5.1,High,1,375.11,2,Self-Care Sena (Facebook One-Timers)
EA-01671,40,Female,Urban,70000,Bargains,Facebook Ad,Tablet,1.9,High,1,379.83,2,Self-Care Sena (Facebook One-Timers)
EA-02571,29,Female,Rural,66500,Bargains,Facebook Ad,Mobile,4.1,High,1,412.73,2,Self-Care Sena (Facebook One-Timers)
EA-02378,24,Female,Suburban,61500,Anti-aging,Groupon,Mobile,7.5,High,1,471.23,0,Gayab Grahak (Groupon One-Timers)
EA-04396,22,Female,Suburban,38500,Bargains,Groupon,Mobile,2.8,High,1,346.22,0,Gayab Grahak (Groupon One-Timers)
EA-04258,24,Male,Suburban,38000,Bargains,Groupon,Mobile,0.7,High,1,150.0,0,Gayab Grahak (Groupon One-Timers)
EA-03863,48,Female,Suburban,56500,Anti-aging,Organic Search,Desktop,6.2,Medium,1,2112.21,3,Hamesha 25 Club (Referral Regulars)
EA-00024,56,Female,Urban,120000,Anti-aging,Referral,Mobile,10.8,High,1,610.29,3,Hamesha 25 Club (Referral Regulars)
EA-02634,29,Female,Rural,43000,Bargains,Groupon,Mobile,5.6,High,1,323.55,0,Gayab Grahak (Groupon One-Timers)
EA-03341,34,Female,Suburban,40000,Bargains,Facebook Ad,Mobile,1.2,High,1,493.49,2,Self-Care Sena (Facebook One-Timers)
EA-02216,36,Female,Suburban,24500,Bargains,Facebook Ad,Mobile,6.2,Medium,1,283.6,2,Self-Care Sena (Facebook One-Timers)
EA-03683,37,Female,Urban,57500,Bargains,Groupon,Mobile,4.0,High,1,489.77,0,Gayab Grahak (Groupon One-Timers)
EA-04725,30,Female,Suburban,70500,Bargains,Facebook Ad,Mobile,4.4,High,1,288.75,2,Self-Care Sena (Facebook One-Timers)
EA-01908,33,Female,Urban,61500,Bargains,Facebook Ad,Tablet,1.2,Medium,1,484.03,2,Self-Care Sena (Facebook One-Timers)
EA-00085,34,Female,Urban,56000,Bargains,Facebook Ad,Mobile,2.0,High,1,452.26,2,Self-Care Sena (Facebook One-Timers)
EA-00228,27,Female,Rural,38000,Bargains,Groupon,Mobile,5.5,Medium,4,497.32,0,Gayab Grahak (Groupon One-Timers)
EA-00297,39,Female,Suburban,91500,Anti-aging,Referral,Desktop,17.3,Medium,2,969.99,3,Hamesha 25 Club (Referral Regulars)
EA-01002,30,Female,Urban,38500,Bargains,Groupon,Mobile,1.7,High,1,493.28,0,Gayab Grahak (Groupon One-Timers)
EA-02139,47,Female,Suburban,66000,Wellness,Organic Search,Desktop,22.8,Medium,3,2425.07,1,Glow Ke Nawab (Organic VIPs)
EA-00712,55,Female,Urban,143500,Anti-aging,Organic Search,Desktop,6.9,Medium,2,1548.25,1,Glow Ke Nawab (Organic VIPs)
EA-02802,28,Male,Suburban,43500,Skincare,Groupon,Desktop,7.3,Medium,1,614.89,0,Gayab Grahak (Groupon One-Timers)
EA-02528,46,Female,Urban,59500,Skincare,Referral,Tablet,8.5,Medium,1,1062.87,3,Hamesha 25 Club (Referral Regulars)
EA-03753,19,Female,Suburban,39500,Bargains,Groupon,Tablet,3.9,Medium,1,601.24,0,Gayab Grahak (Groupon One-Timers)
EA-03322,36,Female,Suburban,44500,Bargains,Groupon,Mobile,1.9,High,1,248.79,0,Gayab Grahak (Groupon One-Timers)
EA-03182,35,Female,Rural,58000,Bargains,Facebook Ad,Mobile,4.8,Medium,1,272.87,2,Self-Care Sena (Facebook One-Timers)
EA-04184,27,Male,Urban,42500,Skincare,Groupon,Tablet,2.4,High,1,394.23,0,Gayab Grahak (Groupon One-Timers)
EA-01616,29,Female,Urban,32500,Bargains,Facebook Ad,Mobile,1.9,Medium,1,206.76,2,Self-Care Sena (Facebook One-Timers)
EA-03025,38,Female,Suburban,88500,Bargains,Facebook Ad,Mobile,5.2,High,3,475.71,3,Hamesha 25 Club (Referral Regulars)
EA-01414,50,Female,Urban,117500,Skincare,Referral,Mobile,2.0,High,1,309.02,3,Hamesha 25 Club (Referral Regulars)
EA-00764,26,Female,Urban,54000,Bargains,Facebook Ad,Mobile,3.1,High,1,345.97,2,Self-Care Sena (Facebook One-Timers)
EA-00656,30,Female,Urban,55500,Bargains,Facebook Ad,Tablet,5.3,High,1,349.93,2,Self-Care Sena (Facebook One-Timers)
EA-04798,35,Female,Urban,30500,Bargains,Groupon,Mobile,5.3,High,3,380.57,0,Gayab Grahak (Groupon One-Timers)
EA-03850,31,Female,Urban,62000,Skincare,Facebook Ad,Mobile,0.4,High,1,396.27,2,Self-Care Sena (Facebook One-Timers)
EA-04154,30,Female,Urban,66000,Skincare,Groupon,Desktop,6.5,Medium,1,660.37,0,Gayab Grahak (Groupon One-Timers)
EA-00469,29,Female,Suburban,64000,Bargains,Facebook Ad,Mobile,3.5,High,1,292.73,2,Self-Care Sena (Facebook One-Timers)
EA-00158,30,Female,Suburban,103000,Skincare,Organic Search,Tablet,23.3,Low,5,2423.75,1,Glow Ke Nawab (Organic VIPs)
EA-01296,33,Female,Rural,55500,Bargains,Facebook Ad,Mobile,6.8,High,1,545.07,2,Self-Care Sena (Facebook One-Timers)
EA-00498,27,Female,Urban,76500,Bargains,Groupon,Desktop,3.6,High,1,451.04,0,Gayab Grahak (Groupon One-Timers)
EA-04741,31,Female,Urban,56500,Bargains,Facebook Ad,Tablet,4.0,High,1,276.26,2,Self-Care Sena (Facebook One-Timers)
EA-02941,45,Female,Rural,67500,Skincare,Referral,Desktop,9.0,Low,2,1132.5,3,Hamesha 25 Club (Referral Regulars)
EA-03457,29,Female,Urban,47500,Skincare,Referral,Mobile,4.8,Low,1,1086.94,0,Gayab Grahak (Groupon One-Timers)
EA-00374,21,Female,Suburban,37500,Bargains,Facebook Ad,Mobile,4.8,Medium,1,395.86,2,Self-Care Sena (Facebook One-Timers)
EA-00080,35,Female,Rural,114000,Anti-aging,Organic Search,Mobile,8.2,Low,3,2195.5,1,Glow Ke Nawab (Organic VIPs)
EA-01554,28,Female,Rural,57000,Bargains,Facebook Ad,Mobile,3.5,High,1,150.0,2,Self-Care Sena (Facebook One-Timers)
EA-01670,41,Female,Rural,91000,Anti-aging,Organic Search,Desktop,12.0,Low,2,2500.0,1,Glow Ke Nawab (Organic VIPs)
EA-02132,42,Female,Urban,63500,Skincare,Organic Search,Mobile,8.7,Low,2,1333.25,3,Hamesha 25 Club (Referral Regulars)
EA-04440,29,Female,Urban,62500,Bargains,Facebook Ad,Mobile,5.4,High,1,162.55,2,Self-Care Sena (Facebook One-Timers)
EA-00466,43,Female,Suburban,124000,Anti-aging,Organic Search,Tablet,19.7,Low,3,1763.45,1,Glow Ke Nawab (Organic VIPs)
EA-00249,19,Female,Urban,45000,Bargains,Facebook Ad,Mobile,0.8,Medium,1,405.55,2,Self-Care Sena (Facebook One-Timers)
EA-00932,30,Female,Suburban,42500,Bargains,Facebook Ad,Mobile,2.1,High,1,290.96,2,Self-Care Sena (Facebook One-Timers)
EA-01336,56,Female,Urban,96000,Skincare,Organic Search,Tablet,22.1,Low,5,2500.0,1,Glow Ke Nawab (Organic VIPs)
EA-04525,63,Female,Suburban,113000,Wellness,Organic Search,Tablet,4.5,Medium,3,1718.67,1,Glow Ke Nawab (Organic VIPs)
EA-01339,44,Female,Urban,131500,Skincare,Organic Search,Mobile,19.2,Low,4,2048.46,1,Glow Ke Nawab (Organic VIPs)
EA-01407,58,Female,Suburban,72500,Bargains,Referral,Mobile,6.8,Medium,2,846.33,3,Hamesha 25 Club (Referral Regulars)
EA-01091,40,Female,Suburban,79000,Wellness,Facebook Ad,Mobile,2.1,High,1,313.12,2,Self-Care Sena (Facebook One-Timers)
EA-04210,19,Female,Urban,56500,Bargains,Facebook Ad,Mobile,4.0,High,1,438.8,2,Self-Care Sena (Facebook One-Timers)
EA-00743,54,Male,Urban,92500,Anti-aging,Organic Search,Mobile,16.4,Medium,5,2224.33,1,Glow Ke Nawab (Organic VIPs)
EA-02324,33,Female,Urban,45500,Skincare,Facebook Ad,Mobile,3.8,Medium,1,175.59,2,Self-Care Sena (Facebook One-Timers)
EA-03602,34,Female,Suburban,54000,Bargains,Facebook Ad,Tablet,1.9,High,1,281.08,2,Self-Care Sena (Facebook One-Timers)
EA-02124,33,Male,Rural,69500,Bargains,Facebook Ad,Mobile,3.1,High,1,474.42,2,Self-Care Sena (Facebook One-Timers)
EA-02095,51,Female,Suburban,88500,Skincare,Referral,Desktop,16.7,Medium,3,956.98,3,Hamesha 25 Club (Referral Regulars)
EA-00241,39,Female,Urban,88000,Anti-aging,Organic Search,Mobile,12.4,Low,5,2154.46,1,Glow Ke Nawab (Organic VIPs)
EA-02352,40,Female,Suburban,109500,Skincare,Organic Search,Mobile,19.0,Low,4,1756.84,1,Glow Ke Nawab (Organic VIPs)
EA-01371,38,Female,Urban,62000,Bargains,Facebook Ad,Desktop,3.2,High,1,349.72,2,Self-Care Sena (Facebook One-Timers)
EA-01058,21,Female,Suburban,44500,Anti-aging,Facebook Ad,Mobile,2.8,High,1,292.09,2,Self-Care Sena (Facebook One-Timers)
EA-04817,19,Female,Suburban,22000,Bargains,Facebook Ad,Mobile,1.4,Medium,1,512.56,2,Self-Care Sena (Facebook One-Timers)
EA-00200,33,Female,Rural,54500,Skincare,Facebook Ad,Mobile,3.4,High,1,749.34,2,Self-Care Sena (Facebook One-Timers)
EA-02281,28,Female,Urban,38500,Skincare,Groupon,Mobile,4.8,Medium,1,603.87,0,Gayab Grahak (Groupon One-Timers)
EA-04750,29,Female,Rural,38000,Bargains,Facebook Ad,Mobile,5.0,Medium,1,397.6,2,Self-Care Sena (Facebook One-Timers)
EA-02221,31,Female,Suburban,44000,Bargains,Facebook Ad,Mobile,1.5,High,1,150.0,2,Self-Care Sena (Facebook One-Timers)
EA-04772,31,Female,Urban,59500,Bargains,Facebook Ad,Mobile,3.4,High,1,515.47,2,Self-Care Sena (Facebook One-Timers)
EA-02820,38,Female,Suburban,80500,Wellness,Referral,Tablet,5.7,Medium,3,1115.55,3,Hamesha 25 Club (Referral Regulars)
EA-03151,21,Female,Urban,42500,Bargains,Facebook Ad,Mobile,3.5,High,1,334.84,2,Self-Care Sena (Facebook One-Timers)
EA-04257,26,Male,Urban,31000,Skincare,Facebook Ad,Mobile,3.6,High,3,373.17,2,Self-Care Sena (Facebook One-Timers)
EA-03108,33,Female,Rural,37500,Bargains,Groupon,Mobile,4.0,Medium,1,441.44,0,Gayab Grahak (Groupon One-Timers)
EA-01974,44,Female,Urban,71500,Skincare,Facebook Ad,Tablet,1.4,High,1,378.02,2,Self-Care Sena (Facebook One-Timers)
EA-01376,30,Male,Suburban,23000,Bargains,Facebook Ad,Mobile,4.3,High,1,306.8,2,Self-Care Sena (Facebook One-Timers)
EA-03969,27,Female,Suburban,45000,Bargains,Groupon,Mobile,5.4,Medium,1,357.85,0,Gayab Grahak (Groupon One-Timers)
EA-04063,20,Female,Suburban,47500,Bargains,Facebook Ad,Tablet,6.5,High,1,225.88,2,Self-Care Sena (Facebook One-Timers)
EA-04446,44,Female,Suburban,76500,Bargains,Groupon,Mobile,0.4,High,1,458.02,0,Gayab Grahak (Groupon One-Timers)
EA-03558,30,Female,Urban,90000,Skincare,Referral,Mobile,13.2,Medium,3,827.5,3,Hamesha 25 Club (Referral Regulars)
EA-00965,45,Female,Suburban,81500,Skincare,Referral,Desktop,9.9,Low,4,1189.97,3,Hamesha 25 Club (Referral Regulars)
EA-00180,35,Female,Urban,96500,Wellness,Organic Search,Desktop,22.9,Low,7,2159.21,1,Glow Ke Nawab (Organic VIPs)
EA-03699,33,Female,Urban,72500,Bargains,Facebook Ad,Mobile,2.5,High,1,283.38,2,Self-Care Sena (Facebook One-Timers)
EA-03822,38,Female,Suburban,25000,Bargains,Groupon,Mobile,2.2,High,1,329.03,0,Gayab Grahak (Groupon One-Timers)
EA-04879,34,Male,Suburban,32500,Bargains,Facebook Ad,Mobile,4.1,Medium,1,150.0,2,Self-Care Sena (Facebook One-Timers)
EA-03900,25,Female,Suburban,83500,Skincare,Facebook Ad,Mobile,5.2,High,1,150.0,2,Self-Care Sena (Facebook One-Timers)
EA-04488,24,Female,Suburban,43500,Skincare,Facebook Ad,Mobile,2.2,High,1,237.49,2,Self-Care Sena (Facebook One-Timers)
EA-03239,22,Female,Rural,31000,Bargains,Facebook Ad,Mobile,6.0,High,1,323.93,2,Self-Care Sena (Facebook One-Timers)
EA-02975,26,Female,Suburban,41000,Wellness,Groupon,Desktop,4.4,High,1,458.99,0,Gayab Grahak (Groupon One-Timers)
EA-03581,42,Female,Urban,134500,Skincare,Organic Search,Mobile,14.0,Low,3,2213.95,1,Glow Ke Nawab (Organic VIPs)
EA-02888,50,Female,Rural,81500,Wellness,Referral,Mobile,18.9,Medium,2,300.0,3,Hamesha 25 Club (Referral Regulars)
EA-02576,33,Female,Urban,68000,Skincare,Groupon,Tablet,1.4,Medium,1,404.15,0,Gayab Grahak (Groupon One-Timers)
EA-01420,39,Female,Urban,69500,Wellness,Referral,Desktop,5.7,Medium,3,927.75,3,Hamesha 25 Club (Referral Regulars)
EA-03908,40,Female,Urban,101500,Skincare,Organic Search,Mobile,16.5,Low,3,2087.21,1,Glow Ke Nawab (Organic VIPs)
EA-04674,37,Female,Rural,51500,Wellness,Facebook Ad,Mobile,4.9,High,1,273.77,2,Self-Care Sena (Facebook One-Timers)
EA-04903,26,Female,Suburban,46000,Bargains,Facebook Ad,Mobile,1.7,High,1,211.42,2,Self-Care Sena (Facebook One-Timers)
EA-01861,19,Male,Urban,62000,Bargains,Groupon,Desktop,3.8,Medium,1,446.99,0,Gayab Grahak (Groupon One-Timers)
EA-00009,32,Female,Suburban,70000,Anti-aging,Facebook Ad,Mobile,1.2,High,1,428.26,2,Self-Care Sena (Facebook One-Timers)
EA-02895,51,Female,Rural,55500,Anti-aging,Referral,Desktop,9.7,Medium,2,1071.4,3,Hamesha 25 Club (Referral Regulars)
EA-02848,19,Male,Urban,36000,Bargains,Facebook Ad,Mobile,4.4,Medium,1,395.56,2,Self-Care Sena (Facebook One-Timers)
EA-03665,34,Female,Suburban,78000,Bargains,Facebook Ad,Mobile,6.6,High,1,374.52,2,Self-Care Sena (Facebook One-Timers)
EA-00145,27,Male,Suburban,68000,Bargains,Groupon,Mobile,0.8,High,1,414.65,0,Gayab Grahak (Groupon One-Timers)
EA-02105,24,Female,Urban,55000,Bargains,Groupon,Mobile,4.4,High,1,319.28,0,Gayab Grahak (Groupon One-Timers)
EA-03144,29,Female,Suburban,78500,Bargains,Facebook Ad,Mobile,1.4,High,1,379.85,2,Self-Care Sena (Facebook One-Timers)
EA-00842,40,Female,Suburban,125000,Wellness,Organic Search,Mobile,8.4,Medium,1,1360.59,3,Hamesha 25 Club (Referral Regulars)
EA-01129,52,Female,Suburban,87000,Wellness,Organic Search,Desktop,25.7,Medium,5,1802.23,1,Glow Ke Nawab (Organic VIPs)
EA-00152,36,Female,Urban,58000,Skincare,Referral,Mobile,10.7,Low,1,1200.33,3,Hamesha 25 Club (Referral Regulars)
EA-03592,20,Female,Urban,28500,Bargains,Facebook Ad,Mobile,1.3,High,1,568.52,2,Self-Care Sena (Facebook One-Timers)
EA-01053,41,Female,Urban,42000,Bargains,Facebook Ad,Mobile,0.4,High,1,150.0,2,Self-Care Sena (Facebook One-Timers)
EA-01591,34,Female,Suburban,55000,Bargains,Facebook Ad,Mobile,7.7,High,1,417.01,2,Self-Care Sena (Facebook One-Timers)
EA-03009,25,Female,Suburban,37000,Bargains,Facebook Ad,Mobile,3.1,High,1,431.8,2,Self-Care Sena (Facebook One-Timers)
EA-02030,27,Female,Urban,64000,Skincare,Groupon,Mobile,4.7,Medium,1,351.98,0,Gayab Grahak (Groupon One-Timers)
EA-03419,20,Female,Urban,42000,Bargains,Facebook Ad,Mobile,3.5,Medium,3,182.16,2,Self-Care Sena (Facebook One-Timers)
EA-01808,21,Female,Urban,39500,Bargains,Groupon,Mobile,4.4,High,1,418.88,0,Gayab Grahak (Groupon One-Timers)
EA-02697,49,Male,Suburban,75500,Skincare,Organic Search,Mobile,23.7,Low,6,1561.4,1,Glow Ke Nawab (Organic VIPs)
EA-03040,22,Female,Urban,44500,Bargains,Groupon,Mobile,0.9,High,1,446.61,0,Gayab Grahak (Groupon One-Timers)
EA-00473,26,Female,Suburban,52000,Bargains,Facebook Ad,Mobile,0.4,High,1,479.83,2,Self-Care Sena (Facebook One-Timers)
EA-03290,38,Female,Rural,47500,Bargains,Groupon,Desktop,3.0,High,1,401.99,0,Gayab Grahak (Groupon One-Timers)
EA-04075,27,Female,Urban,55500,Wellness,Facebook Ad,Mobile,4.7,High,1,372.92,2,Self-Care Sena (Facebook One-Timers)
EA-03497,28,Female,Urban,141500,Wellness,Organic Search,Mobile,16.3,Low,4,2279.03,1,Glow Ke Nawab (Organic VIPs)
EA-00280,44,Male,Suburban,113000,Wellness,Organic Search,Mobile,12.5,Low,3,1137.27,1,Glow Ke Nawab (Organic VIPs)
EA-01742,31,Male,Suburban,82000,Bargains,Facebook Ad,Tablet,3.0,High,2,550.07,2,Self-Care Sena (Facebook One-Timers)
EA-04625,35,Female,Rural,65500,Bargains,Facebook Ad,Mobile,3.5,Low,1,577.67,2,Self-Care Sena (Facebook One-Timers)
EA-02887,27,Female,Suburban,68000,Bargains,Facebook Ad,Mobile,4.5,High,1,371.17,2,Self-Care Sena (Facebook One-Timers)
EA-01942,29,Female,Suburban,50500,Skincare,Groupon,Desktop,0.4,Medium,1,607.99,0,Gayab Grahak (Groupon One-Timers)
EA-00101,42,Female,Suburban,68500,Skincare,Referral,Mobile,7.6,Medium,2,936.08,3,Hamesha 25 Club (Referral Regulars)
EA-02805,36,Female,Urban,62500,Skincare,Facebook Ad,Mobile,5.4,Medium,1,260.41,2,Self-Care Sena (Facebook One-Timers)
EA-03571,30,Female,Urban,81000,Skincare,Organic Search,Tablet,3.5,Medium,1,1656.29,3,Hamesha 25 Club (Referral Regulars)
EA-03685,27,Female,Rural,46000,Bargains,Facebook Ad,Mobile,3.6,Low,1,335.89,2,Self-Care Sena (Facebook One-Timers)
EA-03662,48,Female,Rural,41500,Skincare,Referral,Mobile,8.2,Medium,1,734.89,3,Hamesha 25 Club (Referral Regulars)
EA-00531,50,Female,Urban,126000,Skincare,Organic Search,Desktop,18.1,High,6,1762.14,1,Glow Ke Nawab (Organic VIPs)
EA-01887,25,Female,Suburban,47000,Bargains,Facebook Ad,Mobile,1.4,Medium,1,382.1,2,Self-Care Sena (Facebook One-Timers)
EA-00682,37,Male,Urban,33000,Bargains,Facebook Ad,Tablet,2.0,Medium,1,440.89,2,Self-Care Sena (Facebook One-Timers)
EA-03795,34,Female,Urban,74000,Skincare,Groupon,Mobile,1.1,High,1,403.77,0,Gayab Grahak (Groupon One-Timers)
EA-03945,19,Female,Urban,52000,Bargains,Facebook Ad,Mobile,3.8,High,1,471.11,2,Self-Care Sena (Facebook One-Timers)
EA-04667,43,Male,Urban,127500,Skincare,Organic Search,Mobile,3.2,Medium,2,1843.66,1,Glow Ke Nawab (Organic VIPs)
EA-02019,21,Female,Suburban,55500,Bargains,Groupon,Mobile,2.0,High,1,396.38,0,Gayab Grahak (Groupon One-Timers)
EA-01097,29,Female,Urban,34500,Bargains,Facebook Ad,Desktop,2.7,High,1,612.1,2,Self-Care Sena (Facebook One-Timers)
EA-00830,28,Male,Suburban,63000,Skincare,Facebook Ad,Mobile,5.7,High,3,225.99,2,Self-Care Sena (Facebook One-Timers)
EA-02806,25,Female,Urban,51000,Bargains,Facebook Ad,Mobile,3.2,Medium,1,341.58,2,Self-Care Sena (Facebook One-Timers)
EA-03830,34,Female,Suburban,39500,Bargains,Groupon,Desktop,1.5,Medium,1,161.22,0,Gayab Grahak (Groupon One-Timers)
EA-04382,34,Male,Rural,56000,Bargains,Facebook Ad,Mobile,1.4,High,1,420.82,2,Self-Care Sena (Facebook One-Timers)
EA-03892,31,Female,Urban,124000,Wellness,Organic Search,Mobile,9.9,Low,3,2462.04,1,Glow Ke Nawab (Organic VIPs)
EA-00765,30,Female,Urban,80000,Anti-aging,Referral,Mobile,11.7,Medium,2,925.22,3,Hamesha 25 Club (Referral Regulars)
EA-02768,32,Female,Urban,78500,Anti-aging,Organic Search,Desktop,7.4,Low,2,1925.85,3,Hamesha 25 Club (Referral Regulars)
EA-04329,39,Female,Suburban,96500,Skincare,Organic Search,Mobile,29.8,Low,4,2500.0,1,Glow Ke Nawab (Organic VIPs)
EA-03296,49,Female,Urban,105000,Bargains,Referral,Tablet,5.6,Medium,1,1007.52,3,Hamesha 25 Club (Referral Regulars)
EA-02195,19,Female,Suburban,53500,Wellness,Groupon,Mobile,6.2,High,1,489.89,0,Gayab Grahak (Groupon One-Timers)
EA-02358,39,Female,Urban,52000,Bargains,Groupon,Mobile,0.4,High,1,331.59,0,Gayab Grahak (Groupon One-Timers)
EA-03426,28,Male,Urban,58000,Anti-aging,Groupon,Mobile,0.6,High,3,366.25,0,Gayab Grahak (Groupon One-Timers)
EA-03980,38,Female,Suburban,91000,Anti-aging,Organic Search,Desktop,12.5,Low,4,2079.88,1,Glow Ke Nawab (Organic VIPs)
EA-00912,47,Female,Suburban,130000,Anti-aging,Organic Search,Mobile,13.7,Medium,2,2500.0,1,Glow Ke Nawab (Organic VIPs)
EA-03146,25,Female,Urban,50500,Skincare,Groupon,Mobile,2.3,High,1,346.19,0,Gayab Grahak (Groupon One-Timers)
EA-01000,31,Female,Urban,37500,Bargains,Facebook Ad,Mobile,0.4,High,1,517.68,2,Self-Care Sena (Facebook One-Timers)
EA-03654,25,Female,Rural,45000,Wellness,Facebook Ad,Mobile,1.0,High,1,370.64,2,Self-Care Sena (Facebook One-Timers)
EA-02484,44,Female,Rural,49500,Skincare,Facebook Ad,Mobile,5.4,High,1,275.13,2,Self-Care Sena (Facebook One-Timers)
EA-04077,26,Female,Urban,60500,Bargains,Groupon,Mobile,4.1,High,1,324.51,0,Gayab Grahak (Groupon One-Timers)
EA-02371,30,Female,Urban,26000,Skincare,Groupon,Mobile,5.4,High,3,362.91,0,Gayab Grahak (Groupon One-Timers)
EA-04839,37,Female,Suburban,41000,Bargains,Facebook Ad,Mobile,4.3,High,1,150.0,2,Self-Care Sena (Facebook One-Timers)
EA-00034,34,Male,Suburban,80000,Bargains,Facebook Ad,Mobile,2.5,High,1,201.63,2,Self-Care Sena (Facebook One-Timers)
EA-03790,30,Female,Urban,68500,Wellness,Organic Search,Tablet,16.3,Medium,4,2010.7,1,Glow Ke Nawab (Organic VIPs)
EA-01021,56,Female,Urban,101500,Wellness,Referral,Desktop,6.1,Medium,3,928.68,3,Hamesha 25 Club (Referral Regulars)
EA-01648,53,Female,Suburban,118000,Skincare,Organic Search,Desktop,15.5,Low,5,2344.71,1,Glow Ke Nawab (Organic VIPs)
EA-00734,26,Male,Suburban,42000,Bargains,Facebook Ad,Tablet,3.9,High,1,349.82,2,Self-Care Sena (Facebook One-Timers)
EA-04583,37,Female,Suburban,87000,Anti-aging,Organic Search,Tablet,17.0,Low,4,1969.84,1,Glow Ke Nawab (Organic VIPs)
EA-03275,42,Female,Urban,62500,Skincare,Organic Search,Desktop,18.8,Low,3,2073.05,1,Glow Ke Nawab (Organic VIPs)
EA-01621,33,Male,Suburban,74000,Bargains,Facebook Ad,Mobile,4.3,High,1,384.89,2,Self-Care Sena (Facebook One-Timers)
EA-03136,32,Female,Urban,77000,Anti-aging,Organic Search,Desktop,17.2,Low,5,1910.1,1,Glow Ke Nawab (Organic VIPs)
EA-02690,28,Female,Urban,54500,Skincare,Groupon,Mobile,1.8,High,1,150.0,0,Gayab Grahak (Groupon One-Timers)
EA-02708,35,Female,Suburban,59500,Bargains,Facebook Ad,Mobile,1.6,High,1,345.25,2,Self-Care Sena (Facebook One-Timers)
EA-00298,44,Female,Suburban,66000,Anti-aging,Organic Search,Mobile,18.6,Low,5,2014.01,1,Glow Ke Nawab (Organic VIPs)
EA-02340,29,Female,Urban,69500,Skincare,Facebook Ad,Tablet,3.4,Medium,1,188.23,2,Self-Care Sena (Facebook One-Timers)
EA-00654,25,Female,Suburban,82500,Bargains,Facebook Ad,Mobile,2.5,High,1,362.43,2,Self-Care Sena (Facebook One-Timers)
EA-03775,39,Non-binary,Suburban,87500,Wellness,Organic Search,Mobile,13.2,Medium,5,1385.5,1,Glow Ke Nawab (Organic VIPs)
EA-01256,50,Female,Rural,102500,Anti-aging,Organic Search,Desktop,3.5,Low,3,1819.33,1,Glow Ke Nawab (Organic VIPs)
EA-04521,32,Female,Suburban,73000,Bargains,Facebook Ad,Mobile,1.7,High,1,201.23,2,Self-Care Sena (Facebook One-Timers)
EA-00231,29,Female,Urban,66000,Bargains,Facebook Ad,Mobile,2.7,High,1,343.84,2,Self-Care Sena (Facebook One-Timers)
EA-03277,31,Female,Suburban,60500,Skincare,Groupon,Mobile,3.0,High,3,345.03,0,Gayab Grahak (Groupon One-Timers)
EA-03231,27,Female,Urban,47000,Bargains,Groupon,Mobile,1.9,High,1,597.25,0,Gayab Grahak (Groupon One-Timers)
EA-00692,38,Female,Suburban,94000,Wellness,Referral,Desktop,20.0,Low,3,866.07,3,Hamesha 25 Club (Referral Regulars)
EA-02755,50,Female,Urban,107500,Wellness,Organic Search,Mobile,17.2,Low,4,1465.28,1,Glow Ke Nawab (Organic VIPs)
EA-04864,43,Female,Urban,129000,Skincare,Organic Search,Desktop,20.7,High,6,2259.99,1,Glow Ke Nawab (Organic VIPs)
EA-00970,22,Female,Urban,59000,Bargains,Facebook Ad,Mobile,6.4,High,1,193.85,2,Self-Care Sena (Facebook One-Timers)
EA-00634,24,Female,Urban,40000,Bargains,Facebook Ad,Mobile,3.1,High,1,295.54,2,Self-Care Sena (Facebook One-Timers)
EA-04093,36,Male,Urban,112500,Wellness,Organic Search,Desktop,15.5,Low,5,2165.15,1,Glow Ke Nawab (Organic VIPs)
EA-04078,21,Female,Suburban,63500,Bargains,Groupon,Mobile,2.1,High,1,207.71,0,Gayab Grahak (Groupon One-Timers)
EA-01322,19,Male,Rural,71000,Bargains,Groupon,Mobile,4.3,High,1,403.77,0,Gayab Grahak (Groupon One-Timers)
EA-01832,67,Female,Urban,110500,Bargains,Referral,Desktop,3.2,Medium,2,1027.21,3,Hamesha 25 Club (Referral Regulars)
EA-02179,31,Female,Urban,83000,Bargains,Facebook Ad,Mobile,3.0,High,1,319.18,2,Self-Care Sena (Facebook One-Timers)
EA-01418,33,Female,Suburban,45000,Anti-aging,Groupon,Mobile,3.9,High,1,150.0,0,Gayab Grahak (Groupon One-Timers)
EA-01783,26,Female,Urban,47000,Bargains,Facebook Ad,Tablet,5.9,High,1,401.62,2,Self-Care Sena (Facebook One-Timers)
EA-04716,20,Female,Urban,58000,Bargains,Facebook Ad,Mobile,4.2,Medium,2,575.87,2,Self-Care Sena (Facebook One-Timers)
EA-04702,38,Female,Suburban,65000,Bargains,Groupon,Mobile,4.7,High,1,294.28,0,Gayab Grahak (Groupon One-Timers)
EA-04119,19,Male,Suburban,29500,Bargains,Facebook Ad,Mobile,6.4,High,3,221.26,2,Self-Care Sena (Facebook One-Timers)
EA-01653,35,Male,Suburban,55000,Skincare,Facebook Ad,Desktop,6.3,High,1,379.67,2,Self-Care Sena (Facebook One-Timers)
EA-01484,30,Female,Urban,46500,Skincare,Facebook Ad,Mobile,2.0,High,1,342.57,2,Self-Care Sena (Facebook One-Timers)
EA-02276,37,Female,Suburban,65500,Bargains,Facebook Ad,Mobile,5.5,High,1,317.68,2,Self-Care Sena (Facebook One-Timers)
EA-00878,38,Male,Rural,67000,Skincare,Facebook Ad,Tablet,1.3,High,1,419.43,2,Self-Care Sena (Facebook One-Timers)
EA-03526,39,Female,Urban,55000,Bargains,Groupon,Desktop,7.4,High,1,150.0,0,Gayab Grahak (Groupon One-Timers)
EA-02017,28,Female,Suburban,33000,Skincare,Facebook Ad,Mobile,4.4,Medium,1,282.99,2,Self-Care Sena (Facebook One-Timers)
EA-00427,29,Female,Suburban,57500,Bargains,Facebook Ad,Mobile,8.8,High,1,522.74,2,Self-Care Sena (Facebook One-Timers)
EA-00627,49,Female,Urban,86500,Wellness,Organic Search,Mobile,7.4,Medium,2,1172.32,3,Hamesha 25 Club (Referral Regulars)
EA-01590,31,Female,Urban,60500,Bargains,Facebook Ad,Mobile,5.5,Medium,1,485.66,2,Self-Care Sena (Facebook One-Timers)
EA-02224,47,Female,Rural,56500,Wellness,Facebook Ad,Mobile,4.6,Medium,2,394.59,3,Hamesha 25 Club (Referral Regulars)
EA-02218,42,Female,Rural,138500,Anti-aging,Referral,Mobile,17.9,Low,1,448.11,3,Hamesha 25 Club (Referral Regulars)
EA-04484,33,Female,Urban,53000,Bargains,Facebook Ad,Mobile,3.0,Medium,1,372.03,2,Self-Care Sena (Facebook One-Timers)
EA-01486,39,Female,Urban,79500,Bargains,Facebook Ad,Mobile,1.4,High,1,403.38,2,Self-Care Sena (Facebook One-Timers)
EA-01740,44,Female,Suburban,117000,Skincare,Organic Search,Mobile,6.0,Low,3,1744.09,1,Glow Ke Nawab (Organic VIPs)
EA-02481,30,Female,Urban,49000,Skincare,Groupon,Mobile,4.2,Medium,1,487.78,0,Gayab Grahak (Groupon One-Timers)
EA-02585,23,Female,Urban,72000,Anti-aging,Facebook Ad,Mobile,6.8,High,1,287.61,2,Self-Care Sena (Facebook One-Timers)
EA-02894,42,Female,Suburban,60000,Bargains,Groupon,Mobile,6.3,High,1,257.06,0,Gayab Grahak (Groupon One-Timers)
EA-00150,25,Male,Suburban,65000,Skincare,Facebook Ad,Tablet,3.2,High,1,212.18,2,Self-Care Sena (Facebook One-Timers)
EA-00677,45,Female,Rural,89000,Wellness,Referral,Mobile,4.9,Medium,2,524.6,3,Hamesha 25 Club (Referral Regulars)
EA-01262,39,Male,Urban,55500,Bargains,Facebook Ad,Mobile,4.6,High,1,256.3,2,Self-Care Sena (Facebook One-Timers)
EA-04918,46,Female,Urban,77500,Anti-aging,Organic Search,Mobile,13.6,Low,4,1695.53,1,Glow Ke Nawab (Organic VIPs)
EA-00013,33,Female,Urban,41000,Wellness,Groupon,Mobile,2.4,High,1,342.67,0,Gayab Grahak (Groupon One-Timers)
EA-01834,31,Female,Urban,44500,Wellness,Facebook Ad,Mobile,3.1,High,1,362.37,2,Self-Care Sena (Facebook One-Timers)
EA-03249,42,Female,Suburban,136000,Anti-aging,Organic Search,Desktop,13.0,Low,5,1851.5,1,Glow Ke Nawab (Organic VIPs)
EA-01492,42,Non-binary,Urban,74500,Wellness,Organic Search,Mobile,7.7,Low,1,2500.0,1,Glow Ke Nawab (Organic VIPs)
EA-02728,23,Non-binary,Urban,59500,Bargains,Facebook Ad,Mobile,3.1,High,1,391.55,2,Self-Care Sena (Facebook One-Timers)
EA-03687,30,Female,Suburban,73000,Bargains,Facebook Ad,Mobile,0.4,High,1,543.57,2,Self-Care Sena (Facebook One-Timers)
EA-01425,33,Female,Suburban,87500,Bargains,Facebook Ad,Mobile,1.9,High,1,409.33,2,Self-Care Sena (Facebook One-Timers)
EA-04606,22,Female,Suburban,36000,Bargains,Facebook Ad,Mobile,5.7,High,1,311.68,2,Self-Care Sena (Facebook One-Timers)
EA-04596,48,Female,Suburban,90500,Anti-aging,Referral,Tablet,11.0,Medium,1,735.58,3,Hamesha 25 Club (Referral Regulars)
EA-00732,33,Female,Suburban,102500,Bargains,Facebook Ad,Mobile,9.5,Medium,1,272.29,3,Hamesha 25 Club (Referral Regulars)
EA-01232,33,Female,Urban,50500,Bargains,Groupon,Mobile,0.7,High,1,553.92,0,Gayab Grahak (Groupon One-Timers)
EA-01635,26,Female,Urban,67500,Anti-aging,Referral,Mobile,6.1,High,2,396.71,0,Gayab Grahak (Groupon One-Timers)
EA-03937,33,Female,Suburban,55500,Bargains,Facebook Ad,Mobile,5.4,High,1,150.0,2,Self-Care Sena (Facebook One-Timers)
EA-01211,43,Female,Suburban,89500,Wellness,Organic Search,Mobile,25.5,Low,6,1575.03,1,Glow Ke Nawab (Organic VIPs)
EA-03269,39,Female,Urban,133500,Anti-aging,Referral,Mobile,8.8,Medium,3,567.73,3,Hamesha 25 Club (Referral Regulars)
EA-01935,52,Female,Urban,92000,Anti-aging,Organic Search,Desktop,14.1,Low,2,2329.05,1,Glow Ke Nawab (Organic VIPs)
EA-00554,28,Female,Suburban,81500,Skincare,Referral,Mobile,1.0,High,1,903.41,0,Gayab Grahak (Groupon One-Timers)
EA-00492,22,Female,Suburban,51500,Bargains,Groupon,Mobile,0.4,High,1,257.72,0,Gayab Grahak (Groupon One-Timers)
EA-02963,27,Female,Rural,36000,Bargains,Facebook Ad,Mobile,0.4,High,1,486.69,2,Self-Care Sena (Facebook One-Timers)
EA-02330,22,Female,Urban,70500,Bargains,Groupon,Mobile,2.4,High,1,383.91,0,Gayab Grahak (Groupon One-Timers)
EA-02196,42,Female,Urban,99500,Wellness,Organic Search,Mobile,18.8,Medium,6,2189.48,1,Glow Ke Nawab (Organic VIPs)
EA-03065,30,Female,Rural,76000,Bargains,Facebook Ad,Mobile,3.2,High,1,231.0,2,Self-Care Sena (Facebook One-Timers)
EA-00658,34,Female,Urban,51500,Bargains,Facebook Ad,Mobile,4.3,High,3,469.64,2,Self-Care Sena (Facebook One-Timers)
EA-02375,38,Female,Urban,46500,Skincare,Facebook Ad,Desktop,3.9,High,1,282.24,2,Self-Care Sena (Facebook One-Timers)
EA-02226,29,Female,Rural,35000,Bargains,Facebook Ad,Mobile,3.2,High,1,339.81,2,Self-Care Sena (Facebook One-Timers)
EA-04265,35,Female,Rural,173500,Skincare,Organic Search,Mobile,15.1,Low,3,1197.62,1,Glow Ke Nawab (Organic VIPs)
EA-01171,19,Female,Suburban,47500,Bargains,Facebook Ad,Mobile,3.0,High,1,335.57,2,Self-Care Sena (Facebook One-Timers)
EA-00133,31,Female,Urban,51000,Bargains,Groupon,Mobile,3.6,High,1,380.29,0,Gayab Grahak (Groupon One-Timers)
EA-00472,19,Female,Urban,79000,Bargains,Groupon,Mobile,1.0,High,1,475.1,0,Gayab Grahak (Groupon One-Timers)
EA-03226,51,Male,Suburban,113500,Anti-aging,Organic Search,Mobile,2.0,Medium,3,1966.74,1,Glow Ke Nawab (Organic VIPs)
EA-01406,30,Female,Rural,56500,Skincare,Facebook Ad,Mobile,2.0,High,1,480.76,2,Self-Care Sena (Facebook One-Timers)
EA-02877,29,Female,Rural,48500,Skincare,Facebook Ad,Mobile,9.1,High,1,347.45,2,Self-Care Sena (Facebook One-Timers)
EA-04505,30,Female,Urban,23000,Wellness,Facebook Ad,Mobile,0.4,High,1,687.13,2,Self-Care Sena (Facebook One-Timers)
EA-04693,43,Female,Urban,91500,Skincare,Organic Search,Mobile,12.1,Medium,3,1607.66,1,Glow Ke Nawab (Organic VIPs)
EA-02827,25,Female,Suburban,41000,Wellness,Groupon,Mobile,4.7,Medium,1,296.68,0,Gayab Grahak (Groupon One-Timers)
EA-00288,26,Female,Urban,60500,Bargains,Facebook Ad,Mobile,1.5,High,1,552.44,2,Self-Care Sena (Facebook One-Timers)
EA-01870,40,Female,Rural,54500,Anti-aging,Organic Search,Tablet,18.8,Low,3,1798.28,1,Glow Ke Nawab (Organic VIPs)
EA-03115,30,Female,Suburban,94500,Bargains,Groupon,Mobile,2.5,High,1,321.93,0,Gayab Grahak (Groupon One-Timers)
EA-03626,30,Female,Urban,30500,Bargains,Groupon,Tablet,2.0,High,3,349.59,0,Gayab Grahak (Groupon One-Timers)
EA-02313,22,Female,Urban,91500,Bargains,Facebook Ad,Mobile,0.5,High,1,369.47,2,Self-Care Sena (Facebook One-Timers)
EA-04924,40,Female,Urban,121000,Anti-aging,Organic Search,Desktop,2.8,Low,1,1985.95,3,Hamesha 25 Club (Referral Regulars)
EA-01619,43,Male,Urban,40000,Skincare,Referral,Mobile,11.0,Medium,2,822.67,3,Hamesha 25 Club (Referral Regulars)
EA-00995,47,Female,Urban,73000,Wellness,Referral,Desktop,8.4,Medium,2,461.14,3,Hamesha 25 Club (Referral Regulars)
EA-01804,42,Female,Urban,126500,Anti-aging,Organic Search,Desktop,19.9,Low,2,2348.05,1,Glow Ke Nawab (Organic VIPs)
EA-02643,31,Male,Suburban,66000,Bargains,Groupon,Mobile,7.0,High,1,224.43,0,Gayab Grahak (Groupon One-Timers)
EA-04803,34,Female,Urban,34000,Bargains,Facebook Ad,Mobile,5.5,High,1,289.59,2,Self-Care Sena (Facebook One-Timers)
EA-03536,46,Female,Urban,85000,Wellness,Organic Search,Desktop,16.7,Medium,5,2000.57,1,Glow Ke Nawab (Organic VIPs)
EA-04832,32,Female,Urban,56000,Bargains,Facebook Ad,Tablet,2.8,High,1,374.49,2,Self-Care Sena (Facebook One-Timers)
EA-03912,31,Female,Urban,89000,Skincare,Groupon,Mobile,5.2,High,1,281.92,0,Gayab Grahak (Groupon One-Timers)
EA-02108,42,Female,Suburban,96000,Skincare,Referral,Mobile,14.3,High,3,1117.65,3,Hamesha 25 Club (Referral Regulars)
EA-03045,36,Female,Urban,102000,Anti-aging,Organic Search,Mobile,13.1,Low,5,2359.75,1,Glow Ke Nawab (Organic VIPs)
EA-00417,31,Female,Suburban,48000,Bargains,Facebook Ad,Mobile,4.0,Medium,1,502.99,2,Self-Care Sena (Facebook One-Timers)
EA-00978,27,Female,Urban,47000,Skincare,Facebook Ad,Mobile,3.9,High,1,202.6,2,Self-Care Sena (Facebook One-Timers)
EA-02418,31,Female,Suburban,38000,Skincare,Groupon,Mobile,0.4,High,1,378.55,0,Gayab Grahak (Groupon One-Timers)
EA-00506,52,Female,Suburban,113000,Wellness,Organic Search,Desktop,13.6,Medium,5,1625.32,1,Glow Ke Nawab (Organic VIPs)
EA-04153,27,Female,Suburban,59500,Bargains,Groupon,Mobile,2.9,High,1,158.49,0,Gayab Grahak (Groupon One-Timers)
EA-04256,36,Male,Suburban,58000,Skincare,Facebook Ad,Desktop,5.4,High,1,271.76,2,Self-Care Sena (Facebook One-Timers)
EA-03942,38,Female,Urban,80500,Bargains,Facebook Ad,Mobile,0.4,High,1,398.4,2,Self-Care Sena (Facebook One-Timers)
EA-00415,37,Male,Suburban,72500,Anti-aging,Facebook Ad,Mobile,0.8,High,1,375.72,2,Self-Care Sena (Facebook One-Timers)
EA-04149,43,Female,Urban,75000,Skincare,Groupon,Desktop,1.3,Low,1,245.29,0,Gayab Grahak (Groupon One-Timers)
EA-01184,34,Male,Urban,78000,Skincare,Facebook Ad,Mobile,2.8,Medium,1,350.42,2,Self-Care Sena (Facebook One-Timers)
EA-00486,32,Female,Suburban,54500,Bargains,Groupon,Mobile,5.0,High,1,200.99,0,Gayab Grahak (Groupon One-Timers)
EA-00894,38,Female,Urban,36000,Skincare,Facebook Ad,Mobile,3.3,High,1,288.16,2,Self-Care Sena (Facebook One-Timers)
EA-00806,21,Female,Suburban,45500,Skincare,Facebook Ad,Mobile,5.0,High,1,405.96,2,Self-Care Sena (Facebook One-Timers)
EA-00556,29,Female,Rural,63000,Bargains,Facebook Ad,Desktop,3.4,High,1,150.0,2,Self-Care Sena (Facebook One-Timers)
EA-03826,27,Female,Urban,37000,Wellness,Groupon,Mobile,5.3,High,1,333.81,0,Gayab Grahak (Groupon One-Timers)
EA-01198,48,Female,Urban,110500,Skincare,Organic Search,Desktop,22.0,Medium,5,1779.56,1,Glow Ke Nawab (Organic VIPs)
EA-04254,25,Female,Suburban,77500,Bargains,Groupon,Mobile,2.8,High,1,263.62,0,Gayab Grahak (Groupon One-Timers)
EA-04059,26,Female,Rural,43500,Bargains,Facebook Ad,Mobile,1.8,High,3,157.13,2,Self-Care Sena (Facebook One-Timers)
EA-01294,27,Female,Urban,48500,Bargains,Facebook Ad,Tablet,0.9,High,1,418.51,2,Self-Care Sena (Facebook One-Timers)
EA-02222,27,Female,Rural,49000,Bargains,Groupon,Mobile,3.4,High,1,461.11,0,Gayab Grahak (Groupon One-Timers)
EA-03505,52,Female,Suburban,111000,Anti-aging,Organic Search,Mobile,17.1,Low,4,1614.73,1,Glow Ke Nawab (Organic VIPs)
EA-03655,39,Female,Rural,27000,Bargains,Facebook Ad,Mobile,0.9,High,1,465.92,2,Self-Care Sena (Facebook One-Timers)
EA-04759,27,Female,Rural,49500,Bargains,Facebook Ad,Mobile,2.9,High,1,564.16,2,Self-Care Sena (Facebook One-Timers)
EA-03007,29,Female,Rural,69500,Bargains,Groupon,Mobile,4.2,High,1,399.61,0,Gayab Grahak (Groupon One-Timers)
EA-02094,27,Female,Suburban,26000,Bargains,Facebook Ad,Mobile,3.2,High,1,151.31,2,Self-Care Sena (Facebook One-Timers)
EA-02188,25,Female,Suburban,50000,Bargains,Groupon,Mobile,4.8,High,1,286.63,0,Gayab Grahak (Groupon One-Timers)
EA-03037,45,Female,Urban,52000,Skincare,Groupon,Tablet,4.4,High,1,189.19,0,Gayab Grahak (Groupon One-Timers)
EA-03919,55,Female,Suburban,100000,Wellness,Organic Search,Mobile,16.3,High,3,2271.89,1,Glow Ke Nawab (Organic VIPs)
EA-01273,28,Female,Urban,59500,Bargains,Facebook Ad,Mobile,1.7,High,3,414.24,2,Self-Care Sena (Facebook One-Timers)
EA-00291,47,Female,Suburban,101000,Wellness,Organic Search,Desktop,27.3,Low,5,1795.47,1,Glow Ke Nawab (Organic VIPs)
EA-04828,19,Female,Rural,54000,Skincare,Groupon,Mobile,5.1,Medium,2,507.25,0,Gayab Grahak (Groupon One-Timers)
EA-00253,30,Female,Urban,40500,Skincare,Groupon,Mobile,0.4,High,1,278.24,0,Gayab Grahak (Groupon One-Timers)
EA-03246,35,Female,Urban,36500,Bargains,Groupon,Mobile,6.9,Medium,1,150.0,0,Gayab Grahak (Groupon One-Timers)
EA-00351,36,Female,Urban,73000,Skincare,Groupon,Mobile,7.2,High,1,295.23,0,Gayab Grahak (Groupon One-Timers)
EA-01188,37,Female,Rural,70500,Skincare,Referral,Desktop,3.4,Medium,1,490.57,3,Hamesha 25 Club (Referral Regulars)
EA-01962,19,Female,Rural,45000,Bargains,Groupon,Mobile,0.4,High,1,407.84,0,Gayab Grahak (Groupon One-Timers)
EA-00423,30,Female,Urban,69000,Bargains,Facebook Ad,Mobile,3.4,Medium,1,258.16,2,Self-Care Sena (Facebook One-Timers)
EA-00091,26,Female,Suburban,51000,Bargains,Facebook Ad,Tablet,5.5,High,1,403.77,2,Self-Care Sena (Facebook One-Timers)
EA-03730,49,Female,Suburban,92000,Anti-aging,Organic Search,Mobile,3.8,Medium,3,2073.0,1,Glow Ke Nawab (Organic VIPs)
EA-02237,31,Male,Urban,56500,Wellness,Facebook Ad,Mobile,4.2,Medium,1,601.52,2,Self-Care Sena (Facebook One-Timers)
EA-00671,28,Female,Urban,56000,Skincare,Facebook Ad,Mobile,3.4,High,1,270.32,2,Self-Care Sena (Facebook One-Timers)
EA-03041,40,Female,Urban,79000,Bargains,Facebook Ad,Mobile,3.2,Medium,1,272.97,2,Self-Care Sena (Facebook One-Timers)
EA-00027,23,Female,Urban,73500,Bargains,Groupon,Mobile,3.3,High,1,427.83,0,Gayab Grahak (Groupon One-Timers)
EA-00430,49,Female,Suburban,51500,Skincare,Organic Search,Mobile,7.6,Low,3,1733.05,1,Glow Ke Nawab (Organic VIPs)
EA-00684,39,Female,Suburban,64500,Bargains,Groupon,Mobile,2.3,High,1,335.3,0,Gayab Grahak (Groupon One-Timers)
EA-04464,28,Female,Urban,83500,Bargains,Referral,Desktop,11.3,Medium,1,512.7,3,Hamesha 25 Club (Referral Regulars)
EA-03946,58,Female,Suburban,162500,Wellness,Organic Search,Desktop,10.5,Low,3,1979.53,1,Glow Ke Nawab (Organic VIPs)
EA-03524,27,Female,Suburban,64500,Bargains,Facebook Ad,Desktop,0.9,High,1,382.43,2,Self-Care Sena (Facebook One-Timers)
EA-01542,38,Female,Suburban,82000,Bargains,Facebook Ad,Mobile,4.1,Medium,1,272.76,2,Self-Care Sena (Facebook One-Timers)
EA-02032,36,Female,Urban,87000,Skincare,Groupon,Mobile,4.1,High,1,150.0,0,Gayab Grahak (Groupon One-Timers)
EA-02233,39,Female,Suburban,68500,Wellness,Facebook Ad,Desktop,3.6,Medium,1,270.19,2,Self-Care Sena (Facebook One-Timers)
EA-04121,25,Female,Suburban,47500,Anti-aging,Referral,Mobile,2.7,High,2,518.44,0,Gayab Grahak (Groupon One-Timers)
EA-03236,35,Female,Urban,87500,Wellness,Facebook Ad,Mobile,1.0,Medium,1,573.46,2,Self-Care Sena (Facebook One-Timers)
EA-00255,32,Female,Suburban,43500,Wellness,Facebook Ad,Mobile,1.0,Medium,1,198.01,2,Self-Care Sena (Facebook One-Timers)
EA-01030,41,Female,Suburban,45500,Bargains,Facebook Ad,Mobile,0.4,High,3,412.19,2,Self-Care Sena (Facebook One-Timers)
EA-04393,36,Female,Suburban,42000,Bargains,Groupon,Tablet,1.4,High,1,199.82,0,Gayab Grahak (Groupon One-Timers)
EA-03801,33,Male,Urban,62000,Bargains,Facebook Ad,Mobile,5.0,High,1,359.68,2,Self-Care Sena (Facebook One-Timers)
EA-04311,36,Female,Urban,69000,Bargains,Groupon,Mobile,0.6,Medium,1,353.52,0,Gayab Grahak (Groupon One-Timers)
EA-02510,29,Female,Urban,59000,Bargains,Groupon,Desktop,4.0,Medium,1,298.33,0,Gayab Grahak (Groupon One-Timers)
EA-02293,40,Male,Urban,44500,Bargains,Groupon,Mobile,0.4,High,1,491.57,0,Gayab Grahak (Groupon One-Timers)
EA-01324,47,Female,Suburban,119500,Skincare,Organic Search,Mobile,11.4,Medium,2,1815.45,1,Glow Ke Nawab (Organic VIPs)
EA-01551,32,Female,Urban,89000,Bargains,Facebook Ad,Mobile,1.8,High,1,344.98,2,Self-Care Sena (Facebook One-Timers)
EA-04648,26,Female,Suburban,51000,Bargains,Facebook Ad,Mobile,6.4,Medium,1,287.46,2,Self-Care Sena (Facebook One-Timers)
EA-00316,25,Female,Suburban,49000,Skincare,Facebook Ad,Mobile,4.3,Medium,2,559.02,2,Self-Care Sena (Facebook One-Timers)
EA-01243,27,Female,Rural,42500,Bargains,Facebook Ad,Mobile,0.4,High,1,253.19,2,Self-Care Sena (Facebook One-Timers)
EA-02451,52,Female,Urban,101000,Skincare,Organic Search,Mobile,19.3,High,4,1605.94,1,Glow Ke Nawab (Organic VIPs)
EA-01579,50,Female,Rural,69000,Skincare,Referral,Desktop,9.8,High,1,1098.57,3,Hamesha 25 Club (Referral Regulars)
EA-04626,29,Female,Suburban,22500,Bargains,Groupon,Mobile,2.6,High,1,610.25,0,Gayab Grahak (Groupon One-Timers)
EA-03117,45,Female,Suburban,40000,Bargains,Facebook Ad,Mobile,1.6,High,1,157.29,2,Self-Care Sena (Facebook One-Timers)
EA-00070,28,Female,Suburban,63500,Anti-aging,Groupon,Mobile,4.6,High,1,448.19,0,Gayab Grahak (Groupon One-Timers)
EA-00860,26,Male,Urban,41000,Bargains,Groupon,Mobile,2.3,High,1,313.99,0,Gayab Grahak (Groupon One-Timers)
EA-02754,22,Male,Urban,48000,Anti-aging,Facebook Ad,Mobile,2.9,High,1,466.2,2,Self-Care Sena (Facebook One-Timers)
EA-01633,34,Female,Suburban,47500,Skincare,Groupon,Mobile,2.0,Medium,3,615.79,0,Gayab Grahak (Groupon One-Timers)
EA-01651,51,Female,Urban,51000,Bargains,Facebook Ad,Mobile,2.6,High,1,314.17,2,Self-Care Sena (Facebook One-Timers)
EA-03861,29,Female,Suburban,71500,Bargains,Groupon,Mobile,7.3,High,1,439.17,0,Gayab Grahak (Groupon One-Timers)
EA-03107,25,Female,Suburban,47000,Bargains,Facebook Ad,Mobile,4.2,High,1,425.71,2,Self-Care Sena (Facebook One-Timers)
EA-01075,42,Male,Rural,88000,Wellness,Organic Search,Desktop,21.4,Low,4,2500.0,1,Glow Ke Nawab (Organic VIPs)
EA-04002,19,Female,Suburban,45000,Bargains,Facebook Ad,Mobile,2.7,High,1,395.46,2,Self-Care Sena (Facebook One-Timers)
EA-00788,28,Female,Suburban,49500,Bargains,Facebook Ad,Mobile,2.4,High,1,340.29,2,Self-Care Sena (Facebook One-Timers)
EA-02606,19,Female,Suburban,35500,Bargains,Facebook Ad,Tablet,3.9,High,1,412.0,2,Self-Care Sena (Facebook One-Timers)
EA-03631,37,Female,Rural,55000,Bargains,Facebook Ad,Mobile,4.8,High,1,343.02,2,Self-Care Sena (Facebook One-Timers)
EA-02122,24,Female,Rural,43000,Bargains,Facebook Ad,Tablet,3.9,High,1,302.96,2,Self-Care Sena (Facebook One-Timers)
EA-01875,39,Female,Urban,76500,Anti-aging,Referral,Tablet,12.9,Medium,4,1132.44,3,Hamesha 25 Club (Referral Regulars)
EA-00812,20,Female,Urban,39000,Bargains,Facebook Ad,Mobile,3.5,Medium,1,479.94,2,Self-Care Sena (Facebook One-Timers)
EA-00388,45,Female,Suburban,90500,Skincare,Referral,Mobile,5.5,Medium,1,820.13,3,Hamesha 25 Club (Referral Regulars)
EA-02883,22,Female,Suburban,60500,Bargains,Groupon,Desktop,5.7,High,1,150.0,0,Gayab Grahak (Groupon One-Timers)
EA-01176,50,Male,Rural,97500,Anti-aging,Organic Search,Mobile,12.9,Medium,4,2113.99,1,Glow Ke Nawab (Organic VIPs)
EA-03198,29,Female,Urban,40000,Bargains,Facebook Ad,Tablet,1.7,High,1,347.01,2,Self-Care Sena (Facebook One-Timers)
EA-02624,29,Non-binary,Urban,90000,Wellness,Referral,Mobile,9.8,Low,2,300.0,3,Hamesha 25 Club (Referral Regulars)
EA-01352,29,Female,Urban,108000,Skincare,Organic Search,Desktop,19.4,Medium,5,1607.56,1,Glow Ke Nawab (Organic VIPs)
EA-00411,45,Female,Suburban,124500,Anti-aging,Organic Search,Desktop,16.7,Low,4,1602.38,1,Glow Ke Nawab (Organic VIPs)
EA-04213,27,Female,Suburban,86000,Bargains,Groupon,Mobile,0.8,High,1,517.66,0,Gayab Grahak (Groupon One-Timers)
EA-00110,37,Female,Urban,86500,Anti-aging,Referral,Mobile,8.3,High,2,693.68,3,Hamesha 25 Club (Referral Regulars)
EA-04996,19,Female,Rural,47000,Bargains,Facebook Ad,Mobile,2.9,High,1,353.57,2,Self-Care Sena (Facebook One-Timers)
EA-03430,42,Male,Urban,110000,Wellness,Organic Search,Tablet,2.0,Low,3,1669.5,1,Glow Ke Nawab (Organic VIPs)
EA-02810,41,Male,Suburban,51000,Skincare,Facebook Ad,Mobile,5.9,Medium,1,199.9,2,Self-Care Sena (Facebook One-Timers)
EA-02595,27,Female,Suburban,54000,Bargains,Facebook Ad,Mobile,6.5,High,1,281.66,2,Self-Care Sena (Facebook One-Timers)
EA-02837,30,Female,Urban,77500,Bargains,Groupon,Mobile,3.1,High,1,184.36,0,Gayab Grahak (Groupon One-Timers)
EA-02373,36,Female,Urban,24500,Bargains,Facebook Ad,Mobile,0.4,Medium,2,286.89,2,Self-Care Sena (Facebook One-Timers)
EA-01236,28,Female,Urban,27500,Wellness,Facebook Ad,Mobile,3.2,High,1,293.81,2,Self-Care Sena (Facebook One-Timers)
EA-02147,29,Female,Suburban,29000,Bargains,Facebook Ad,Mobile,4.8,High,1,522.45,2,Self-Care Sena (Facebook One-Timers)
EA-04976,36,Female,Suburban,49000,Bargains,Groupon,Mobile,4.5,High,1,440.06,0,Gayab Grahak (Groupon One-Timers)
EA-00600,37,Female,Suburban,63000,Bargains,Groupon,Mobile,5.1,High,3,417.63,0,Gayab Grahak (Groupon One-Timers)
EA-01435,29,Female,Urban,30000,Bargains,Facebook Ad,Mobile,4.8,High,1,481.49,2,Self-Care Sena (Facebook One-Timers)
EA-04997,30,Female,Urban,36000,Bargains,Facebook Ad,Mobile,8.6,High,1,292.67,2,Self-Care Sena (Facebook One-Timers)
EA-00539,32,Female,Suburban,34000,Bargains,Facebook Ad,Mobile,5.3,High,1,490.0,2,Self-Care Sena (Facebook One-Timers)
EA-00722,37,Female,Suburban,75000,Bargains,Groupon,Mobile,3.0,High,1,371.53,0,Gayab Grahak (Groupon One-Timers)
EA-04411,31,Female,Urban,95000,Anti-aging,Facebook Ad,Mobile,3.2,High,1,355.57,2,Self-Care Sena (Facebook One-Timers)
EA-01873,25,Female,Rural,79000,Bargains,Referral,Mobile,11.7,Medium,4,1097.52,3,Hamesha 25 Club (Referral Regulars)
EA-02846,29,Female,Urban,52500,Bargains,Groupon,Mobile,5.1,High,1,495.03,0,Gayab Grahak (Groupon One-Timers)
EA-02054,43,Female,Urban,52500,Wellness,Organic Search,Desktop,19.9,High,5,1670.64,1,Glow Ke Nawab (Organic VIPs)
EA-02908,37,Female,Suburban,73000,Skincare,Facebook Ad,Mobile,3.4,High,1,457.1,2,Self-Care Sena (Facebook One-Timers)
EA-02255,50,Male,Urban,90000,Skincare,Referral,Mobile,9.9,Medium,2,848.39,3,Hamesha 25 Club (Referral Regulars)
EA-03913,43,Female,Suburban,90000,Wellness,Organic Search,Desktop,11.8,Low,3,1755.22,1,Glow Ke Nawab (Organic VIPs)
EA-00178,35,Female,Rural,106500,Bargains,Referral,Desktop,15.7,Low,2,517.8,3,Hamesha 25 Club (Referral Regulars)
EA-02891,28,Female,Urban,81000,Bargains,Facebook Ad,Mobile,1.9,High,1,425.53,2,Self-Care Sena (Facebook One-Timers)
EA-03674,33,Female,Rural,26000,Bargains,Facebook Ad,Mobile,2.2,High,1,496.84,2,Self-Care Sena (Facebook One-Timers)
EA-00081,51,Female,Urban,111500,Anti-aging,Organic Search,Desktop,9.2,Medium,3,1885.53,1,Glow Ke Nawab (Organic VIPs)
EA-02562,56,Female,Urban,114500,Skincare,Organic Search,Mobile,8.8,Low,4,1221.37,1,Glow Ke Nawab (Organic VIPs)
EA-01724,27,Male,Urban,74000,Skincare,Groupon,Desktop,3.3,Medium,1,424.2,0,Gayab Grahak (Groupon One-Timers)
EA-01618,34,Female,Suburban,54500,Bargains,Groupon,Mobile,5.3,Medium,1,276.19,0,Gayab Grahak (Groupon One-Timers)
EA-01655,39,Female,Suburban,109000,Anti-aging,Referral,Tablet,7.7,Medium,1,482.4,3,Hamesha 25 Club (Referral Regulars)
EA-02329,38,Male,Rural,69000,Bargains,Groupon,Mobile,4.3,High,1,424.48,0,Gayab Grahak (Groupon One-Timers)
EA-04614,21,Female,Suburban,60000,Bargains,Groupon,Mobile,3.1,High,1,438.02,0,Gayab Grahak (Groupon One-Timers)
EA-00222,37,Female,Suburban,71500,Bargains,Groupon,Mobile,4.7,High,3,623.46,0,Gayab Grahak (Groupon One-Timers)
EA-00094,19,Female,Rural,44500,Bargains,Facebook Ad,Mobile,3.0,High,1,290.27,2,Self-Care Sena (Facebook One-Timers)
EA-02610,33,Female,Suburban,73500,Bargains,Facebook Ad,Mobile,3.1,High,1,558.96,2,Self-Care Sena (Facebook One-Timers)
EA-03383,36,Female,Urban,103500,Wellness,Referral,Mobile,12.4,Low,2,658.01,3,Hamesha 25 Club (Referral Regulars)
EA-04416,45,Male,Urban,92000,Skincare,Organic Search,Tablet,15.9,Low,6,1309.51,1,Glow Ke Nawab (Organic VIPs)
EA-01398,34,Female,Urban,83000,Anti-aging,Referral,Mobile,8.0,Medium,1,595.98,3,Hamesha 25 Club (Referral Regulars)
EA-04687,33,Female,Suburban,26500,Bargains,Facebook Ad,Desktop,6.4,High,1,325.53,2,Self-Care Sena (Facebook One-Timers)
EA-01293,30,Female,Rural,63500,Anti-aging,Groupon,Desktop,5.2,High,1,340.24,0,Gayab Grahak (Groupon One-Timers)
EA-02165,46,Male,Suburban,74000,Anti-aging,Organic Search,Desktop,5.3,Medium,2,2225.34,1,Glow Ke Nawab (Organic VIPs)
EA-02940,28,Female,Suburban,53500,Bargains,Facebook Ad,Tablet,5.5,Medium,1,412.11,2,Self-Care Sena (Facebook One-Timers)
EA-03669,42,Female,Suburban,61500,Bargains,Facebook Ad,Desktop,3.6,High,1,548.96,2,Self-Care Sena (Facebook One-Timers)
EA-00813,32,Female,Urban,100000,Bargains,Referral,Desktop,6.3,High,1,964.01,3,Hamesha 25 Club (Referral Regulars)
EA-01259,28,Female,Suburban,64000,Bargains,Groupon,Mobile,3.8,High,1,449.32,0,Gayab Grahak (Groupon One-Timers)
EA-00890,44,Female,Suburban,146000,Skincare,Organic Search,Mobile,11.9,Low,4,1874.25,1,Glow Ke Nawab (Organic VIPs)
EA-01452,32,Female,Suburban,26500,Bargains,Groupon,Desktop,3.4,Medium,1,276.59,0,Gayab Grahak (Groupon One-Timers)
EA-03317,34,Female,Urban,115000,Skincare,Organic Search,Desktop,13.3,Medium,2,2217.51,1,Glow Ke Nawab (Organic VIPs)
EA-02560,28,Male,Urban,61000,Bargains,Facebook Ad,Mobile,4.6,High,1,357.58,2,Self-Care Sena (Facebook One-Timers)
EA-03575,35,Female,Suburban,55500,Bargains,Facebook Ad,Mobile,2.0,High,1,395.46,2,Self-Care Sena (Facebook One-Timers)
EA-02681,54,Female,Suburban,141500,Wellness,Organic Search,Mobile,29.4,Low,5,2299.26,1,Glow Ke Nawab (Organic VIPs)
EA-04652,44,Female,Suburban,50500,Skincare,Organic Search,Mobile,12.8,Low,4,1857.11,1,Glow Ke Nawab (Organic VIPs)
EA-04812,50,Female,Suburban,135000,Wellness,Organic Search,Desktop,9.5,Low,3,2266.99,1,Glow Ke Nawab (Organic VIPs)
EA-04680,42,Female,Urban,70500,Skincare,Organic Search,Tablet,9.0,Medium,4,1628.81,1,Glow Ke Nawab (Organic VIPs)
EA-02965,27,Female,Suburban,52000,Bargains,Facebook Ad,Mobile,0.4,High,1,395.06,2,Self-Care Sena (Facebook One-Timers)
EA-02673,29,Female,Suburban,72500,Bargains,Facebook Ad,Mobile,2.4,Medium,1,491.96,2,Self-Care Sena (Facebook One-Timers)
EA-00562,31,Female,Suburban,63500,Bargains,Facebook Ad,Mobile,3.4,High,1,210.44,2,Self-Care Sena (Facebook One-Timers)
EA-02779,27,Female,Rural,41000,Bargains,Facebook Ad,Mobile,3.5,High,1,242.77,2,Self-Care Sena (Facebook One-Timers)
EA-02949,48,Female,Urban,73000,Skincare,Referral,Mobile,6.3,Low,1,614.78,3,Hamesha 25 Club (Referral Regulars)
EA-02818,40,Female,Urban,73500,Skincare,Groupon,Mobile,7.5,High,1,395.22,0,Gayab Grahak (Groupon One-Timers)
EA-02759,34,Male,Urban,93000,Anti-aging,Organic Search,Desktop,10.5,Low,2,2027.78,1,Glow Ke Nawab (Organic VIPs)
EA-01757,19,Female,Rural,35500,Bargains,Facebook Ad,Mobile,1.1,High,1,558.39,2,Self-Care Sena (Facebook One-Timers)
EA-00725,31,Female,Urban,63500,Skincare,Facebook Ad,Mobile,1.9,Medium,1,220.15,2,Self-Care Sena (Facebook One-Timers)
EA-00220,36,Male,Rural,84000,Bargains,Facebook Ad,Desktop,3.3,High,1,403.9,2,Self-Care Sena (Facebook One-Timers)
EA-04140,28,Female,Suburban,102000,Anti-aging,Organic Search,Mobile,17.3,Medium,4,1776.71,1,Glow Ke Nawab (Organic VIPs)
EA-03958,43,Female,Rural,96500,Skincare,Referral,Mobile,6.9,Medium,2,815.17,3,Hamesha 25 Club (Referral Regulars)
EA-01589,41,Female,Suburban,39500,Bargains,Facebook Ad,Mobile,5.7,High,1,402.15,2,Self-Care Sena (Facebook One-Timers)
EA-03348,36,Female,Urban,73000,Wellness,Groupon,Mobile,2.8,High,1,338.84,0,Gayab Grahak (Groupon One-Timers)
EA-03971,43,Female,Suburban,48500,Anti-aging,Referral,Desktop,14.2,Low,2,1298.52,3,Hamesha 25 Club (Referral Regulars)
EA-04708,19,Female,Urban,31000,Bargains,Groupon,Mobile,3.3,High,1,471.93,0,Gayab Grahak (Groupon One-Timers)
EA-00044,31,Female,Rural,39000,Anti-aging,Facebook Ad,Tablet,3.9,Medium,1,472.26,2,Self-Care Sena (Facebook One-Timers)
EA-03002,32,Female,Suburban,51500,Bargains,Groupon,Mobile,3.1,High,1,443.71,0,Gayab Grahak (Groupon One-Timers)
EA-00211,33,Female,Suburban,69500,Skincare,Organic Search,Mobile,9.3,High,3,1950.15,1,Glow Ke Nawab (Organic VIPs)
EA-00678,23,Female,Urban,45500,Bargains,Groupon,Mobile,3.5,High,1,271.06,0,Gayab Grahak (Groupon One-Timers)
EA-00355,29,Female,Suburban,94500,Bargains,Groupon,Mobile,3.6,High,1,289.19,0,Gayab Grahak (Groupon One-Timers)
EA-01434,24,Female,Suburban,33500,Skincare,Facebook Ad,Desktop,4.3,Medium,1,361.55,2,Self-Care Sena (Facebook One-Timers)
EA-00950,29,Female,Rural,76000,Bargains,Facebook Ad,Desktop,4.1,High,1,619.41,2,Self-Care Sena (Facebook One-Timers)
EA-02844,19,Female,Rural,77000,Bargains,Facebook Ad,Mobile,3.7,Medium,1,235.36,2,Self-Care Sena (Facebook One-Timers)
EA-00578,35,Non-binary,Suburban,54000,Bargains,Groupon,Mobile,2.5,High,1,150.0,0,Gayab Grahak (Groupon One-Timers)
EA-03929,19,Female,Urban,61000,Anti-aging,Facebook Ad,Mobile,3.6,High,1,388.51,2,Self-Care Sena (Facebook One-Timers)
EA-00545,36,Female,Urban,51000,Skincare,Facebook Ad,Mobile,3.5,Medium,1,270.93,2,Self-Care Sena (Facebook One-Timers)
EA-00368,57,Male,Urban,75000,Wellness,Organic Search,Desktop,16.7,Low,3,1950.62,1,Glow Ke Nawab (Organic VIPs)
EA-01613,38,Female,Urban,133500,Wellness,Organic Search,Mobile,15.0,Low,5,2316.62,1,Glow Ke Nawab (Organic VIPs)
EA-03551,35,Male,Suburban,97000,Skincare,Organic Search,Tablet,19.9,Low,4,1935.98,1,Glow Ke Nawab (Organic VIPs)
EA-03717,72,Female,Suburban,75000,Skincare,Organic Search,Mobile,13.1,Medium,5,1898.38,1,Glow Ke Nawab (Organic VIPs)
EA-03780,29,Male,Urban,41500,Skincare,Referral,Mobile,5.7,Low,1,643.27,2,Self-Care Sena (Facebook One-Timers)
EA-00136,28,Female,Urban,35500,Bargains,Facebook Ad,Mobile,5.6,Medium,1,191.04,2,Self-Care Sena (Facebook One-Timers)
EA-04481,31,Female,Suburban,63500,Skincare,Groupon,Mobile,0.4,High,1,514.53,0,Gayab Grahak (Groupon One-Timers)
EA-01438,23,Female,Suburban,51500,Bargains,Groupon,Mobile,1.6,Low,1,299.83,0,Gayab Grahak (Groupon One-Timers)
EA-00048,38,Female,Urban,89500,Bargains,Facebook Ad,Mobile,3.1,High,1,428.98,2,Self-Care Sena (Facebook One-Timers)
EA-01361,49,Female,Suburban,129500,Wellness,Organic Search,Desktop,11.2,Low,4,1730.73,1,Glow Ke Nawab (Organic VIPs)
EA-00735,32,Female,Urban,42500,Bargains,Facebook Ad,Mobile,4.0,Medium,1,514.95,2,Self-Care Sena (Facebook One-Timers)
EA-01535,37,Female,Suburban,47000,Bargains,Facebook Ad,Tablet,4.5,High,1,337.51,2,Self-Care Sena (Facebook One-Timers)
EA-02005,22,Female,Rural,52000,Skincare,Facebook Ad,Mobile,1.4,High,1,532.1,2,Self-Care Sena (Facebook One-Timers)
EA-03796,37,Female,Suburban,103000,Wellness,Organic Search,Desktop,14.8,Low,2,1665.94,1,Glow Ke Nawab (Organic VIPs)
EA-02520,37,Female,Urban,53000,Bargains,Facebook Ad,Desktop,2.9,High,1,503.41,2,Self-Care Sena (Facebook One-Timers)
EA-01973,38,Male,Urban,82000,Anti-aging,Organic Search,Desktop,2.0,Low,3,1781.33,3,Hamesha 25 Club (Referral Regulars)
EA-00997,21,Female,Urban,55000,Skincare,Groupon,Desktop,3.0,High,1,475.78,0,Gayab Grahak (Groupon One-Timers)
EA-00062,23,Female,Rural,39500,Skincare,Groupon,Mobile,2.2,Low,1,310.36,0,Gayab Grahak (Groupon One-Timers)
EA-01109,47,Female,Urban,103500,Skincare,Referral,Desktop,3.0,Medium,1,1211.24,3,Hamesha 25 Club (Referral Regulars)
EA-02406,30,Female,Suburban,62500,Bargains,Facebook Ad,Mobile,2.4,High,1,470.96,2,Self-Care Sena (Facebook One-Timers)
EA-00096,24,Female,Urban,42000,Wellness,Groupon,Mobile,0.4,High,1,465.62,0,Gayab Grahak (Groupon One-Timers)
EA-00479,31,Female,Urban,95500,Bargains,Groupon,Desktop,5.0,Low,1,359.1,0,Gayab Grahak (Groupon One-Timers)
EA-04360,32,Female,Urban,115500,Skincare,Organic Search,Desktop,16.2,Medium,3,2392.93,1,Glow Ke Nawab (Organic VIPs)
EA-04113,46,Female,Suburban,110500,Wellness,Organic Search,Mobile,11.8,Medium,4,2134.67,1,Glow Ke Nawab (Organic VIPs)
EA-03708,50,Female,Suburban,74500,Skincare,Organic Search,Mobile,3.0,Low,4,2359.79,1,Glow Ke Nawab (Organic VIPs)
EA-01102,31,Female,Urban,23000,Skincare,Facebook Ad,Tablet,3.0,High,1,311.43,2,Self-Care Sena (Facebook One-Timers)
EA-02747,35,Female,Suburban,59000,Bargains,Facebook Ad,Mobile,5.3,High,1,376.42,2,Self-Care Sena (Facebook One-Timers)
EA-02171,26,Male,Rural,59000,Wellness,Groupon,Mobile,3.1,High,3,169.55,0,Gayab Grahak (Groupon One-Timers)
EA-00323,33,Female,Urban,69000,Bargains,Facebook Ad,Mobile,6.9,High,1,348.05,2,Self-Care Sena (Facebook One-Timers)
EA-04255,42,Male,Urban,140500,Anti-aging,Organic Search,Desktop,15.2,Medium,5,2063.04,1,Glow Ke Nawab (Organic VIPs)
EA-03143,40,Female,Urban,101000,Wellness,Referral,Desktop,3.0,High,3,758.69,3,Hamesha 25 Club (Referral Regulars)
EA-03538,31,Female,Rural,63500,Bargains,Groupon,Tablet,2.1,High,1,340.14,0,Gayab Grahak (Groupon One-Timers)
EA-04926,19,Female,Urban,58000,Bargains,Facebook Ad,Mobile,3.6,High,1,383.14,2,Self-Care Sena (Facebook One-Timers)
EA-02925,23,Male,Urban,42000,Bargains,Facebook Ad,Mobile,5.9,High,1,349.58,2,Self-Care Sena (Facebook One-Timers)
EA-01150,29,Male,Rural,152000,Anti-aging,Referral,Desktop,1.0,Medium,2,525.95,3,Hamesha 25 Club (Referral Regulars)
EA-03618,23,Male,Suburban,52000,Bargains,Facebook Ad,Mobile,0.4,High,1,420.71,2,Self-Care Sena (Facebook One-Timers)
EA-00292,30,Female,Urban,23000,Bargains,Facebook Ad,Mobile,3.7,High,1,280.49,2,Self-Care Sena (Facebook One-Timers)
EA-03750,29,Female,Urban,52500,Skincare,Facebook Ad,Mobile,6.4,High,1,150.0,2,Self-Care Sena (Facebook One-Timers)
EA-03587,31,Female,Suburban,69500,Bargains,Facebook Ad,Tablet,4.2,High,1,178.28,2,Self-Care Sena (Facebook One-Timers)
EA-00534,33,Female,Suburban,71000,Bargains,Groupon,Mobile,5.7,High,1,590.0,0,Gayab Grahak (Groupon One-Timers)
EA-03608,31,Female,Rural,58000,Bargains,Facebook Ad,Mobile,2.6,High,1,374.05,2,Self-Care Sena (Facebook One-Timers)
EA-02649,42,Female,Urban,100500,Anti-aging,Organic Search,Desktop,24.3,Low,4,2010.74,1,Glow Ke Nawab (Organic VIPs)
EA-04811,32,Female,Urban,45500,Bargains,Groupon,Mobile,4.1,High,1,473.87,0,Gayab Grahak (Groupon One-Timers)
EA-01984,26,Female,Suburban,80000,Bargains,Facebook Ad,Mobile,2.0,High,1,158.12,2,Self-Care Sena (Facebook One-Timers)
EA-02933,28,Male,Urban,57000,Bargains,Groupon,Desktop,3.4,High,1,372.37,0,Gayab Grahak (Groupon One-Timers)
EA-01537,42,Female,Urban,58500,Bargains,Organic Search,Mobile,9.9,Low,3,1955.73,1,Glow Ke Nawab (Organic VIPs)
EA-04535,36,Female,Suburban,69000,Skincare,Groupon,Mobile,2.3,High,1,387.51,0,Gayab Grahak (Groupon One-Timers)
EA-04173,43,Female,Suburban,107500,Skincare,Referral,Mobile,3.9,Medium,1,1160.32,3,Hamesha 25 Club (Referral Regulars)
EA-03361,34,Female,Rural,80000,Skincare,Facebook Ad,Mobile,0.5,High,1,400.03,2,Self-Care Sena (Facebook One-Timers)
EA-03666,33,Male,Urban,45500,Bargains,Groupon,Mobile,6.5,High,1,348.49,0,Gayab Grahak (Groupon One-Timers)
EA-04006,28,Female,Rural,55000,Wellness,Facebook Ad,Mobile,1.8,High,1,150.0,2,Self-Care Sena (Facebook One-Timers)
EA-03627,35,Male,Urban,105500,Anti-aging,Organic Search,Mobile,16.6,Medium,1,2092.1,1,Glow Ke Nawab (Organic VIPs)
EA-00587,36,Male,Suburban,63500,Bargains,Facebook Ad,Mobile,3.8,High,1,421.23,2,Self-Care Sena (Facebook One-Timers)
EA-03257,24,Female,Suburban,48500,Bargains,Facebook Ad,Mobile,8.8,High,1,150.0,2,Self-Care Sena (Facebook One-Timers)
EA-02299,26,Female,Suburban,32500,Bargains,Facebook Ad,Mobile,0.4,Medium,1,464.35,2,Self-Care Sena (Facebook One-Timers)
EA-03989,43,Female,Suburban,91000,Anti-aging,Referral,Mobile,2.7,Low,2,783.81,3,Hamesha 25 Club (Referral Regulars)
EA-00585,39,Female,Suburban,66500,Wellness,Referral,Mobile,12.3,Low,3,513.08,3,Hamesha 25 Club (Referral Regulars)
EA-02424,38,Male,Suburban,45000,Bargains,Facebook Ad,Mobile,3.4,High,1,258.23,2,Self-Care Sena (Facebook One-Timers)
EA-01392,63,Female,Suburban,106500,Wellness,Organic Search,Desktop,26.6,Medium,6,1767.82,1,Glow Ke Nawab (Organic VIPs)
EA-04526,30,Female,Suburban,93000,Bargains,Groupon,Mobile,4.6,High,1,400.99,0,Gayab Grahak (Groupon One-Timers)
EA-04921,30,Female,Suburban,42000,Bargains,Facebook Ad,Mobile,3.4,High,1,330.25,2,Self-Care Sena (Facebook One-Timers)
EA-04801,27,Female,Urban,52500,Bargains,Groupon,Mobile,1.4,High,1,426.02,0,Gayab Grahak (Groupon One-Timers)
EA-03241,25,Female,Urban,102500,Anti-aging,Referral,Desktop,16.6,Low,2,510.34,3,Hamesha 25 Club (Referral Regulars)
EA-04282,30,Male,Urban,54500,Skincare,Facebook Ad,Mobile,2.8,High,1,397.35,2,Self-Care Sena (Facebook One-Timers)
EA-03339,37,Female,Suburban,30000,Bargains,Facebook Ad,Mobile,3.1,Medium,1,265.97,2,Self-Care Sena (Facebook One-Timers)
EA-03221,33,Female,Suburban,72000,Bargains,Facebook Ad,Mobile,5.1,High,1,447.41,2,Self-Care Sena (Facebook One-Timers)
EA-02112,28,Female,Urban,57500,Skincare,Groupon,Mobile,4.1,Low,1,509.65,0,Gayab Grahak (Groupon One-Timers)
EA-01175,19,Male,Suburban,85500,Bargains,Groupon,Mobile,5.2,High,1,258.72,0,Gayab Grahak (Groupon One-Timers)
EA-04863,33,Female,Suburban,64500,Bargains,Facebook Ad,Mobile,3.5,High,1,453.16,2,Self-Care Sena (Facebook One-Timers)
EA-03812,31,Non-binary,Urban,52000,Bargains,Facebook Ad,Mobile,5.6,High,3,314.03,2,Self-Care Sena (Facebook One-Timers)
EA-01868,23,Male,Urban,59500,Bargains,Facebook Ad,Mobile,1.0,High,1,413.99,2,Self-Care Sena (Facebook One-Timers)
EA-02615,28,Male,Suburban,48500,Skincare,Facebook Ad,Mobile,5.3,High,1,153.21,2,Self-Care Sena (Facebook One-Timers)
EA-03867,30,Male,Urban,71500,Bargains,Groupon,Mobile,2.6,Medium,1,417.17,0,Gayab Grahak (Groupon One-Timers)
EA-04886,51,Female,Urban,79500,Wellness,Organic Search,Desktop,19.5,Medium,4,2468.53,1,Glow Ke Nawab (Organic VIPs)
EA-03779,53,Male,Rural,126000,Anti-aging,Organic Search,Desktop,10.6,Medium,3,1557.51,1,Glow Ke Nawab (Organic VIPs)
EA-03847,43,Female,Suburban,129500,Anti-aging,Organic Search,Desktop,6.9,Low,3,1707.56,1,Glow Ke Nawab (Organic VIPs)
EA-02417,26,Female,Rural,51000,Bargains,Facebook Ad,Mobile,4.6,Low,1,314.56,2,Self-Care Sena (Facebook One-Timers)
EA-00071,35,Female,Urban,77000,Bargains,Facebook Ad,Mobile,0.4,High,1,199.15,2,Self-Care Sena (Facebook One-Timers)
EA-04881,25,Female,Suburban,65000,Anti-aging,Facebook Ad,Mobile,6.0,High,1,190.05,2,Self-Care Sena (Facebook One-Timers)
EA-01127,29,Female,Suburban,38500,Bargains,Groupon,Mobile,3.5,High,1,471.12,0,Gayab Grahak (Groupon One-Timers)
EA-04025,47,Female,Urban,136500,Wellness,Organic Search,Desktop,11.0,Medium,3,1791.81,1,Glow Ke Nawab (Organic VIPs)
EA-03251,29,Female,Urban,60000,Wellness,Referral,Mobile,3.7,Low,3,470.72,3,Hamesha 25 Club (Referral Regulars)
EA-03902,34,Male,Urban,56500,Wellness,Organic Search,Mobile,11.7,Medium,6,1965.86,1,Glow Ke Nawab (Organic VIPs)
EA-01096,35,Female,Suburban,57500,Bargains,Facebook Ad,Tablet,3.7,Medium,1,459.88,2,Self-Care Sena (Facebook One-Timers)
EA-04546,19,Female,Urban,55500,Bargains,Facebook Ad,Mobile,0.4,High,1,251.11,2,Self-Care Sena (Facebook One-Timers)
EA-01213,19,Female,Suburban,51000,Bargains,Groupon,Mobile,0.4,Medium,3,378.85,0,Gayab Grahak (Groupon One-Timers)
EA-03922,41,Female,Rural,135000,Bargains,Organic Search,Desktop,16.5,Medium,3,2500.0,1,Glow Ke Nawab (Organic VIPs)
EA-01426,27,Female,Suburban,47000,Bargains,Facebook Ad,Tablet,3.7,Medium,1,432.2,2,Self-Care Sena (Facebook One-Timers)
EA-03067,19,Female,Urban,38500,Bargains,Facebook Ad,Mobile,1.5,High,2,444.14,2,Self-Care Sena (Facebook One-Timers)
EA-04520,38,Female,Urban,60500,Bargains,Facebook Ad,Mobile,2.3,High,1,410.31,2,Self-Care Sena (Facebook One-Timers)
EA-02101,35,Female,Suburban,94000,Anti-aging,Organic Search,Desktop,6.9,Low,3,2453.46,1,Glow Ke Nawab (Organic VIPs)
EA-00808,30,Female,Urban,48000,Bargains,Facebook Ad,Mobile,4.1,High,1,316.05,2,Self-Care Sena (Facebook One-Timers)
EA-04744,24,Female,Suburban,50000,Bargains,Facebook Ad,Mobile,7.4,Medium,1,209.36,2,Self-Care Sena (Facebook One-Timers)
EA-03751,24,Female,Suburban,54000,Bargains,Facebook Ad,Tablet,0.4,High,3,360.35,2,Self-Care Sena (Facebook One-Timers)
EA-01363,26,Female,Rural,31500,Bargains,Groupon,Mobile,5.5,Medium,1,282.26,0,Gayab Grahak (Groupon One-Timers)
EA-02318,56,Female,Suburban,150500,Skincare,Organic Search,Mobile,22.0,Medium,3,1345.67,1,Glow Ke Nawab (Organic VIPs)
EA-04582,51,Female,Suburban,104500,Skincare,Organic Search,Mobile,2.0,Low,2,1308.29,3,Hamesha 25 Club (Referral Regulars)
EA-04742,30,Female,Suburban,54000,Skincare,Facebook Ad,Tablet,0.9,Medium,1,150.0,2,Self-Care Sena (Facebook One-Timers)
EA-01026,22,Male,Urban,48500,Wellness,Facebook Ad,Mobile,5.4,High,1,346.05,2,Self-Care Sena (Facebook One-Timers)
EA-03110,45,Female,Suburban,57500,Skincare,Referral,Mobile,5.9,Medium,2,540.48,3,Hamesha 25 Club (Referral Regulars)
EA-02111,32,Female,Suburban,63000,Bargains,Groupon,Mobile,4.1,High,1,416.92,0,Gayab Grahak (Groupon One-Timers)
EA-01042,51,Female,Suburban,92500,Wellness,Organic Search,Desktop,14.6,Low,4,1625.4,1,Glow Ke Nawab (Organic VIPs)
EA-01877,42,Male,Urban,94000,Anti-aging,Facebook Ad,Mobile,5.2,High,1,230.65,2,Self-Care Sena (Facebook One-Timers)
EA-00882,38,Female,Urban,61000,Bargains,Groupon,Mobile,2.1,Medium,1,520.14,0,Gayab Grahak (Groupon One-Timers)
EA-04300,54,Female,Urban,68500,Anti-aging,Organic Search,Mobile,19.0,Low,3,2040.12,1,Glow Ke Nawab (Organic VIPs)
EA-01193,40,Female,Urban,95500,Skincare,Organic Search,Mobile,15.6,Low,3,1777.22,1,Glow Ke Nawab (Organic VIPs)
EA-04588,34,Female,Suburban,41000,Wellness,Referral,Mobile,16.0,Medium,3,724.73,3,Hamesha 25 Club (Referral Regulars)
EA-04511,43,Non-binary,Suburban,65500,Anti-aging,Groupon,Mobile,3.5,High,2,491.92,0,Gayab Grahak (Groupon One-Timers)
EA-03671,34,Female,Suburban,49500,Anti-aging,Facebook Ad,Mobile,5.5,High,1,354.48,2,Self-Care Sena (Facebook One-Timers)
EA-00625,60,Female,Suburban,103000,Anti-aging,Referral,Mobile,8.2,Medium,2,717.19,3,Hamesha 25 Club (Referral Regulars)
EA-02797,27,Female,Suburban,46000,Anti-aging,Groupon,Desktop,1.5,High,1,313.6,0,Gayab Grahak (Groupon One-Timers)
EA-04292,33,Female,Urban,55500,Bargains,Facebook Ad,Mobile,4.6,High,1,472.01,2,Self-Care Sena (Facebook One-Timers)
EA-04969,34,Female,Suburban,37500,Bargains,Facebook Ad,Mobile,0.9,High,1,373.65,2,Self-Care Sena (Facebook One-Timers)
EA-00234,19,Female,Suburban,87500,Bargains,Groupon,Mobile,0.4,High,1,634.26,0,Gayab Grahak (Groupon One-Timers)
EA-04567,57,Female,Suburban,129000,Wellness,Organic Search,Desktop,16.6,Medium,5,1923.18,1,Glow Ke Nawab (Organic VIPs)
EA-01663,42,Female,Suburban,83000,Wellness,Organic Search,Desktop,21.3,Low,5,1992.0,1,Glow Ke Nawab (Organic VIPs)
EA-00416,19,Female,Urban,54500,Bargains,Facebook Ad,Tablet,3.1,Medium,1,335.32,2,Self-Care Sena (Facebook One-Timers)
EA-04247,49,Female,Rural,80500,Anti-aging,Organic Search,Desktop,8.4,Medium,3,2083.11,1,Glow Ke Nawab (Organic VIPs)
EA-02174,26,Female,Rural,59000,Bargains,Facebook Ad,Mobile,2.5,Low,1,588.85,2,Self-Care Sena (Facebook One-Timers)
EA-01457,31,Female,Suburban,54500,Wellness,Facebook Ad,Mobile,3.9,High,1,559.58,2,Self-Care Sena (Facebook One-Timers)
EA-00747,31,Female,Urban,65500,Bargains,Facebook Ad,Mobile,0.6,High,1,297.59,2,Self-Care Sena (Facebook One-Timers)
EA-00018,29,Female,Suburban,65000,Bargains,Facebook Ad,Mobile,2.9,Medium,1,295.66,2,Self-Care Sena (Facebook One-Timers)
EA-01201,20,Female,Urban,77500,Bargains,Groupon,Mobile,2.5,High,1,420.58,0,Gayab Grahak (Groupon One-Timers)
EA-01700,49,Female,Suburban,86500,Skincare,Organic Search,Mobile,8.5,Medium,3,2009.11,1,Glow Ke Nawab (Organic VIPs)
EA-03254,33,Female,Urban,72000,Bargains,Groupon,Mobile,3.4,Medium,1,271.09,0,Gayab Grahak (Groupon One-Timers)
EA-00597,32,Female,Rural,94500,Anti-aging,Organic Search,Mobile,19.0,Medium,3,2500.0,1,Glow Ke Nawab (Organic VIPs)
EA-03227,45,Female,Rural,123500,Wellness,Organic Search,Mobile,13.3,Medium,3,2088.98,1,Glow Ke Nawab (Organic VIPs)
EA-04406,32,Female,Suburban,54500,Bargains,Groupon,Mobile,3.6,Medium,1,645.84,0,Gayab Grahak (Groupon One-Timers)
EA-04720,24,Female,Suburban,49000,Bargains,Facebook Ad,Mobile,3.3,High,1,427.71,2,Self-Care Sena (Facebook One-Timers)
EA-01506,28,Female,Rural,30000,Bargains,Groupon,Mobile,0.4,High,1,551.58,0,Gayab Grahak (Groupon One-Timers)
EA-01413,38,Male,Suburban,106500,Skincare,Organic Search,Mobile,22.9,Low,5,2500.0,1,Glow Ke Nawab (Organic VIPs)
EA-01966,25,Non-binary,Suburban,72000,Skincare,Facebook Ad,Tablet,6.5,Medium,1,200.72,2,Self-Care Sena (Facebook One-Timers)
EA-00372,34,Female,Suburban,39500,Skincare,Facebook Ad,Mobile,1.8,High,1,266.64,2,Self-Care Sena (Facebook One-Timers)
EA-01341,20,Female,Urban,79000,Skincare,Facebook Ad,Mobile,4.2,High,1,460.25,2,Self-Care Sena (Facebook One-Timers)
EA-00599,55,Female,Suburban,67500,Skincare,Referral,Mobile,14.1,Medium,2,499.07,3,Hamesha 25 Club (Referral Regulars)
EA-00239,35,Female,Urban,51000,Bargains,Facebook Ad,Mobile,2.0,High,1,361.71,2,Self-Care Sena (Facebook One-Timers)
EA-03401,34,Female,Suburban,34000,Skincare,Facebook Ad,Tablet,2.6,Medium,1,330.36,2,Self-Care Sena (Facebook One-Timers)
EA-02068,46,Female,Suburban,112000,Anti-aging,Referral,Mobile,13.6,Medium,2,377.97,3,Hamesha 25 Club (Referral Regulars)
EA-00811,38,Female,Rural,25000,Bargains,Facebook Ad,Mobile,2.3,High,1,200.53,2,Self-Care Sena (Facebook One-Timers)
EA-01095,26,Female,Urban,45500,Bargains,Groupon,Mobile,6.8,Medium,1,416.27,0,Gayab Grahak (Groupon One-Timers)
EA-04325,28,Female,Rural,53500,Bargains,Facebook Ad,Mobile,0.4,High,1,400.75,2,Self-Care Sena (Facebook One-Timers)
EA-04761,43,Male,Rural,58500,Skincare,Groupon,Mobile,3.3,High,1,437.39,0,Gayab Grahak (Groupon One-Timers)
EA-03677,23,Female,Suburban,47500,Skincare,Facebook Ad,Mobile,2.7,High,1,372.76,2,Self-Care Sena (Facebook One-Timers)
EA-03465,46,Female,Suburban,81500,Skincare,Organic Search,Mobile,9.4,Medium,3,1284.91,3,Hamesha 25 Club (Referral Regulars)
EA-03104,56,Female,Suburban,72500,Bargains,Organic Search,Desktop,14.5,Low,4,1638.05,1,Glow Ke Nawab (Organic VIPs)
EA-02750,29,Male,Suburban,60000,Skincare,Facebook Ad,Tablet,4.4,High,1,252.26,2,Self-Care Sena (Facebook One-Timers)
EA-02296,27,Female,Suburban,50000,Skincare,Facebook Ad,Mobile,5.7,High,1,233.41,2,Self-Care Sena (Facebook One-Timers)
EA-04193,39,Male,Rural,69500,Bargains,Groupon,Tablet,5.7,High,1,476.85,0,Gayab Grahak (Groupon One-Timers)
EA-03709,31,Non-binary,Urban,57500,Skincare,Groupon,Mobile,4.7,High,1,559.09,0,Gayab Grahak (Groupon One-Timers)
EA-03019,34,Female,Urban,64500,Skincare,Facebook Ad,Mobile,5.8,Medium,3,420.26,2,Self-Care Sena (Facebook One-Timers)
EA-04253,32,Female,Urban,23500,Bargains,Facebook Ad,Tablet,5.4,Medium,1,449.51,2,Self-Care Sena (Facebook One-Timers)
EA-00804,28,Male,Suburban,76000,Bargains,Groupon,Mobile,1.0,High,1,602.55,0,Gayab Grahak (Groupon One-Timers)
EA-04191,28,Female,Urban,50000,Anti-aging,Facebook Ad,Mobile,4.0,High,1,325.59,2,Self-Care Sena (Facebook One-Timers)
EA-03706,30,Female,Suburban,58500,Skincare,Facebook Ad,Mobile,4.3,Medium,1,370.99,2,Self-Care Sena (Facebook One-Timers)
EA-00752,32,Female,Urban,72500,Bargains,Facebook Ad,Desktop,1.8,High,1,373.83,2,Self-Care Sena (Facebook One-Timers)
EA-04645,27,Female,Suburban,62500,Bargains,Facebook Ad,Mobile,0.4,Medium,3,376.85,2,Self-Care Sena (Facebook One-Timers)
EA-02532,28,Female,Urban,67000,Bargains,Groupon,Mobile,2.4,High,1,379.97,0,Gayab Grahak (Groupon One-Timers)
EA-00622,20,Non-binary,Suburban,46500,Wellness,Groupon,Mobile,0.5,Medium,1,523.09,0,Gayab Grahak (Groupon One-Timers)
EA-02298,31,Female,Rural,59500,Bargains,Facebook Ad,Mobile,0.5,Medium,1,195.07,2,Self-Care Sena (Facebook One-Timers)
EA-03829,52,Female,Rural,73500,Skincare,Referral,Desktop,6.4,High,3,1121.38,3,Hamesha 25 Club (Referral Regulars)
EA-00567,40,Female,Suburban,78500,Skincare,Organic Search,Mobile,10.1,Medium,3,2493.57,1,Glow Ke Nawab (Organic VIPs)
EA-01136,33,Female,Suburban,73000,Bargains,Facebook Ad,Mobile,5.2,High,1,229.77,2,Self-Care Sena (Facebook One-Timers)
EA-01205,33,Female,Urban,68500,Bargains,Facebook Ad,Mobile,0.6,High,1,383.0,2,Self-Care Sena (Facebook One-Timers)
EA-01048,51,Female,Urban,114000,Skincare,Organic Search,Mobile,10.8,Low,3,2500.0,1,Glow Ke Nawab (Organic VIPs)
EA-00052,27,Female,Rural,58000,Skincare,Facebook Ad,Mobile,4.3,High,1,234.97,2,Self-Care Sena (Facebook One-Timers)
EA-03652,28,Female,Urban,22500,Bargains,Facebook Ad,Tablet,4.3,High,1,249.06,2,Self-Care Sena (Facebook One-Timers)
EA-01045,31,Male,Suburban,82000,Bargains,Facebook Ad,Mobile,2.0,Medium,1,399.25,2,Self-Care Sena (Facebook One-Timers)
EA-02182,37,Female,Suburban,54500,Wellness,Referral,Desktop,10.2,High,3,1212.02,3,Hamesha 25 Club (Referral Regulars)
EA-02689,32,Male,Urban,36500,Bargains,Facebook Ad,Mobile,1.0,High,1,555.32,2,Self-Care Sena (Facebook One-Timers)
EA-00535,37,Female,Rural,79500,Bargains,Facebook Ad,Mobile,3.9,Medium,1,178.56,2,Self-Care Sena (Facebook One-Timers)
EA-03185,36,Female,Urban,66000,Bargains,Facebook Ad,Desktop,0.4,High,1,270.58,2,Self-Care Sena (Facebook One-Timers)
EA-03858,29,Female,Suburban,60500,Anti-aging,Groupon,Tablet,0.4,High,1,275.3,0,Gayab Grahak (Groupon One-Timers)
EA-00444,19,Male,Urban,81500,Skincare,Facebook Ad,Mobile,0.5,High,1,379.55,2,Self-Care Sena (Facebook One-Timers)
EA-03605,41,Female,Suburban,106500,Wellness,Referral,Desktop,6.3,High,2,1136.47,3,Hamesha 25 Club (Referral Regulars)
EA-00196,32,Female,Urban,76000,Bargains,Facebook Ad,Mobile,5.1,Medium,1,328.49,2,Self-Care Sena (Facebook One-Timers)
EA-01116,28,Female,Urban,53500,Bargains,Facebook Ad,Desktop,0.4,High,1,319.65,2,Self-Care Sena (Facebook One-Timers)
EA-00766,30,Female,Rural,90000,Bargains,Facebook Ad,Mobile,0.4,High,3,463.26,2,Self-Care Sena (Facebook One-Timers)
EA-01946,39,Male,Urban,70500,Anti-aging,Referral,Mobile,5.7,Low,2,1115.62,3,Hamesha 25 Club (Referral Regulars)
EA-03248,41,Female,Suburban,102000,Skincare,Organic Search,Mobile,18.0,Medium,4,1519.34,1,Glow Ke Nawab (Organic VIPs)
EA-03003,27,Female,Urban,49000,Bargains,Facebook Ad,Mobile,6.3,High,1,526.09,2,Self-Care Sena (Facebook One-Timers)
EA-01433,28,Female,Urban,77500,Skincare,Facebook Ad,Mobile,2.1,High,1,561.21,2,Self-Care Sena (Facebook One-Timers)
EA-04201,30,Female,Urban,45000,Skincare,Facebook Ad,Mobile,0.8,Medium,1,597.87,2,Self-Care Sena (Facebook One-Timers)
EA-03096,24,Male,Suburban,43500,Bargains,Facebook Ad,Mobile,1.9,High,1,375.63,2,Self-Care Sena (Facebook One-Timers)
EA-02923,28,Female,Suburban,67500,Skincare,Facebook Ad,Tablet,1.6,Medium,1,389.89,2,Self-Care Sena (Facebook One-Timers)
EA-00645,24,Female,Suburban,52500,Bargains,Groupon,Tablet,2.9,High,1,248.32,0,Gayab Grahak (Groupon One-Timers)
EA-01050,26,Female,Urban,31500,Bargains,Facebook Ad,Mobile,0.7,High,1,372.51,2,Self-Care Sena (Facebook One-Timers)
EA-03746,38,Female,Urban,111000,Anti-aging,Organic Search,Desktop,10.3,Low,5,2500.0,1,Glow Ke Nawab (Organic VIPs)
EA-04094,29,Female,Suburban,46000,Bargains,Facebook Ad,Mobile,0.4,Low,1,187.86,2,Self-Care Sena (Facebook One-Timers)
EA-04404,19,Female,Urban,46500,Wellness,Facebook Ad,Mobile,3.6,High,1,445.73,2,Self-Care Sena (Facebook One-Timers)
EA-00121,37,Female,Rural,35000,Anti-aging,Groupon,Mobile,3.3,High,1,326.13,0,Gayab Grahak (Groupon One-Timers)
EA-02053,26,Female,Urban,65000,Bargains,Groupon,Mobile,5.0,Medium,1,290.32,0,Gayab Grahak (Groupon One-Timers)
EA-04259,46,Female,Urban,59000,Wellness,Referral,Desktop,6.6,Low,2,653.58,3,Hamesha 25 Club (Referral Regulars)
EA-04889,30,Female,Urban,63000,Bargains,Facebook Ad,Mobile,3.4,High,1,339.83,2,Self-Care Sena (Facebook One-Timers)
EA-04335,43,Female,Rural,93000,Wellness,Organic Search,Mobile,13.3,Low,3,1930.85,1,Glow Ke Nawab (Organic VIPs)
EA-04692,29,Female,Urban,65500,Bargains,Facebook Ad,Mobile,3.0,High,1,453.86,2,Self-Care Sena (Facebook One-Timers)
EA-00135,23,Female,Suburban,73500,Skincare,Groupon,Tablet,4.5,Medium,1,150.0,0,Gayab Grahak (Groupon One-Timers)
EA-02461,50,Female,Rural,68500,Skincare,Organic Search,Mobile,13.7,Medium,4,1608.04,1,Glow Ke Nawab (Organic VIPs)
EA-01955,50,Female,Urban,123500,Wellness,Referral,Mobile,7.2,Low,4,926.92,3,Hamesha 25 Club (Referral Regulars)
EA-02464,34,Female,Rural,59500,Bargains,Groupon,Mobile,1.2,High,1,542.36,0,Gayab Grahak (Groupon One-Timers)
EA-00185,46,Female,Urban,79000,Wellness,Organic Search,Mobile,6.9,Low,3,990.94,3,Hamesha 25 Club (Referral Regulars)
EA-01393,20,Male,Urban,63500,Bargains,Facebook Ad,Mobile,2.2,High,2,489.0,2,Self-Care Sena (Facebook One-Timers)
EA-02277,25,Female,Urban,42000,Bargains,Groupon,Tablet,4.6,High,3,279.25,0,Gayab Grahak (Groupon One-Timers)
EA-00512,49,Female,Urban,120500,Skincare,Organic Search,Mobile,19.2,Low,2,1931.93,1,Glow Ke Nawab (Organic VIPs)
EA-04730,40,Female,Urban,41000,Bargains,Groupon,Mobile,6.1,High,1,460.18,0,Gayab Grahak (Groupon One-Timers)
EA-04055,33,Female,Urban,127000,Skincare,Organic Search,Desktop,15.2,Medium,3,2080.02,1,Glow Ke Nawab (Organic VIPs)
EA-03138,37,Female,Urban,62500,Bargains,Facebook Ad,Mobile,5.5,Medium,1,219.5,2,Self-Care Sena (Facebook One-Timers)
EA-02670,30,Female,Urban,49500,Skincare,Groupon,Mobile,5.4,Medium,1,174.88,0,Gayab Grahak (Groupon One-Timers)
EA-04774,31,Female,Suburban,70500,Anti-aging,Groupon,Mobile,4.2,Low,1,326.96,0,Gayab Grahak (Groupon One-Timers)
EA-04862,36,Male,Suburban,87500,Skincare,Organic Search,Desktop,12.9,Medium,3,2079.99,1,Glow Ke Nawab (Organic VIPs)
EA-02118,36,Female,Suburban,80000,Bargains,Facebook Ad,Mobile,3.9,High,1,174.53,2,Self-Care Sena (Facebook One-Timers)
EA-00252,41,Female,Suburban,107500,Wellness,Organic Search,Desktop,15.2,Low,3,1644.89,1,Glow Ke Nawab (Organic VIPs)
EA-03527,33,Male,Suburban,23500,Skincare,Facebook Ad,Mobile,1.9,Medium,1,350.26,2,Self-Care Sena (Facebook One-Timers)
EA-03560,35,Male,Suburban,51000,Bargains,Groupon,Mobile,3.9,Medium,1,632.29,0,Gayab Grahak (Groupon One-Timers)
EA-04012,26,Female,Suburban,69000,Skincare,Facebook Ad,Mobile,3.5,High,1,347.37,2,Self-Care Sena (Facebook One-Timers)
EA-01508,35,Female,Rural,66000,Bargains,Groupon,Tablet,3.5,High,1,150.0,0,Gayab Grahak (Groupon One-Timers)
EA-00123,31,Female,Urban,52000,Bargains,Facebook Ad,Mobile,3.6,High,1,205.73,2,Self-Care Sena (Facebook One-Timers)
EA-04260,26,Female,Urban,27500,Skincare,Facebook Ad,Mobile,3.5,High,1,480.91,2,Self-Care Sena (Facebook One-Timers)
EA-03334,47,Female,Suburban,82500,Anti-aging,Facebook Ad,Mobile,6.6,High,1,260.7,2,Self-Care Sena (Facebook One-Timers)
EA-01872,35,Female,Suburban,83500,Bargains,Groupon,Mobile,3.9,High,1,292.25,0,Gayab Grahak (Groupon One-Timers)
EA-03693,26,Female,Suburban,55500,Bargains,Facebook Ad,Mobile,7.1,Medium,3,214.06,2,Self-Care Sena (Facebook One-Timers)
EA-00568,32,Female,Rural,69500,Bargains,Facebook Ad,Mobile,2.4,Medium,1,282.88,2,Self-Care Sena (Facebook One-Timers)
EA-01372,48,Female,Urban,130000,Wellness,Referral,Desktop,8.7,Low,2,923.98,3,Hamesha 25 Club (Referral Regulars)
EA-03186,35,Female,Suburban,52500,Bargains,Facebook Ad,Mobile,6.0,High,1,306.59,2,Self-Care Sena (Facebook One-Timers)
EA-03956,40,Female,Urban,61500,Bargains,Groupon,Tablet,3.3,High,1,293.22,0,Gayab Grahak (Groupon One-Timers)
EA-01057,58,Female,Urban,44000,Skincare,Referral,Mobile,7.0,Medium,3,492.66,3,Hamesha 25 Club (Referral Regulars)
EA-00857,41,Female,Suburban,119000,Skincare,Organic Search,Mobile,10.9,Medium,4,1963.55,1,Glow Ke Nawab (Organic VIPs)
EA-03839,41,Male,Suburban,100500,Wellness,Organic Search,Desktop,5.7,Low,3,1533.09,1,Glow Ke Nawab (Organic VIPs)
EA-02861,42,Female,Urban,43000,Anti-aging,Groupon,Mobile,6.6,High,1,574.48,0,Gayab Grahak (Groupon One-Timers)
EA-04770,39,Female,Urban,94000,Skincare,Organic Search,Mobile,18.5,Low,5,2242.83,1,Glow Ke Nawab (Organic VIPs)
EA-00777,32,Female,Suburban,66500,Wellness,Groupon,Mobile,2.3,High,1,340.82,0,Gayab Grahak (Groupon One-Timers)
EA-00721,32,Female,Suburban,81000,Bargains,Groupon,Mobile,6.5,Medium,1,487.35,0,Gayab Grahak (Groupon One-Timers)
EA-02711,48,Female,Urban,94000,Skincare,Referral,Mobile,8.9,Medium,2,734.75,3,Hamesha 25 Club (Referral Regulars)
EA-02655,29,Female,Rural,49000,Bargains,Groupon,Mobile,5.5,Low,1,150.0,0,Gayab Grahak (Groupon One-Timers)
EA-04878,40,Male,Suburban,98500,Anti-aging,Organic Search,Desktop,18.6,Low,5,1712.79,1,Glow Ke Nawab (Organic VIPs)
EA-00603,26,Female,Urban,79500,Wellness,Referral,Desktop,14.2,Medium,1,1094.64,3,Hamesha 25 Club (Referral Regulars)
EA-03823,30,Female,Rural,46500,Anti-aging,Groupon,Desktop,1.3,Medium,1,190.79,0,Gayab Grahak (Groupon One-Timers)
EA-01245,28,Female,Suburban,46500,Skincare,Facebook Ad,Mobile,3.3,Medium,3,243.58,2,Self-Care Sena (Facebook One-Timers)
EA-04846,31,Female,Suburban,53000,Bargains,Facebook Ad,Mobile,2.6,High,1,568.26,2,Self-Care Sena (Facebook One-Timers)
EA-04842,36,Female,Urban,70000,Bargains,Groupon,Mobile,5.6,High,1,257.39,0,Gayab Grahak (Groupon One-Timers)
EA-00319,43,Female,Suburban,68500,Bargains,Facebook Ad,Mobile,0.8,High,1,216.69,2,Self-Care Sena (Facebook One-Timers)
EA-00829,40,Female,Urban,67500,Anti-aging,Organic Search,Desktop,5.8,Medium,3,1239.64,3,Hamesha 25 Club (Referral Regulars)
EA-03264,20,Male,Suburban,47500,Skincare,Groupon,Mobile,3.7,High,1,314.34,0,Gayab Grahak (Groupon One-Timers)
EA-00275,46,Female,Urban,98500,Anti-aging,Organic Search,Desktop,10.8,Medium,2,1549.2,1,Glow Ke Nawab (Organic VIPs)
EA-02665,41,Female,Urban,32500,Bargains,Groupon,Mobile,2.4,High,1,413.41,0,Gayab Grahak (Groupon One-Timers)
EA-00550,26,Female,Suburban,63000,Bargains,Groupon,Mobile,4.3,High,1,477.36,0,Gayab Grahak (Groupon One-Timers)
EA-03642,36,Female,Suburban,55500,Skincare,Facebook Ad,Mobile,6.1,High,1,175.19,2,Self-Care Sena (Facebook One-Timers)
EA-04054,41,Female,Suburban,74500,Bargains,Groupon,Mobile,3.1,High,1,329.7,0,Gayab Grahak (Groupon One-Timers)
EA-04893,33,Female,Suburban,35500,Bargains,Groupon,Mobile,1.9,Medium,1,266.01,0,Gayab Grahak (Groupon One-Timers)
EA-02935,62,Female,Suburban,126500,Wellness,Organic Search,Mobile,14.5,Medium,4,1799.21,1,Glow Ke Nawab (Organic VIPs)
EA-00606,45,Female,Urban,57000,Wellness,Organic Search,Mobile,15.0,Medium,4,1965.66,1,Glow Ke Nawab (Organic VIPs)
EA-00897,34,Female,Rural,61000,Bargains,Facebook Ad,Tablet,6.5,High,3,320.59,2,Self-Care Sena (Facebook One-Timers)
EA-00528,49,Female,Urban,95000,Anti-aging,Referral,Mobile,9.6,Medium,3,930.65,3,Hamesha 25 Club (Referral Regulars)
EA-04608,20,Female,Suburban,44000,Bargains,Facebook Ad,Mobile,2.9,Low,1,265.13,2,Self-Care Sena (Facebook One-Timers)
EA-02348,33,Female,Suburban,161500,Skincare,Organic Search,Mobile,16.7,Medium,3,2101.13,1,Glow Ke Nawab (Organic VIPs)
EA-03440,25,Female,Suburban,36000,Skincare,Groupon,Mobile,5.9,High,1,217.73,0,Gayab Grahak (Groupon One-Timers)
EA-04999,26,Female,Urban,61500,Skincare,Facebook Ad,Mobile,2.0,High,1,467.12,2,Self-Care Sena (Facebook One-Timers)
EA-04827,35,Female,Urban,36000,Bargains,Facebook Ad,Mobile,0.9,High,1,416.37,2,Self-Care Sena (Facebook One-Timers)
EA-03923,39,Female,Suburban,61000,Bargains,Facebook Ad,Mobile,2.7,Medium,1,150.0,2,Self-Care Sena (Facebook One-Timers)
EA-00299,42,Female,Urban,152000,Anti-aging,Organic Search,Desktop,24.4,Medium,5,2340.2,1,Glow Ke Nawab (Organic VIPs)
EA-02120,30,Male,Suburban,25000,Bargains,Facebook Ad,Mobile,1.1,Medium,1,169.22,2,Self-Care Sena (Facebook One-Timers)
EA-02537,41,Female,Urban,149000,Skincare,Organic Search,Mobile,12.2,Medium,4,1954.78,1,Glow Ke Nawab (Organic VIPs)
EA-04204,19,Female,Suburban,56000,Bargains,Groupon,Mobile,4.7,High,1,314.83,0,Gayab Grahak (Groupon One-Timers)
EA-03255,21,Female,Suburban,45500,Bargains,Facebook Ad,Mobile,1.8,Low,1,463.3,2,Self-Care Sena (Facebook One-Timers)
EA-03726,42,Female,Urban,114000,Wellness,Organic Search,Mobile,21.8,Medium,5,1108.93,1,Glow Ke Nawab (Organic VIPs)
EA-01261,28,Female,Suburban,50500,Bargains,Facebook Ad,Mobile,6.6,High,1,385.67,2,Self-Care Sena (Facebook One-Timers)
EA-01559,43,Female,Suburban,26000,Anti-aging,Groupon,Tablet,2.5,High,1,307.9,0,Gayab Grahak (Groupon One-Timers)
EA-03270,26,Female,Suburban,68500,Bargains,Facebook Ad,Desktop,3.1,High,1,417.79,2,Self-Care Sena (Facebook One-Timers)
EA-04047,40,Female,Suburban,47000,Bargains,Facebook Ad,Mobile,5.3,High,1,284.15,2,Self-Care Sena (Facebook One-Timers)
EA-00757,30,Female,Urban,52500,Bargains,Facebook Ad,Mobile,3.5,High,1,172.79,2,Self-Care Sena (Facebook One-Timers)
EA-01011,47,Female,Suburban,110000,Anti-aging,Organic Search,Desktop,2.0,Low,3,1894.91,1,Glow Ke Nawab (Organic VIPs)
EA-02795,29,Female,Urban,114000,Anti-aging,Organic Search,Desktop,14.6,Low,3,1960.72,1,Glow Ke Nawab (Organic VIPs)
EA-02906,22,Female,Suburban,62000,Bargains,Groupon,Mobile,4.8,Medium,1,406.44,0,Gayab Grahak (Groupon One-Timers)
EA-01871,35,Female,Urban,31000,Anti-aging,Facebook Ad,Mobile,3.4,High,1,452.71,2,Self-Care Sena (Facebook One-Timers)
EA-02230,58,Male,Urban,152000,Anti-aging,Organic Search,Mobile,10.9,Low,3,1391.46,1,Glow Ke Nawab (Organic VIPs)
EA-01174,36,Female,Suburban,118000,Wellness,Organic Search,Desktop,6.3,Medium,2,2500.0,1,Glow Ke Nawab (Organic VIPs)
EA-01833,24,Female,Suburban,39500,Bargains,Groupon,Mobile,3.6,High,1,497.95,0,Gayab Grahak (Groupon One-Timers)
EA-00377,48,Non-binary,Rural,92000,Wellness,Referral,Mobile,2.8,Medium,3,632.43,3,Hamesha 25 Club (Referral Regulars)
EA-03854,35,Male,Rural,66000,Skincare,Facebook Ad,Mobile,3.9,High,1,401.18,2,Self-Care Sena (Facebook One-Timers)
EA-03617,37,Female,Urban,77500,Bargains,Facebook Ad,Mobile,2.1,High,1,482.77,2,Self-Care Sena (Facebook One-Timers)
EA-00799,28,Female,Urban,91500,Skincare,Organic Search,Mobile,16.1,Medium,4,2500.0,1,Glow Ke Nawab (Organic VIPs)
EA-00379,40,Female,Urban,51500,Bargains,Facebook Ad,Mobile,4.7,High,1,248.18,2,Self-Care Sena (Facebook One-Timers)
EA-01159,27,Female,Suburban,61000,Skincare,Groupon,Desktop,4.1,High,1,309.87,0,Gayab Grahak (Groupon One-Timers)
EA-03820,40,Female,Urban,91500,Skincare,Organic Search,Mobile,14.1,Low,5,1979.56,1,Glow Ke Nawab (Organic VIPs)
EA-02793,51,Female,Urban,147000,Anti-aging,Organic Search,Tablet,2.0,Low,2,1487.79,1,Glow Ke Nawab (Organic VIPs)
EA-02241,19,Female,Suburban,22000,Bargains,Facebook Ad,Mobile,0.8,High,1,513.09,2,Self-Care Sena (Facebook One-Timers)
EA-04036,33,Male,Suburban,45000,Wellness,Facebook Ad,Desktop,6.3,Medium,1,150.0,2,Self-Care Sena (Facebook One-Timers)
EA-02663,30,Female,Urban,69500,Skincare,Facebook Ad,Desktop,3.8,High,1,418.48,2,Self-Care Sena (Facebook One-Timers)
EA-04013,45,Female,Suburban,53000,Skincare,Referral,Mobile,5.8,Low,1,862.22,3,Hamesha 25 Club (Referral Regulars)
EA-02958,25,Female,Suburban,38000,Bargains,Facebook Ad,Mobile,2.1,Medium,2,150.0,2,Self-Care Sena (Facebook One-Timers)
EA-03928,45,Female,Suburban,85500,Anti-aging,Organic Search,Mobile,20.8,Medium,5,1280.8,1,Glow Ke Nawab (Organic VIPs)
EA-01039,34,Female,Urban,27000,Skincare,Groupon,Mobile,2.6,High,1,407.3,0,Gayab Grahak (Groupon One-Timers)
EA-03260,25,Female,Urban,47000,Bargains,Facebook Ad,Mobile,1.1,High,1,557.04,2,Self-Care Sena (Facebook One-Timers)
EA-01345,25,Female,Urban,78500,Skincare,Referral,Desktop,3.4,Low,2,836.21,3,Hamesha 25 Club (Referral Regulars)
EA-02506,26,Female,Urban,61500,Bargains,Facebook Ad,Mobile,3.3,High,1,522.95,2,Self-Care Sena (Facebook One-Timers)
EA-01722,31,Female,Suburban,59500,Skincare,Facebook Ad,Mobile,2.5,High,1,271.8,2,Self-Care Sena (Facebook One-Timers)
EA-04664,30,Female,Urban,63500,Bargains,Facebook Ad,Mobile,3.9,High,1,240.65,2,Self-Care Sena (Facebook One-Timers)
EA-00176,33,Male,Rural,82000,Anti-aging,Facebook Ad,Desktop,3.2,High,1,354.86,2,Self-Care Sena (Facebook One-Timers)
EA-04894,27,Female,Rural,62000,Bargains,Facebook Ad,Desktop,2.6,High,1,295.89,2,Self-Care Sena (Facebook One-Timers)
EA-01910,53,Female,Suburban,66500,Wellness,Referral,Desktop,8.1,Medium,4,413.02,3,Hamesha 25 Club (Referral Regulars)
EA-00046,44,Female,Urban,102000,Skincare,Organic Search,Desktop,17.5,Medium,4,2188.81,1,Glow Ke Nawab (Organic VIPs)
EA-03410,32,Female,Suburban,44500,Bargains,Facebook Ad,Mobile,5.1,Medium,2,321.54,2,Self-Care Sena (Facebook One-Timers)
EA-04675,49,Male,Urban,92500,Anti-aging,Organic Search,Mobile,14.8,Low,5,1663.45,1,Glow Ke Nawab (Organic VIPs)
EA-01076,37,Female,Suburban,59000,Bargains,Facebook Ad,Mobile,0.8,High,1,393.64,2,Self-Care Sena (Facebook One-Timers)
EA-02830,41,Female,Rural,81000,Skincare,Organic Search,Tablet,9.9,Low,2,2064.07,1,Glow Ke Nawab (Organic VIPs)
EA-01505,45,Female,Suburban,118000,Skincare,Organic Search,Desktop,21.5,Low,3,1909.6,1,Glow Ke Nawab (Organic VIPs)
EA-02310,48,Female,Urban,111500,Skincare,Referral,Mobile,6.1,Medium,3,967.6,3,Hamesha 25 Club (Referral Regulars)
EA-01437,26,Female,Suburban,62500,Bargains,Facebook Ad,Mobile,3.4,High,1,292.46,2,Self-Care Sena (Facebook One-Timers)
EA-02419,32,Female,Suburban,64500,Bargains,Facebook Ad,Desktop,4.8,Medium,1,409.06,2,Self-Care Sena (Facebook One-Timers)
EA-03987,31,Male,Urban,51500,Bargains,Facebook Ad,Mobile,4.3,High,1,705.57,2,Self-Care Sena (Facebook One-Timers)
EA-03099,23,Female,Suburban,44500,Bargains,Facebook Ad,Mobile,4.0,High,1,355.52,2,Self-Care Sena (Facebook One-Timers)
EA-04589,30,Male,Urban,58500,Bargains,Groupon,Mobile,4.6,High,1,150.0,0,Gayab Grahak (Groupon One-Timers)
EA-00284,28,Female,Urban,22500,Bargains,Facebook Ad,Mobile,4.2,Medium,1,206.16,2,Self-Care Sena (Facebook One-Timers)
EA-04919,36,Male,Rural,84500,Wellness,Referral,Mobile,5.6,Medium,3,346.86,3,Hamesha 25 Club (Referral Regulars)
EA-00843,26,Male,Suburban,78000,Bargains,Groupon,Mobile,1.0,Medium,1,624.26,0,Gayab Grahak (Groupon One-Timers)
EA-01514,40,Female,Suburban,84500,Wellness,Organic Search,Desktop,10.1,Low,4,1538.59,1,Glow Ke Nawab (Organic VIPs)
EA-01169,55,Female,Suburban,113500,Anti-aging,Organic Search,Desktop,11.6,Medium,1,2055.4,1,Glow Ke Nawab (Organic VIPs)
EA-01593,36,Female,Suburban,75000,Skincare,Referral,Desktop,1.4,Medium,3,967.91,3,Hamesha 25 Club (Referral Regulars)
EA-03461,33,Male,Urban,49000,Bargains,Groupon,Mobile,4.3,High,1,506.67,0,Gayab Grahak (Groupon One-Timers)
EA-03166,52,Male,Urban,146500,Wellness,Organic Search,Mobile,14.0,Medium,3,1749.96,1,Glow Ke Nawab (Organic VIPs)
EA-02285,28,Female,Rural,28000,Bargains,Facebook Ad,Mobile,2.8,High,1,456.62,2,Self-Care Sena (Facebook One-Timers)
EA-03576,25,Female,Suburban,58000,Bargains,Facebook Ad,Mobile,2.5,Low,1,319.25,2,Self-Care Sena (Facebook One-Timers)
EA-04871,21,Male,Urban,65500,Bargains,Groupon,Mobile,8.5,High,1,274.12,0,Gayab Grahak (Groupon One-Timers)
EA-02306,32,Female,Suburban,69000,Wellness,Facebook Ad,Mobile,3.2,Medium,1,150.0,2,Self-Care Sena (Facebook One-Timers)
EA-00953,32,Female,Suburban,58000,Bargains,Facebook Ad,Mobile,5.4,High,1,380.83,2,Self-Care Sena (Facebook One-Timers)
EA-04943,32,Male,Urban,58000,Bargains,Groupon,Mobile,2.2,High,1,414.43,0,Gayab Grahak (Groupon One-Timers)
EA-03054,49,Female,Urban,103500,Anti-aging,Organic Search,Mobile,15.0,Low,2,2500.0,1,Glow Ke Nawab (Organic VIPs)
EA-04560,41,Female,Suburban,49500,Skincare,Organic Search,Mobile,20.9,Low,4,2092.18,1,Glow Ke Nawab (Organic VIPs)
EA-02686,46,Female,Urban,86000,Wellness,Organic Search,Mobile,24.8,Low,6,2245.09,1,Glow Ke Nawab (Organic VIPs)
EA-01490,36,Female,Suburban,73000,Skincare,Groupon,Mobile,6.2,Medium,1,150.0,0,Gayab Grahak (Groupon One-Timers)
EA-00928,49,Male,Suburban,110500,Skincare,Organic Search,Desktop,11.7,Medium,1,2256.09,1,Glow Ke Nawab (Organic VIPs)
EA-01210,29,Female,Urban,62500,Skincare,Groupon,Mobile,5.7,High,1,225.26,0,Gayab Grahak (Groupon One-Timers)
EA-03974,31,Female,Urban,47000,Bargains,Facebook Ad,Mobile,2.7,High,1,401.69,2,Self-Care Sena (Facebook One-Timers)
EA-03546,27,Female,Urban,64000,Bargains,Groupon,Tablet,3.8,High,1,374.78,0,Gayab Grahak (Groupon One-Timers)
EA-04362,28,Female,Urban,36000,Bargains,Groupon,Mobile,8.0,High,1,424.47,0,Gayab Grahak (Groupon One-Timers)
EA-01922,36,Female,Urban,70500,Skincare,Facebook Ad,Mobile,1.4,High,1,502.52,2,Self-Care Sena (Facebook One-Timers)
EA-00352,28,Female,Rural,59000,Skincare,Facebook Ad,Mobile,2.2,High,1,228.34,2,Self-Care Sena (Facebook One-Timers)
EA-04899,28,Female,Rural,89000,Skincare,Organic Search,Desktop,10.5,Medium,3,2223.62,1,Glow Ke Nawab (Organic VIPs)
EA-03394,29,Female,Suburban,33000,Bargains,Facebook Ad,Mobile,0.4,High,1,354.24,2,Self-Care Sena (Facebook One-Timers)
EA-02722,55,Female,Suburban,102000,Anti-aging,Organic Search,Desktop,18.7,Medium,3,1909.71,1,Glow Ke Nawab (Organic VIPs)
EA-04982,30,Female,Urban,93000,Bargains,Facebook Ad,Mobile,3.5,Medium,1,256.23,2,Self-Care Sena (Facebook One-Timers)
EA-00719,40,Female,Suburban,103500,Skincare,Organic Search,Desktop,14.2,Medium,3,1689.03,1,Glow Ke Nawab (Organic VIPs)
EA-02703,31,Female,Urban,52000,Bargains,Facebook Ad,Desktop,2.8,Medium,1,297.64,2,Self-Care Sena (Facebook One-Timers)
EA-02723,35,Female,Suburban,53500,Bargains,Facebook Ad,Tablet,6.5,High,1,546.63,2,Self-Care Sena (Facebook One-Timers)
EA-04562,23,Female,Urban,45000,Bargains,Facebook Ad,Tablet,5.4,High,4,454.31,2,Self-Care Sena (Facebook One-Timers)
EA-00309,24,Female,Suburban,49000,Anti-aging,Facebook Ad,Desktop,2.0,High,1,309.76,2,Self-Care Sena (Facebook One-Timers)
EA-01676,40,Female,Urban,85000,Skincare,Referral,Mobile,10.4,Medium,3,865.09,3,Hamesha 25 Club (Referral Regulars)
EA-00834,47,Male,Suburban,116500,Skincare,Organic Search,Mobile,18.0,Low,4,1531.33,1,Glow Ke Nawab (Organic VIPs)
EA-00367,40,Female,Urban,81000,Anti-aging,Organic Search,Mobile,12.6,Low,2,1987.53,1,Glow Ke Nawab (Organic VIPs)
EA-04507,29,Female,Suburban,33500,Bargains,Groupon,Mobile,2.9,High,1,476.78,0,Gayab Grahak (Groupon One-Timers)
EA-02079,26,Female,Urban,64500,Bargains,Facebook Ad,Desktop,7.9,Medium,1,397.35,2,Self-Care Sena (Facebook One-Timers)
EA-04039,19,Female,Suburban,43500,Skincare,Facebook Ad,Mobile,0.9,High,1,234.48,2,Self-Care Sena (Facebook One-Timers)
EA-04847,26,Male,Rural,38000,Skincare,Facebook Ad,Mobile,5.5,Medium,1,311.62,2,Self-Care Sena (Facebook One-Timers)
EA-04480,42,Non-binary,Urban,90500,Skincare,Referral,Mobile,13.7,Medium,1,377.16,3,Hamesha 25 Club (Referral Regulars)
EA-01747,50,Female,Urban,81500,Skincare,Organic Search,Desktop,17.5,Low,4,1861.36,1,Glow Ke Nawab (Organic VIPs)
EA-00020,38,Female,Suburban,74000,Bargains,Groupon,Mobile,4.1,High,1,322.17,0,Gayab Grahak (Groupon One-Timers)
EA-01323,33,Female,Urban,80000,Bargains,Facebook Ad,Mobile,5.0,High,1,326.32,2,Self-Care Sena (Facebook One-Timers)
EA-03568,33,Female,Urban,90500,Wellness,Groupon,Mobile,3.0,High,1,418.88,0,Gayab Grahak (Groupon One-Timers)
EA-02522,31,Female,Urban,63000,Bargains,Groupon,Mobile,2.9,High,2,709.33,0,Gayab Grahak (Groupon One-Timers)
EA-00219,53,Female,Suburban,49000,Skincare,Referral,Desktop,8.1,High,1,691.45,3,Hamesha 25 Club (Referral Regulars)
EA-01488,35,Female,Suburban,67000,Wellness,Groupon,Mobile,4.8,High,2,191.03,0,Gayab Grahak (Groupon One-Timers)
EA-00439,55,Male,Suburban,102000,Wellness,Organic Search,Tablet,15.5,Low,3,2111.59,1,Glow Ke Nawab (Organic VIPs)
EA-04175,48,Female,Rural,83000,Wellness,Organic Search,Desktop,14.6,Low,3,2080.09,1,Glow Ke Nawab (Organic VIPs)
EA-02751,33,Female,Rural,61000,Bargains,Facebook Ad,Mobile,7.0,High,1,210.45,2,Self-Care Sena (Facebook One-Timers)
EA-03289,40,Female,Urban,43000,Bargains,Facebook Ad,Tablet,2.7,High,1,177.1,2,Self-Care Sena (Facebook One-Timers)
EA-03434,19,Female,Suburban,53000,Bargains,Facebook Ad,Mobile,2.5,High,1,424.15,2,Self-Care Sena (Facebook One-Timers)
EA-02526,32,Female,Urban,43000,Bargains,Facebook Ad,Mobile,3.7,High,1,382.06,2,Self-Care Sena (Facebook One-Timers)
EA-04651,28,Female,Suburban,97500,Wellness,Organic Search,Desktop,23.8,Low,6,2456.53,1,Glow Ke Nawab (Organic VIPs)
EA-03689,20,Female,Urban,38000,Bargains,Groupon,Mobile,4.4,High,1,269.83,0,Gayab Grahak (Groupon One-Timers)
EA-02764,26,Female,Urban,25500,Bargains,Facebook Ad,Mobile,3.8,High,1,150.0,2,Self-Care Sena (Facebook One-Timers)
EA-00803,32,Male,Suburban,55500,Wellness,Referral,Mobile,14.8,Medium,3,1168.93,3,Hamesha 25 Club (Referral Regulars)
EA-02998,33,Female,Suburban,60000,Bargains,Facebook Ad,Mobile,0.4,High,1,286.94,2,Self-Care Sena (Facebook One-Timers)
EA-02229,37,Female,Urban,65000,Bargains,Facebook Ad,Mobile,6.3,Medium,1,259.52,2,Self-Care Sena (Facebook One-Timers)
EA-04786,30,Female,Rural,107500,Skincare,Organic Search,Mobile,13.6,Low,5,2392.81,1,Glow Ke Nawab (Organic VIPs)
EA-02078,36,Female,Rural,49000,Bargains,Facebook Ad,Mobile,2.3,High,1,333.27,2,Self-Care Sena (Facebook One-Timers)
EA-00583,20,Female,Suburban,32000,Anti-aging,Facebook Ad,Mobile,5.5,High,1,407.64,2,Self-Care Sena (Facebook One-Timers)
EA-00204,32,Male,Urban,41500,Bargains,Facebook Ad,Desktop,1.2,High,1,472.42,2,Self-Care Sena (Facebook One-Timers)
EA-04347,28,Female,Urban,71000,Skincare,Organic Search,Desktop,26.0,Medium,7,2227.93,1,Glow Ke Nawab (Organic VIPs)
EA-03479,68,Female,Urban,85000,Skincare,Referral,Tablet,8.8,Low,3,774.5,3,Hamesha 25 Club (Referral Regulars)
EA-02930,34,Female,Urban,108500,Anti-aging,Organic Search,Tablet,11.9,Low,4,2413.61,1,Glow Ke Nawab (Organic VIPs)
EA-03086,23,Female,Urban,53500,Skincare,Facebook Ad,Mobile,4.1,High,1,405.93,2,Self-Care Sena (Facebook One-Timers)
EA-01019,31,Female,Suburban,52500,Skincare,Facebook Ad,Mobile,4.7,Medium,1,348.73,2,Self-Care Sena (Facebook One-Timers)
EA-01584,30,Male,Urban,63500,Wellness,Facebook Ad,Tablet,3.8,Medium,3,338.72,2,Self-Care Sena (Facebook One-Timers)
EA-01033,36,Female,Suburban,36000,Bargains,Groupon,Mobile,4.4,Medium,1,254.37,0,Gayab Grahak (Groupon One-Timers)
EA-01719,29,Female,Suburban,121000,Anti-aging,Organic Search,Mobile,25.0,Medium,5,2500.0,1,Glow Ke Nawab (Organic VIPs)
EA-01282,31,Female,Suburban,65000,Bargains,Facebook Ad,Mobile,5.6,High,1,336.52,2,Self-Care Sena (Facebook One-Timers)
EA-02499,28,Female,Urban,110000,Skincare,Organic Search,Mobile,5.3,Low,2,2034.85,1,Glow Ke Nawab (Organic VIPs)
EA-03351,29,Female,Urban,40000,Bargains,Facebook Ad,Mobile,3.9,High,1,318.18,2,Self-Care Sena (Facebook One-Timers)
EA-00518,43,Female,Suburban,128500,Skincare,Organic Search,Mobile,20.1,Low,5,1020.63,1,Glow Ke Nawab (Organic VIPs)
EA-01748,34,Female,Urban,49500,Wellness,Groupon,Mobile,6.2,High,1,371.99,0,Gayab Grahak (Groupon One-Timers)
EA-04653,45,Female,Urban,26500,Skincare,Facebook Ad,Mobile,3.1,High,1,255.32,2,Self-Care Sena (Facebook One-Timers)
EA-03733,32,Female,Urban,69500,Wellness,Groupon,Mobile,4.4,High,1,376.28,0,Gayab Grahak (Groupon One-Timers)
EA-00669,42,Female,Suburban,32500,Bargains,Facebook Ad,Mobile,3.8,High,1,610.61,2,Self-Care Sena (Facebook One-Timers)
EA-04060,44,Female,Suburban,77500,Skincare,Organic Search,Desktop,13.3,Medium,4,2158.55,1,Glow Ke Nawab (Organic VIPs)
EA-03027,30,Female,Urban,66000,Bargains,Facebook Ad,Tablet,2.8,Medium,1,329.0,2,Self-Care Sena (Facebook One-Timers)
EA-04933,41,Female,Urban,80000,Skincare,Organic Search,Mobile,18.2,Medium,4,1975.22,1,Glow Ke Nawab (Organic VIPs)
EA-03287,35,Female,Rural,46500,Bargains,Groupon,Desktop,6.7,High,1,172.76,0,Gayab Grahak (Groupon One-Timers)
EA-02651,50,Female,Suburban,112000,Skincare,Referral,Mobile,6.3,Low,2,742.53,3,Hamesha 25 Club (Referral Regulars)
EA-04454,32,Female,Suburban,69500,Wellness,Organic Search,Mobile,14.6,Low,3,2500.0,1,Glow Ke Nawab (Organic VIPs)
EA-03193,25,Female,Urban,56000,Bargains,Groupon,Mobile,3.6,High,1,548.5,0,Gayab Grahak (Groupon One-Timers)
EA-02125,28,Female,Suburban,52000,Anti-aging,Facebook Ad,Mobile,6.5,Low,1,321.03,2,Self-Care Sena (Facebook One-Timers)
EA-03376,35,Female,Urban,57000,Skincare,Groupon,Mobile,3.1,High,1,318.56,0,Gayab Grahak (Groupon One-Timers)
EA-03393,39,Female,Rural,78500,Wellness,Referral,Mobile,11.6,Medium,5,645.06,3,Hamesha 25 Club (Referral Regulars)
EA-03486,28,Female,Urban,114000,Skincare,Organic Search,Mobile,16.7,High,6,2038.13,1,Glow Ke Nawab (Organic VIPs)
EA-00760,35,Female,Urban,28500,Skincare,Groupon,Desktop,4.3,High,1,357.22,0,Gayab Grahak (Groupon One-Timers)
EA-03380,49,Female,Suburban,45500,Anti-aging,Referral,Mobile,6.3,Medium,2,977.66,3,Hamesha 25 Club (Referral Regulars)
EA-04441,29,Female,Suburban,84000,Bargains,Facebook Ad,Mobile,1.1,High,1,464.78,2,Self-Care Sena (Facebook One-Timers)
EA-02527,41,Female,Suburban,90500,Skincare,Referral,Mobile,11.4,Low,2,936.57,3,Hamesha 25 Club (Referral Regulars)
EA-04859,34,Female,Urban,78000,Anti-aging,Facebook Ad,Mobile,3.4,High,1,157.55,2,Self-Care Sena (Facebook One-Timers)
EA-00908,40,Female,Urban,70000,Anti-aging,Facebook Ad,Mobile,4.9,Medium,1,204.75,2,Self-Care Sena (Facebook One-Timers)
EA-02684,28,Female,Urban,68000,Bargains,Groupon,Tablet,3.1,Medium,1,336.77,0,Gayab Grahak (Groupon One-Timers)
EA-00215,35,Female,Suburban,144000,Wellness,Organic Search,Desktop,18.0,Medium,3,2496.13,1,Glow Ke Nawab (Organic VIPs)
EA-03332,36,Female,Urban,70500,Skincare,Facebook Ad,Mobile,2.6,High,1,241.86,2,Self-Care Sena (Facebook One-Timers)
EA-04459,38,Male,Suburban,49500,Bargains,Facebook Ad,Mobile,4.7,High,2,150.0,2,Self-Care Sena (Facebook One-Timers)
EA-00694,30,Female,Urban,47000,Skincare,Facebook Ad,Mobile,4.3,High,1,502.95,2,Self-Care Sena (Facebook One-Timers)
EA-01504,25,Female,Urban,67500,Bargains,Groupon,Mobile,1.7,Medium,1,401.98,0,Gayab Grahak (Groupon One-Timers)
EA-02415,32,Female,Suburban,69500,Bargains,Groupon,Desktop,3.6,High,2,239.12,0,Gayab Grahak (Groupon One-Timers)
EA-02119,22,Female,Suburban,37500,Bargains,Facebook Ad,Mobile,2.4,Medium,1,386.43,2,Self-Care Sena (Facebook One-Timers)
EA-03859,41,Female,Suburban,92000,Wellness,Organic Search,Desktop,12.2,Low,4,1907.46,1,Glow Ke Nawab (Organic VIPs)
EA-02463,41,Female,Urban,65500,Skincare,Facebook Ad,Mobile,1.6,High,1,322.31,2,Self-Care Sena (Facebook One-Timers)
EA-03636,23,Female,Suburban,73000,Bargains,Facebook Ad,Mobile,2.1,High,1,230.86,2,Self-Care Sena (Facebook One-Timers)
EA-04106,27,Female,Suburban,47500,Bargains,Facebook Ad,Tablet,1.6,High,1,443.62,2,Self-Care Sena (Facebook One-Timers)
EA-04479,41,Male,Suburban,75000,Anti-aging,Organic Search,Tablet,14.1,Medium,4,1941.15,1,Glow Ke Nawab (Organic VIPs)
EA-00197,20,Female,Urban,42500,Wellness,Groupon,Mobile,2.7,High,1,407.65,0,Gayab Grahak (Groupon One-Timers)
EA-04668,41,Female,Suburban,73500,Skincare,Facebook Ad,Mobile,4.0,High,2,242.1,2,Self-Care Sena (Facebook One-Timers)
EA-01544,37,Female,Urban,46500,Bargains,Facebook Ad,Mobile,3.4,High,1,333.3,2,Self-Care Sena (Facebook One-Timers)
EA-01331,46,Female,Urban,87500,Skincare,Organic Search,Desktop,12.9,Low,4,1957.84,1,Glow Ke Nawab (Organic VIPs)
EA-00880,20,Female,Suburban,60000,Bargains,Groupon,Mobile,3.0,High,1,233.87,0,Gayab Grahak (Groupon One-Timers)
EA-04503,40,Female,Suburban,78500,Bargains,Groupon,Mobile,2.6,High,1,347.11,0,Gayab Grahak (Groupon One-Timers)
EA-03502,27,Female,Urban,61500,Anti-aging,Groupon,Mobile,3.1,High,1,278.56,0,Gayab Grahak (Groupon One-Timers)
EA-03895,25,Male,Urban,51500,Skincare,Referral,Desktop,19.1,Medium,4,338.52,3,Hamesha 25 Club (Referral Regulars)
EA-04991,32,Female,Urban,35500,Skincare,Facebook Ad,Tablet,1.6,High,1,392.75,2,Self-Care Sena (Facebook One-Timers)
EA-00888,23,Male,Urban,59000,Skincare,Facebook Ad,Mobile,1.7,High,1,193.17,2,Self-Care Sena (Facebook One-Timers)
EA-01346,33,Female,Suburban,77500,Bargains,Groupon,Mobile,2.9,High,1,436.68,0,Gayab Grahak (Groupon One-Timers)
EA-00069,36,Male,Urban,89000,Skincare,Facebook Ad,Mobile,2.3,High,3,345.76,2,Self-Care Sena (Facebook One-Timers)
EA-04211,49,Male,Rural,137500,Wellness,Organic Search,Desktop,16.5,High,4,1918.75,1,Glow Ke Nawab (Organic VIPs)
EA-01816,29,Female,Rural,53000,Bargains,Groupon,Tablet,3.5,High,1,444.22,0,Gayab Grahak (Groupon One-Timers)
EA-00569,24,Female,Urban,52500,Skincare,Facebook Ad,Mobile,3.7,High,1,306.73,2,Self-Care Sena (Facebook One-Timers)
EA-02168,24,Female,Urban,56000,Bargains,Groupon,Mobile,3.5,High,1,180.49,0,Gayab Grahak (Groupon One-Timers)
EA-00097,32,Female,Suburban,70500,Skincare,Facebook Ad,Desktop,5.5,High,1,166.55,2,Self-Care Sena (Facebook One-Timers)
EA-04182,38,Male,Urban,40000,Bargains,Facebook Ad,Mobile,7.5,High,1,288.85,2,Self-Care Sena (Facebook One-Timers)
EA-03354,36,Female,Suburban,48500,Bargains,Facebook Ad,Tablet,7.2,High,1,288.51,2,Self-Care Sena (Facebook One-Timers)
EA-00140,29,Non-binary,Urban,68500,Bargains,Facebook Ad,Mobile,0.6,High,1,442.73,2,Self-Care Sena (Facebook One-Timers)
EA-04955,20,Female,Urban,60500,Bargains,Facebook Ad,Mobile,1.2,High,1,387.94,2,Self-Care Sena (Facebook One-Timers)
EA-02603,20,Female,Urban,47500,Skincare,Groupon,Mobile,3.0,Medium,1,354.39,0,Gayab Grahak (Groupon One-Timers)
EA-04024,48,Female,Suburban,77500,Bargains,Referral,Desktop,2.0,Low,2,973.92,3,Hamesha 25 Club (Referral Regulars)
EA-04773,19,Female,Suburban,43500,Wellness,Facebook Ad,Mobile,7.0,High,1,150.0,2,Self-Care Sena (Facebook One-Timers)
EA-01607,28,Female,Urban,108000,Wellness,Referral,Mobile,9.6,Medium,3,864.11,3,Hamesha 25 Club (Referral Regulars)
EA-01630,35,Female,Suburban,43000,Bargains,Groupon,Mobile,3.3,Medium,1,590.5,0,Gayab Grahak (Groupon One-Timers)
EA-01540,26,Female,Suburban,22000,Skincare,Groupon,Mobile,2.4,High,1,368.52,0,Gayab Grahak (Groupon One-Timers)
EA-01695,39,Female,Suburban,49000,Anti-aging,Organic Search,Mobile,20.1,Medium,4,1935.36,1,Glow Ke Nawab (Organic VIPs)
EA-02060,28,Male,Suburban,51000,Bargains,Facebook Ad,Mobile,5.8,High,1,325.93,2,Self-Care Sena (Facebook One-Timers)
EA-00464,27,Female,Suburban,58500,Skincare,Facebook Ad,Mobile,2.5,High,1,539.32,2,Self-Care Sena (Facebook One-Timers)
EA-02331,23,Female,Urban,38500,Bargains,Groupon,Mobile,4.4,High,1,404.04,0,Gayab Grahak (Groupon One-Timers)
EA-03044,30,Female,Suburban,75000,Bargains,Groupon,Tablet,0.4,High,1,438.16,0,Gayab Grahak (Groupon One-Timers)
EA-04735,43,Female,Suburban,61000,Bargains,Referral,Desktop,1.0,Low,1,435.75,3,Hamesha 25 Club (Referral Regulars)
EA-00595,35,Non-binary,Suburban,58500,Bargains,Facebook Ad,Mobile,3.1,High,1,371.59,2,Self-Care Sena (Facebook One-Timers)
EA-03815,34,Female,Suburban,55000,Skincare,Groupon,Mobile,0.8,Medium,2,214.03,0,Gayab Grahak (Groupon One-Timers)
EA-00626,24,Female,Urban,52000,Bargains,Groupon,Mobile,3.2,High,1,479.93,0,Gayab Grahak (Groupon One-Timers)
EA-00451,24,Female,Suburban,67000,Bargains,Facebook Ad,Mobile,1.8,High,1,197.14,2,Self-Care Sena (Facebook One-Timers)
EA-01500,28,Female,Suburban,107000,Skincare,Organic Search,Mobile,20.8,Low,4,1879.47,1,Glow Ke Nawab (Organic VIPs)
EA-02457,28,Non-binary,Urban,58000,Bargains,Groupon,Tablet,4.6,Medium,1,547.89,0,Gayab Grahak (Groupon One-Timers)
EA-04723,25,Male,Urban,43500,Skincare,Facebook Ad,Mobile,3.1,Medium,1,381.68,2,Self-Care Sena (Facebook One-Timers)
EA-02985,32,Female,Suburban,49000,Skincare,Facebook Ad,Mobile,2.3,High,1,370.5,2,Self-Care Sena (Facebook One-Timers)
EA-01570,33,Female,Rural,34000,Bargains,Groupon,Mobile,5.0,Medium,1,298.48,0,Gayab Grahak (Groupon One-Timers)
EA-01035,32,Female,Urban,49000,Bargains,Groupon,Mobile,2.5,High,1,409.77,0,Gayab Grahak (Groupon One-Timers)
EA-03519,29,Female,Urban,84000,Bargains,Groupon,Mobile,5.2,Medium,1,306.27,0,Gayab Grahak (Groupon One-Timers)
EA-01558,41,Female,Urban,69500,Anti-aging,Groupon,Tablet,0.5,High,1,586.63,0,Gayab Grahak (Groupon One-Timers)
EA-03625,55,Female,Suburban,125500,Skincare,Organic Search,Desktop,10.3,Low,2,1459.79,1,Glow Ke Nawab (Organic VIPs)
EA-04665,25,Female,Rural,59500,Wellness,Groupon,Mobile,1.3,High,1,361.55,0,Gayab Grahak (Groupon One-Timers)
EA-00151,45,Female,Suburban,98500,Skincare,Organic Search,Mobile,19.8,Low,5,2485.77,1,Glow Ke Nawab (Organic VIPs)
EA-01421,35,Female,Urban,94000,Wellness,Organic Search,Mobile,26.4,Medium,6,1965.76,1,Glow Ke Nawab (Organic VIPs)
EA-02012,19,Male,Urban,46500,Anti-aging,Facebook Ad,Desktop,4.1,High,1,464.08,2,Self-Care Sena (Facebook One-Timers)
EA-02687,26,Female,Suburban,54000,Skincare,Facebook Ad,Mobile,5.2,High,1,366.72,2,Self-Care Sena (Facebook One-Timers)
EA-01787,32,Female,Suburban,54000,Bargains,Facebook Ad,Mobile,1.8,High,1,319.48,2,Self-Care Sena (Facebook One-Timers)
EA-00089,33,Female,Suburban,73500,Bargains,Facebook Ad,Mobile,4.1,High,1,319.29,2,Self-Care Sena (Facebook One-Timers)
EA-00458,37,Male,Suburban,51000,Bargains,Groupon,Mobile,3.3,High,1,283.91,0,Gayab Grahak (Groupon One-Timers)
EA-01306,30,Female,Suburban,96000,Anti-aging,Referral,Mobile,11.9,Low,3,1184.75,3,Hamesha 25 Club (Referral Regulars)
EA-02926,19,Female,Urban,39500,Skincare,Groupon,Mobile,3.5,Medium,1,389.89,0,Gayab Grahak (Groupon One-Timers)
EA-03271,47,Female,Urban,132500,Anti-aging,Referral,Desktop,14.7,Medium,2,911.11,3,Hamesha 25 Club (Referral Regulars)
EA-03228,20,Female,Suburban,78000,Bargains,Facebook Ad,Desktop,2.7,High,1,448.6,2,Self-Care Sena (Facebook One-Timers)
EA-01989,47,Female,Suburban,93500,Skincare,Referral,Mobile,15.7,Low,4,564.28,3,Hamesha 25 Club (Referral Regulars)
EA-03755,23,Female,Urban,71000,Wellness,Groupon,Mobile,0.4,High,1,242.37,0,Gayab Grahak (Groupon One-Timers)
EA-03647,27,Female,Urban,47000,Bargains,Facebook Ad,Mobile,3.3,High,1,452.9,2,Self-Care Sena (Facebook One-Timers)
EA-00832,36,Female,Suburban,98000,Anti-aging,Groupon,Tablet,0.8,High,1,378.89,0,Gayab Grahak (Groupon One-Timers)
EA-00240,38,Female,Suburban,38500,Bargains,Facebook Ad,Desktop,5.1,High,1,287.46,2,Self-Care Sena (Facebook One-Timers)
EA-04682,35,Male,Rural,68000,Bargains,Facebook Ad,Mobile,2.8,High,1,307.93,2,Self-Care Sena (Facebook One-Timers)
EA-03023,19,Female,Urban,73000,Bargains,Groupon,Mobile,2.6,High,1,441.58,0,Gayab Grahak (Groupon One-Timers)
EA-03149,41,Female,Urban,71000,Skincare,Organic Search,Mobile,20.3,Medium,5,2029.62,1,Glow Ke Nawab (Organic VIPs)
EA-01947,32,Female,Urban,49000,Bargains,Facebook Ad,Mobile,2.5,Medium,1,284.34,2,Self-Care Sena (Facebook One-Timers)
EA-02776,34,Female,Urban,71500,Bargains,Facebook Ad,Mobile,0.4,High,1,385.5,2,Self-Care Sena (Facebook One-Timers)
EA-00193,25,Male,Suburban,69500,Skincare,Facebook Ad,Mobile,4.7,High,1,337.99,2,Self-Care Sena (Facebook One-Timers)
EA-04850,33,Female,Urban,90000,Anti-aging,Organic Search,Mobile,26.4,High,6,1523.05,1,Glow Ke Nawab (Organic VIPs)
EA-04940,21,Male,Suburban,80000,Skincare,Facebook Ad,Mobile,3.0,Medium,1,415.3,2,Self-Care Sena (Facebook One-Timers)
EA-00945,28,Female,Suburban,48000,Skincare,Groupon,Mobile,2.8,Low,1,527.85,0,Gayab Grahak (Groupon One-Timers)
EA-01269,27,Female,Urban,47000,Bargains,Groupon,Mobile,4.6,High,1,150.0,0,Gayab Grahak (Groupon One-Timers)
EA-04232,39,Female,Suburban,43500,Skincare,Facebook Ad,Mobile,5.9,Medium,1,473.39,2,Self-Care Sena (Facebook One-Timers)
EA-02308,27,Female,Urban,25000,Bargains,Groupon,Mobile,1.2,High,1,160.71,0,Gayab Grahak (Groupon One-Timers)
EA-04425,30,Female,Urban,51000,Bargains,Groupon,Mobile,2.9,Medium,1,445.67,0,Gayab Grahak (Groupon One-Timers)
EA-04712,34,Male,Suburban,90000,Bargains,Facebook Ad,Mobile,4.0,High,1,405.8,2,Self-Care Sena (Facebook One-Timers)
EA-02314,33,Female,Suburban,50500,Skincare,Facebook Ad,Mobile,2.3,Medium,1,396.51,2,Self-Care Sena (Facebook One-Timers)
EA-03215,22,Male,Suburban,42000,Skincare,Facebook Ad,Mobile,4.3,Medium,1,247.37,2,Self-Care Sena (Facebook One-Timers)
EA-02733,29,Female,Rural,52500,Anti-aging,Groupon,Mobile,0.6,High,1,625.12,0,Gayab Grahak (Groupon One-Timers)
EA-01927,33,Female,Urban,62000,Bargains,Facebook Ad,Mobile,4.7,High,1,494.6,2,Self-Care Sena (Facebook One-Timers)
EA-04228,33,Female,Suburban,67000,Bargains,Facebook Ad,Mobile,3.1,Low,1,538.68,2,Self-Care Sena (Facebook One-Timers)
EA-04677,26,Female,Suburban,58500,Skincare,Facebook Ad,Mobile,2.2,High,1,339.08,2,Self-Care Sena (Facebook One-Timers)
EA-00801,64,Female,Urban,91000,Skincare,Organic Search,Desktop,2.0,Low,3,1892.8,1,Glow Ke Nawab (Organic VIPs)
EA-03672,34,Female,Suburban,67000,Bargains,Groupon,Mobile,4.8,High,1,451.05,0,Gayab Grahak (Groupon One-Timers)
EA-04194,47,Female,Urban,111500,Skincare,Organic Search,Desktop,16.8,Medium,4,2433.48,1,Glow Ke Nawab (Organic VIPs)
EA-02969,30,Female,Rural,26500,Skincare,Groupon,Mobile,1.5,High,1,344.66,0,Gayab Grahak (Groupon One-Timers)
EA-04794,53,Female,Urban,106000,Skincare,Referral,Mobile,10.7,Medium,2,1085.75,3,Hamesha 25 Club (Referral Regulars)
EA-04369,34,Female,Suburban,78500,Bargains,Facebook Ad,Mobile,2.3,High,1,349.58,2,Self-Care Sena (Facebook One-Timers)
EA-02777,20,Male,Urban,67500,Bargains,Groupon,Mobile,5.9,High,1,357.21,0,Gayab Grahak (Groupon One-Timers)
EA-02971,30,Female,Urban,43000,Wellness,Groupon,Mobile,4.8,High,2,357.57,0,Gayab Grahak (Groupon One-Timers)
EA-03868,34,Male,Urban,53000,Bargains,Facebook Ad,Mobile,1.2,Medium,1,289.5,2,Self-Care Sena (Facebook One-Timers)
EA-01744,36,Female,Suburban,70500,Wellness,Referral,Desktop,5.7,Low,1,1077.92,3,Hamesha 25 Club (Referral Regulars)
EA-03949,49,Female,Suburban,85000,Wellness,Organic Search,Desktop,18.8,Low,4,1755.55,1,Glow Ke Nawab (Organic VIPs)
EA-03803,39,Non-binary,Suburban,29500,Wellness,Facebook Ad,Mobile,3.5,High,3,516.7,2,Self-Care Sena (Facebook One-Timers)
EA-02025,29,Female,Suburban,46500,Bargains,Groupon,Mobile,4.0,High,1,295.09,0,Gayab Grahak (Groupon One-Timers)
EA-02275,52,Female,Urban,95500,Wellness,Organic Search,Desktop,10.8,Medium,3,1407.73,1,Glow Ke Nawab (Organic VIPs)
EA-00100,37,Female,Suburban,117000,Anti-aging,Referral,Desktop,14.1,Low,2,984.05,3,Hamesha 25 Club (Referral Regulars)
EA-04922,19,Female,Urban,73500,Bargains,Facebook Ad,Mobile,1.7,High,1,406.32,2,Self-Care Sena (Facebook One-Timers)
EA-03408,29,Female,Suburban,48500,Bargains,Facebook Ad,Mobile,1.5,High,1,355.78,2,Self-Care Sena (Facebook One-Timers)
EA-04246,34,Male,Urban,50000,Bargains,Facebook Ad,Mobile,2.9,High,1,171.17,2,Self-Care Sena (Facebook One-Timers)
EA-04620,41,Female,Suburban,71000,Bargains,Groupon,Tablet,2.9,High,1,274.98,0,Gayab Grahak (Groupon One-Timers)
EA-04917,28,Female,Urban,78000,Anti-aging,Organic Search,Mobile,13.8,Medium,4,2500.0,1,Glow Ke Nawab (Organic VIPs)
EA-00192,28,Female,Urban,90000,Bargains,Facebook Ad,Mobile,2.2,Medium,1,361.85,2,Self-Care Sena (Facebook One-Timers)
EA-04697,34,Female,Suburban,26500,Skincare,Facebook Ad,Mobile,3.7,High,2,501.17,2,Self-Care Sena (Facebook One-Timers)
EA-01785,19,Female,Urban,26500,Skincare,Facebook Ad,Mobile,0.4,High,1,150.0,2,Self-Care Sena (Facebook One-Timers)
EA-01533,22,Female,Urban,48500,Bargains,Groupon,Mobile,4.5,High,1,180.13,0,Gayab Grahak (Groupon One-Timers)
EA-02835,50,Female,Urban,77000,Skincare,Organic Search,Desktop,21.3,Medium,6,1482.5,1,Glow Ke Nawab (Organic VIPs)
EA-04445,23,Female,Suburban,69000,Bargains,Facebook Ad,Desktop,1.5,High,1,366.11,2,Self-Care Sena (Facebook One-Timers)
EA-04916,48,Female,Suburban,55500,Wellness,Organic Search,Desktop,8.2,Low,3,1560.35,1,Glow Ke Nawab (Organic VIPs)
EA-01599,37,Female,Urban,112000,Skincare,Organic Search,Desktop,17.6,Low,6,1695.52,1,Glow Ke Nawab (Organic VIPs)
EA-01780,33,Female,Urban,64500,Bargains,Groupon,Mobile,9.2,High,1,548.69,0,Gayab Grahak (Groupon One-Timers)
EA-04901,31,Female,Suburban,60000,Skincare,Groupon,Desktop,2.5,High,1,214.2,0,Gayab Grahak (Groupon One-Timers)
EA-02575,19,Female,Suburban,46000,Bargains,Groupon,Mobile,6.1,Medium,1,482.18,0,Gayab Grahak (Groupon One-Timers)
EA-03399,54,Female,Urban,98500,Anti-aging,Organic Search,Desktop,16.0,Low,1,2294.09,1,Glow Ke Nawab (Organic VIPs)
EA-03976,26,Female,Urban,45500,Bargains,Facebook Ad,Mobile,4.8,High,1,309.91,2,Self-Care Sena (Facebook One-Timers)
EA-03771,51,Female,Rural,94000,Anti-aging,Referral,Mobile,12.3,Medium,2,509.65,3,Hamesha 25 Club (Referral Regulars)
EA-00167,57,Female,Urban,159500,Anti-aging,Organic Search,Desktop,20.1,Medium,5,1562.35,1,Glow Ke Nawab (Organic VIPs)
EA-01752,21,Female,Suburban,63000,Skincare,Facebook Ad,Mobile,2.5,Medium,1,342.65,2,Self-Care Sena (Facebook One-Timers)
EA-01480,30,Female,Rural,33500,Anti-aging,Groupon,Desktop,7.6,Medium,1,228.13,0,Gayab Grahak (Groupon One-Timers)
EA-01025,54,Male,Urban,95500,Skincare,Organic Search,Desktop,11.9,Medium,4,2500.0,1,Glow Ke Nawab (Organic VIPs)
EA-01789,45,Female,Rural,101000,Skincare,Organic Search,Desktop,16.0,Medium,5,2326.58,1,Glow Ke Nawab (Organic VIPs)
EA-02265,26,Female,Urban,49500,Wellness,Groupon,Tablet,2.9,High,1,181.95,0,Gayab Grahak (Groupon One-Timers)
EA-02474,37,Female,Urban,40000,Bargains,Groupon,Mobile,2.2,High,1,288.39,0,Gayab Grahak (Groupon One-Timers)
EA-01823,29,Male,Urban,78000,Bargains,Groupon,Tablet,5.1,High,1,326.79,0,Gayab Grahak (Groupon One-Timers)
EA-01221,32,Female,Suburban,51500,Skincare,Facebook Ad,Mobile,2.5,High,1,182.22,2,Self-Care Sena (Facebook One-Timers)
EA-01667,44,Female,Urban,118500,Anti-aging,Organic Search,Tablet,10.1,Medium,4,1918.93,1,Glow Ke Nawab (Organic VIPs)
EA-02961,34,Female,Urban,150500,Anti-aging,Organic Search,Mobile,13.7,Low,2,2227.46,1,Glow Ke Nawab (Organic VIPs)
EA-00153,34,Female,Urban,40000,Skincare,Facebook Ad,Desktop,0.4,High,1,426.44,2,Self-Care Sena (Facebook One-Timers)
EA-02535,41,Female,Urban,87000,Skincare,Referral,Desktop,7.8,Medium,1,352.33,3,Hamesha 25 Club (Referral Regulars)
EA-04689,36,Female,Rural,55500,Skincare,Organic Search,Mobile,17.0,Medium,4,2260.6,1,Glow Ke Nawab (Organic VIPs)
EA-01979,54,Female,Suburban,125000,Skincare,Organic Search,Mobile,22.9,Low,3,1592.06,1,Glow Ke Nawab (Organic VIPs)
EA-01470,23,Female,Suburban,53000,Anti-aging,Facebook Ad,Mobile,6.8,High,1,241.97,2,Self-Care Sena (Facebook One-Timers)
EA-02808,44,Female,Suburban,120500,Wellness,Organic Search,Desktop,15.7,Medium,4,1701.46,1,Glow Ke Nawab (Organic VIPs)
EA-02513,23,Male,Urban,47500,Skincare,Facebook Ad,Mobile,6.2,High,1,348.33,2,Self-Care Sena (Facebook One-Timers)
EA-02944,20,Female,Urban,68000,Bargains,Facebook Ad,Tablet,4.2,High,1,377.62,2,Self-Care Sena (Facebook One-Timers)
EA-02981,29,Female,Suburban,79000,Bargains,Groupon,Mobile,1.8,High,1,334.06,0,Gayab Grahak (Groupon One-Timers)
EA-04823,37,Male,Suburban,110500,Anti-aging,Organic Search,Mobile,14.1,Medium,3,1600.41,1,Glow Ke Nawab (Organic VIPs)
EA-03018,28,Female,Suburban,73000,Bargains,Facebook Ad,Mobile,5.6,High,1,426.67,2,Self-Care Sena (Facebook One-Timers)
EA-01567,29,Female,Suburban,52000,Bargains,Facebook Ad,Mobile,5.9,High,1,452.05,2,Self-Care Sena (Facebook One-Timers)
EA-00032,45,Female,Suburban,53500,Anti-aging,Referral,Mobile,11.9,Medium,3,1480.05,3,Hamesha 25 Club (Referral Regulars)
EA-00938,35,Female,Suburban,40000,Bargains,Facebook Ad,Mobile,5.3,High,1,468.64,2,Self-Care Sena (Facebook One-Timers)
EA-01216,31,Female,Rural,62000,Bargains,Groupon,Mobile,1.7,High,1,402.97,0,Gayab Grahak (Groupon One-Timers)
EA-01938,35,Female,Urban,56000,Bargains,Groupon,Mobile,4.4,High,1,411.55,0,Gayab Grahak (Groupon One-Timers)
EA-01130,52,Female,Suburban,125500,Skincare,Referral,Desktop,2.4,High,3,802.71,3,Hamesha 25 Club (Referral Regulars)
EA-00310,26,Female,Rural,60500,Skincare,Facebook Ad,Mobile,2.9,High,1,253.23,2,Self-Care Sena (Facebook One-Timers)
EA-04902,22,Female,Suburban,58500,Bargains,Facebook Ad,Mobile,4.3,Medium,1,476.84,2,Self-Care Sena (Facebook One-Timers)
EA-02169,30,Female,Rural,46000,Bargains,Facebook Ad,Mobile,1.6,High,1,324.1,2,Self-Care Sena (Facebook One-Timers)
EA-03114,44,Female,Suburban,50500,Wellness,Organic Search,Mobile,5.2,Medium,4,1473.09,3,Hamesha 25 Club (Referral Regulars)
EA-00496,29,Male,Urban,68500,Anti-aging,Groupon,Mobile,0.4,Medium,1,354.71,0,Gayab Grahak (Groupon One-Timers)
EA-00206,22,Female,Urban,56500,Anti-aging,Facebook Ad,Mobile,0.4,High,1,414.01,2,Self-Care Sena (Facebook One-Timers)
EA-02674,23,Female,Rural,82500,Bargains,Groupon,Mobile,2.0,Medium,1,565.46,0,Gayab Grahak (Groupon One-Timers)
EA-03358,19,Female,Urban,58000,Bargains,Groupon,Tablet,6.3,Medium,1,486.43,0,Gayab Grahak (Groupon One-Timers)
EA-03831,34,Female,Urban,55500,Bargains,Groupon,Mobile,2.8,High,1,322.2,0,Gayab Grahak (Groupon One-Timers)
EA-00306,30,Female,Rural,65000,Bargains,Groupon,Mobile,1.3,High,1,608.41,0,Gayab Grahak (Groupon One-Timers)
EA-03794,30,Male,Suburban,35500,Bargains,Facebook Ad,Mobile,1.6,High,1,326.85,2,Self-Care Sena (Facebook One-Timers)
EA-02202,25,Female,Suburban,78000,Bargains,Referral,Desktop,6.5,Medium,2,728.82,3,Hamesha 25 Club (Referral Regulars)
EA-01062,33,Male,Suburban,34500,Anti-aging,Groupon,Mobile,5.1,Medium,1,273.89,0,Gayab Grahak (Groupon One-Timers)
EA-00844,31,Male,Urban,54000,Bargains,Facebook Ad,Mobile,5.0,High,1,189.97,2,Self-Care Sena (Facebook One-Timers)
EA-03873,40,Male,Suburban,39000,Skincare,Facebook Ad,Mobile,0.4,Medium,1,467.07,2,Self-Care Sena (Facebook One-Timers)
EA-02252,33,Female,Urban,92500,Wellness,Organic Search,Mobile,13.1,Low,3,2337.48,1,Glow Ke Nawab (Organic VIPs)
EA-00212,27,Female,Urban,76000,Bargains,Groupon,Mobile,2.6,High,1,420.42,0,Gayab Grahak (Groupon One-Timers)
EA-03998,21,Female,Rural,53500,Bargains,Groupon,Mobile,1.9,Medium,1,229.44,0,Gayab Grahak (Groupon One-Timers)
EA-00680,29,Female,Urban,61500,Bargains,Facebook Ad,Tablet,5.7,High,1,458.02,2,Self-Care Sena (Facebook One-Timers)
EA-00566,55,Female,Suburban,129000,Wellness,Organic Search,Desktop,18.7,Medium,3,1694.42,1,Glow Ke Nawab (Organic VIPs)
EA-03291,31,Female,Rural,46000,Skincare,Facebook Ad,Mobile,6.6,High,1,429.58,2,Self-Care Sena (Facebook One-Timers)
EA-04355,28,Female,Suburban,40500,Anti-aging,Referral,Mobile,9.0,Low,2,803.05,3,Hamesha 25 Club (Referral Regulars)
EA-00681,30,Female,Rural,73000,Bargains,Facebook Ad,Mobile,1.0,High,1,525.52,2,Self-Care Sena (Facebook One-Timers)
EA-00181,26,Male,Urban,76500,Bargains,Referral,Mobile,13.9,Low,2,461.17,3,Hamesha 25 Club (Referral Regulars)
EA-04280,56,Female,Urban,143000,Skincare,Organic Search,Desktop,15.4,Low,4,2005.87,1,Glow Ke Nawab (Organic VIPs)
EA-02496,36,Male,Suburban,80000,Bargains,Groupon,Mobile,5.4,Medium,1,525.51,0,Gayab Grahak (Groupon One-Timers)
EA-02317,20,Non-binary,Rural,58000,Bargains,Facebook Ad,Mobile,1.8,High,1,456.15,2,Self-Care Sena (Facebook One-Timers)
EA-04274,47,Female,Rural,103500,Anti-aging,Organic Search,Mobile,14.7,Medium,3,1946.45,1,Glow Ke Nawab (Organic VIPs)
EA-00279,49,Female,Suburban,105000,Anti-aging,Organic Search,Desktop,14.8,Medium,4,1634.41,1,Glow Ke Nawab (Organic VIPs)
EA-03684,24,Female,Urban,33500,Bargains,Groupon,Tablet,3.4,High,3,231.86,0,Gayab Grahak (Groupon One-Timers)
EA-04763,46,Female,Urban,92500,Anti-aging,Referral,Desktop,8.9,Medium,1,300.0,3,Hamesha 25 Club (Referral Regulars)
EA-00433,70,Female,Urban,74000,Anti-aging,Organic Search,Desktop,6.9,Low,3,1919.92,1,Glow Ke Nawab (Organic VIPs)
EA-00290,27,Female,Suburban,49000,Bargains,Facebook Ad,Mobile,0.5,High,1,253.7,2,Self-Care Sena (Facebook One-Timers)
EA-01028,30,Female,Urban,53500,Bargains,Facebook Ad,Mobile,1.4,High,1,268.11,2,Self-Care Sena (Facebook One-Timers)
EA-00536,33,Female,Urban,66000,Bargains,Facebook Ad,Tablet,5.0,High,1,261.03,2,Self-Care Sena (Facebook One-Timers)
EA-03632,55,Female,Urban,120000,Anti-aging,Referral,Mobile,11.9,Medium,3,580.02,3,Hamesha 25 Club (Referral Regulars)
EA-00189,56,Female,Suburban,121000,Skincare,Organic Search,Desktop,9.1,Low,2,2226.01,1,Glow Ke Nawab (Organic VIPs)
EA-02175,23,Female,Suburban,61000,Wellness,Facebook Ad,Mobile,5.1,Medium,1,528.65,2,Self-Care Sena (Facebook One-Timers)
EA-03916,33,Female,Urban,57500,Bargains,Facebook Ad,Mobile,4.1,Medium,1,244.78,2,Self-Care Sena (Facebook One-Timers)
EA-01863,40,Female,Suburban,93000,Skincare,Referral,Desktop,3.0,Medium,2,653.63,3,Hamesha 25 Club (Referral Regulars)
EA-00271,30,Female,Suburban,62500,Bargains,Facebook Ad,Desktop,1.9,High,1,531.4,2,Self-Care Sena (Facebook One-Timers)
EA-01729,28,Male,Suburban,77500,Wellness,Facebook Ad,Mobile,6.7,High,1,542.58,2,Self-Care Sena (Facebook One-Timers)
EA-04076,27,Female,Urban,44000,Bargains,Facebook Ad,Mobile,1.6,Medium,3,193.33,2,Self-Care Sena (Facebook One-Timers)
EA-02158,19,Female,Rural,40500,Bargains,Facebook Ad,Mobile,2.7,High,1,417.62,2,Self-Care Sena (Facebook One-Timers)
EA-03932,31,Male,Suburban,24500,Skincare,Groupon,Mobile,3.6,High,1,341.31,0,Gayab Grahak (Groupon One-Timers)
EA-00112,30,Female,Urban,66000,Skincare,Facebook Ad,Mobile,3.4,High,1,415.53,2,Self-Care Sena (Facebook One-Timers)
EA-02385,31,Female,Suburban,90000,Skincare,Facebook Ad,Mobile,4.7,Low,1,227.74,2,Self-Care Sena (Facebook One-Timers)
EA-00221,25,Female,Urban,54000,Wellness,Facebook Ad,Tablet,2.3,High,1,282.12,2,Self-Care Sena (Facebook One-Timers)
EA-00628,36,Female,Suburban,61000,Skincare,Facebook Ad,Mobile,0.4,High,1,483.98,2,Self-Care Sena (Facebook One-Timers)
EA-01182,37,Female,Suburban,88000,Skincare,Facebook Ad,Desktop,4.5,High,1,162.0,2,Self-Care Sena (Facebook One-Timers)
EA-03382,53,Female,Rural,125000,Skincare,Organic Search,Desktop,19.8,Low,4,2500.0,1,Glow Ke Nawab (Organic VIPs)
EA-02423,39,Female,Urban,126500,Wellness,Organic Search,Mobile,2.0,Low,4,1363.14,1,Glow Ke Nawab (Organic VIPs)
EA-00791,21,Female,Urban,40500,Bargains,Facebook Ad,Mobile,5.0,High,1,150.0,2,Self-Care Sena (Facebook One-Timers)
EA-04276,31,Female,Urban,63000,Bargains,Facebook Ad,Mobile,2.6,Medium,1,507.14,2,Self-Care Sena (Facebook One-Timers)
EA-00462,29,Female,Urban,41000,Bargains,Facebook Ad,Mobile,4.9,Medium,2,345.04,2,Self-Care Sena (Facebook One-Timers)
EA-04403,31,Female,Suburban,72000,Skincare,Facebook Ad,Mobile,3.7,High,1,221.34,2,Self-Care Sena (Facebook One-Timers)
EA-00552,24,Female,Urban,66000,Bargains,Facebook Ad,Mobile,5.6,High,1,546.77,2,Self-Care Sena (Facebook One-Timers)
EA-03130,37,Female,Urban,90000,Wellness,Referral,Mobile,7.5,Medium,1,401.94,3,Hamesha 25 Club (Referral Regulars)
EA-01445,35,Female,Urban,33500,Bargains,Facebook Ad,Mobile,0.4,High,1,427.33,2,Self-Care Sena (Facebook One-Timers)
EA-00199,19,Female,Urban,45500,Bargains,Facebook Ad,Mobile,5.4,High,1,379.23,2,Self-Care Sena (Facebook One-Timers)
EA-02590,40,Female,Suburban,54000,Skincare,Facebook Ad,Mobile,5.8,High,1,365.54,2,Self-Care Sena (Facebook One-Timers)
EA-00403,47,Male,Urban,100500,Anti-aging,Organic Search,Desktop,15.5,Medium,3,2147.29,1,Glow Ke Nawab (Organic VIPs)
EA-03960,26,Female,Suburban,34500,Skincare,Facebook Ad,Mobile,5.2,High,1,278.4,2,Self-Care Sena (Facebook One-Timers)
EA-04190,35,Female,Suburban,57000,Bargains,Groupon,Mobile,0.4,High,1,538.83,0,Gayab Grahak (Groupon One-Timers)
EA-04764,33,Female,Urban,33500,Bargains,Groupon,Mobile,0.9,High,1,356.27,0,Gayab Grahak (Groupon One-Timers)
EA-02096,37,Female,Suburban,94000,Wellness,Facebook Ad,Mobile,7.6,High,1,434.34,2,Self-Care Sena (Facebook One-Timers)
EA-02901,43,Non-binary,Urban,50500,Anti-aging,Facebook Ad,Mobile,0.8,High,1,462.76,2,Self-Care Sena (Facebook One-Timers)
EA-04463,24,Female,Suburban,45500,Bargains,Facebook Ad,Mobile,1.5,High,1,499.31,2,Self-Care Sena (Facebook One-Timers)
EA-00651,40,Female,Urban,73500,Bargains,Facebook Ad,Mobile,7.0,High,1,315.68,2,Self-Care Sena (Facebook One-Timers)
EA-00709,41,Male,Urban,69000,Bargains,Groupon,Mobile,4.3,High,1,416.12,0,Gayab Grahak (Groupon One-Timers)
EA-01481,21,Male,Suburban,33500,Wellness,Groupon,Mobile,4.9,Medium,1,325.69,0,Gayab Grahak (Groupon One-Timers)
EA-04415,31,Male,Suburban,60000,Bargains,Facebook Ad,Tablet,4.0,Medium,1,331.13,2,Self-Care Sena (Facebook One-Timers)
EA-03066,31,Female,Urban,66000,Bargains,Groupon,Mobile,3.2,High,1,405.18,0,Gayab Grahak (Groupon One-Timers)
EA-02396,28,Female,Rural,115000,Wellness,Referral,Desktop,9.6,Medium,2,734.41,3,Hamesha 25 Club (Referral Regulars)
EA-01770,28,Female,Rural,80000,Skincare,Organic Search,Desktop,12.3,High,3,1811.04,1,Glow Ke Nawab (Organic VIPs)
EA-00315,24,Female,Urban,63000,Skincare,Facebook Ad,Mobile,4.4,High,1,219.22,2,Self-Care Sena (Facebook One-Timers)
EA-03762,34,Male,Rural,38000,Bargains,Facebook Ad,Mobile,3.7,High,1,289.93,2,Self-Care Sena (Facebook One-Timers)
EA-04910,30,Male,Suburban,52000,Bargains,Facebook Ad,Desktop,2.3,High,1,227.37,2,Self-Care Sena (Facebook One-Timers)
EA-00114,37,Female,Urban,36500,Skincare,Groupon,Mobile,3.3,High,1,466.86,0,Gayab Grahak (Groupon One-Timers)
EA-00961,27,Male,Urban,52500,Skincare,Groupon,Desktop,2.0,High,1,302.13,0,Gayab Grahak (Groupon One-Timers)
EA-02911,44,Female,Suburban,92000,Skincare,Organic Search,Mobile,19.3,Low,5,1609.48,1,Glow Ke Nawab (Organic VIPs)
EA-03406,43,Female,Suburban,128500,Anti-aging,Organic Search,Mobile,14.7,Medium,4,2070.06,1,Glow Ke Nawab (Organic VIPs)
EA-01624,28,Male,Urban,42500,Bargains,Facebook Ad,Mobile,4.0,High,1,233.31,2,Self-Care Sena (Facebook One-Timers)
EA-03323,28,Female,Suburban,123000,Wellness,Organic Search,Desktop,27.6,Low,7,1843.54,1,Glow Ke Nawab (Organic VIPs)
EA-05000,40,Female,Rural,34000,Bargains,Groupon,Mobile,4.4,Medium,1,165.91,0,Gayab Grahak (Groupon One-Timers)
EA-01819,27,Female,Rural,49000,Bargains,Groupon,Mobile,3.6,Medium,1,192.33,0,Gayab Grahak (Groupon One-Timers)
EA-03195,29,Male,Urban,59000,Bargains,Groupon,Mobile,2.3,Medium,1,358.94,0,Gayab Grahak (Groupon One-Timers)
EA-03008,42,Female,Suburban,50000,Skincare,Facebook Ad,Mobile,5.8,Medium,1,547.03,2,Self-Care Sena (Facebook One-Timers)
EA-03415,36,Female,Urban,37500,Bargains,Facebook Ad,Mobile,3.7,High,1,444.79,2,Self-Care Sena (Facebook One-Timers)
EA-04529,19,Female,Urban,47000,Bargains,Facebook Ad,Mobile,2.8,High,1,174.8,2,Self-Care Sena (Facebook One-Timers)
EA-01898,31,Female,Rural,59000,Bargains,Facebook Ad,Tablet,2.9,High,1,427.1,2,Self-Care Sena (Facebook One-Timers)
EA-01919,43,Female,Suburban,66000,Bargains,Groupon,Mobile,3.5,Medium,1,473.3,0,Gayab Grahak (Groupon One-Timers)
EA-01271,32,Female,Urban,37500,Anti-aging,Referral,Mobile,10.9,Medium,1,762.02,3,Hamesha 25 Club (Referral Regulars)
EA-04177,27,Female,Suburban,61000,Bargains,Groupon,Mobile,2.9,High,1,205.81,0,Gayab Grahak (Groupon One-Timers)
EA-04963,29,Female,Urban,51500,Anti-aging,Groupon,Mobile,7.1,High,4,490.69,0,Gayab Grahak (Groupon One-Timers)
EA-04884,22,Male,Suburban,35500,Skincare,Facebook Ad,Mobile,0.4,High,1,413.18,2,Self-Care Sena (Facebook One-Timers)
EA-04095,40,Female,Suburban,51500,Skincare,Facebook Ad,Mobile,3.3,Medium,1,589.47,2,Self-Care Sena (Facebook One-Timers)
EA-03160,29,Female,Suburban,41500,Bargains,Facebook Ad,Mobile,3.7,High,1,446.58,2,Self-Care Sena (Facebook One-Timers)
EA-01814,35,Female,Rural,66500,Bargains,Facebook Ad,Desktop,0.5,High,1,344.65,2,Self-Care Sena (Facebook One-Timers)
EA-02427,36,Male,Rural,66000,Bargains,Facebook Ad,Mobile,3.1,Medium,1,557.5,2,Self-Care Sena (Facebook One-Timers)
EA-03951,28,Female,Suburban,57000,Skincare,Groupon,Mobile,1.4,High,1,382.46,0,Gayab Grahak (Groupon One-Timers)
EA-04429,37,Female,Rural,57500,Bargains,Facebook Ad,Mobile,4.1,High,1,162.69,2,Self-Care Sena (Facebook One-Timers)
EA-02143,50,Female,Rural,103500,Skincare,Organic Search,Mobile,6.2,Low,2,2500.0,1,Glow Ke Nawab (Organic VIPs)
EA-01627,20,Female,Suburban,73500,Bargains,Facebook Ad,Mobile,0.4,High,1,297.07,2,Self-Care Sena (Facebook One-Timers)
EA-00790,40,Female,Rural,40500,Bargains,Groupon,Mobile,4.5,Medium,3,255.5,0,Gayab Grahak (Groupon One-Timers)
EA-03787,45,Female,Suburban,85500,Wellness,Referral,Mobile,6.3,Medium,1,785.22,3,Hamesha 25 Club (Referral Regulars)
EA-01865,23,Female,Urban,45500,Bargains,Groupon,Mobile,3.4,Medium,1,289.18,0,Gayab Grahak (Groupon One-Timers)
EA-02866,40,Female,Urban,55000,Bargains,Facebook Ad,Mobile,4.7,High,1,150.0,2,Self-Care Sena (Facebook One-Timers)
EA-00872,21,Female,Urban,51000,Wellness,Facebook Ad,Mobile,3.6,Low,1,169.0,2,Self-Care Sena (Facebook One-Timers)
EA-03272,27,Female,Suburban,54000,Bargains,Groupon,Mobile,2.1,High,1,150.0,0,Gayab Grahak (Groupon One-Timers)
EA-03834,24,Female,Urban,50000,Skincare,Groupon,Mobile,6.0,High,1,165.15,0,Gayab Grahak (Groupon One-Timers)
EA-00074,21,Female,Urban,50500,Wellness,Facebook Ad,Tablet,4.8,High,1,445.17,2,Self-Care Sena (Facebook One-Timers)
EA-01753,39,Female,Suburban,78000,Skincare,Organic Search,Mobile,12.1,Low,3,1436.22,1,Glow Ke Nawab (Organic VIPs)
EA-01422,45,Female,Urban,47000,Bargains,Groupon,Mobile,3.1,Medium,1,168.7,0,Gayab Grahak (Groupon One-Timers)
EA-04222,32,Female,Suburban,50500,Bargains,Facebook Ad,Mobile,2.0,High,1,349.11,2,Self-Care Sena (Facebook One-Timers)
EA-04694,34,Female,Suburban,111000,Bargains,Organic Search,Mobile,17.2,Low,5,1702.59,1,Glow Ke Nawab (Organic VIPs)
EA-04370,23,Female,Suburban,68000,Bargains,Groupon,Tablet,3.7,High,1,300.91,0,Gayab Grahak (Groupon One-Timers)
EA-04576,30,Female,Urban,55000,Bargains,Facebook Ad,Mobile,3.6,Medium,2,337.89,2,Self-Care Sena (Facebook One-Timers)
EA-03810,49,Female,Suburban,108000,Skincare,Organic Search,Desktop,23.1,Medium,5,1894.72,1,Glow Ke Nawab (Organic VIPs)
EA-02245,30,Male,Urban,73500,Bargains,Facebook Ad,Mobile,4.9,High,1,347.68,2,Self-Care Sena (Facebook One-Timers)
EA-03048,33,Female,Urban,56000,Skincare,Groupon,Desktop,2.7,High,1,379.05,0,Gayab Grahak (Groupon One-Timers)
EA-02446,32,Female,Urban,44000,Bargains,Groupon,Mobile,0.4,High,1,314.5,0,Gayab Grahak (Groupon One-Timers)
EA-00495,52,Female,Suburban,115500,Anti-aging,Organic Search,Mobile,9.2,Low,3,1844.07,1,Glow Ke Nawab (Organic VIPs)
EA-03131,39,Non-binary,Suburban,59500,Bargains,Groupon,Mobile,1.7,Medium,1,492.01,0,Gayab Grahak (Groupon One-Timers)
EA-04322,27,Male,Suburban,41000,Bargains,Groupon,Mobile,1.0,Medium,2,302.12,0,Gayab Grahak (Groupon One-Timers)
EA-04398,41,Male,Urban,125500,Skincare,Organic Search,Mobile,20.3,Medium,4,1825.22,1,Glow Ke Nawab (Organic VIPs)
EA-01165,19,Female,Urban,67000,Bargains,Facebook Ad,Mobile,5.3,High,1,542.82,2,Self-Care Sena (Facebook One-Timers)
EA-03735,25,Female,Rural,49000,Wellness,Facebook Ad,Mobile,3.4,Medium,1,300.84,2,Self-Care Sena (Facebook One-Timers)
EA-01731,35,Female,Suburban,81000,Anti-aging,Referral,Tablet,8.3,Medium,2,1117.02,3,Hamesha 25 Club (Referral Regulars)
EA-04813,34,Female,Suburban,49500,Skincare,Groupon,Mobile,4.9,High,1,377.48,0,Gayab Grahak (Groupon One-Timers)
EA-02403,54,Female,Suburban,124000,Skincare,Organic Search,Desktop,20.4,Medium,6,1409.98,1,Glow Ke Nawab (Organic VIPs)
EA-03404,29,Male,Urban,38500,Skincare,Referral,Mobile,6.2,Medium,1,1046.68,2,Self-Care Sena (Facebook One-Timers)
EA-00619,27,Female,Urban,75500,Bargains,Facebook Ad,Mobile,2.2,High,1,412.26,2,Self-Care Sena (Facebook One-Timers)
EA-01698,35,Male,Urban,100500,Bargains,Organic Search,Tablet,8.1,Low,4,1578.65,1,Glow Ke Nawab (Organic VIPs)
EA-03594,20,Female,Urban,61500,Bargains,Facebook Ad,Mobile,6.4,High,1,190.32,2,Self-Care Sena (Facebook One-Timers)
EA-01958,27,Female,Urban,39500,Bargains,Facebook Ad,Mobile,4.0,Medium,1,270.42,2,Self-Care Sena (Facebook One-Timers)
EA-01222,37,Female,Suburban,64000,Bargains,Facebook Ad,Mobile,2.9,High,1,321.36,2,Self-Care Sena (Facebook One-Timers)
EA-02074,58,Female,Suburban,138000,Skincare,Organic Search,Desktop,19.8,Low,5,2035.2,1,Glow Ke Nawab (Organic VIPs)
EA-03411,48,Female,Suburban,135000,Skincare,Organic Search,Desktop,13.8,Low,2,2125.61,1,Glow Ke Nawab (Organic VIPs)
EA-00870,30,Female,Urban,34500,Bargains,Facebook Ad,Tablet,3.6,High,1,444.26,2,Self-Care Sena (Facebook One-Timers)
EA-02719,31,Female,Urban,59000,Bargains,Facebook Ad,Mobile,4.1,High,1,169.92,2,Self-Care Sena (Facebook One-Timers)
EA-01043,38,Female,Urban,111000,Skincare,Organic Search,Mobile,9.5,Low,3,1990.56,1,Glow Ke Nawab (Organic VIPs)
EA-01362,34,Female,Urban,66000,Bargains,Facebook Ad,Mobile,2.6,High,1,378.24,2,Self-Care Sena (Facebook One-Timers)
EA-00357,47,Female,Urban,66500,Anti-aging,Organic Search,Mobile,13.1,Low,4,2079.9,1,Glow Ke Nawab (Organic VIPs)
EA-01163,52,Female,Rural,86500,Anti-aging,Organic Search,Desktop,12.4,Low,2,2257.41,1,Glow Ke Nawab (Organic VIPs)
EA-02766,49,Female,Suburban,85500,Anti-aging,Referral,Desktop,10.2,Medium,2,959.39,3,Hamesha 25 Club (Referral Regulars)
EA-03253,30,Female,Rural,60000,Bargains,Facebook Ad,Tablet,0.6,Medium,1,274.59,2,Self-Care Sena (Facebook One-Timers)
EA-01439,44,Female,Rural,80500,Anti-aging,Referral,Mobile,3.8,High,2,968.16,3,Hamesha 25 Club (Referral Regulars)
EA-03604,34,Female,Suburban,63500,Bargains,Facebook Ad,Tablet,2.9,High,1,403.89,2,Self-Care Sena (Facebook One-Timers)
EA-04941,28,Female,Urban,100000,Skincare,Organic Search,Desktop,25.7,Low,3,2165.19,1,Glow Ke Nawab (Organic VIPs)
EA-04594,33,Female,Rural,50000,Bargains,Facebook Ad,Mobile,1.4,High,1,315.06,2,Self-Care Sena (Facebook One-Timers)
EA-03640,21,Female,Urban,49000,Bargains,Groupon,Tablet,4.5,High,1,723.48,0,Gayab Grahak (Groupon One-Timers)
EA-01254,24,Male,Suburban,49500,Bargains,Groupon,Mobile,5.1,Low,3,341.97,0,Gayab Grahak (Groupon One-Timers)
EA-03366,37,Female,Suburban,33500,Bargains,Facebook Ad,Mobile,3.5,High,1,409.11,2,Self-Care Sena (Facebook One-Timers)
EA-00333,58,Female,Urban,68500,Anti-aging,Organic Search,Desktop,12.9,Medium,4,1775.71,1,Glow Ke Nawab (Organic VIPs)
EA-03695,57,Female,Suburban,135000,Anti-aging,Organic Search,Desktop,22.4,High,5,2413.38,1,Glow Ke Nawab (Organic VIPs)
EA-03569,28,Female,Suburban,84000,Wellness,Organic Search,Desktop,14.0,Low,4,1950.69,1,Glow Ke Nawab (Organic VIPs)
EA-02729,33,Female,Suburban,52000,Bargains,Facebook Ad,Mobile,2.8,High,1,574.36,2,Self-Care Sena (Facebook One-Timers)
EA-03668,34,Female,Suburban,83500,Wellness,Facebook Ad,Tablet,6.7,High,1,466.14,2,Self-Care Sena (Facebook One-Timers)
EA-01631,32,Non-binary,Urban,56500,Wellness,Groupon,Mobile,3.9,Medium,1,533.82,0,Gayab Grahak (Groupon One-Timers)
EA-01117,41,Female,Urban,52000,Bargains,Facebook Ad,Mobile,4.5,High,1,615.16,2,Self-Care Sena (Facebook One-Timers)
EA-01850,42,Female,Suburban,131000,Anti-aging,Organic Search,Mobile,2.0,Medium,1,1870.31,3,Hamesha 25 Club (Referral Regulars)
EA-03555,26,Female,Suburban,56500,Bargains,Facebook Ad,Mobile,6.1,High,1,372.42,2,Self-Care Sena (Facebook One-Timers)
EA-03154,31,Female,Urban,60000,Skincare,Facebook Ad,Mobile,2.1,High,1,303.42,2,Self-Care Sena (Facebook One-Timers)
EA-03266,29,Female,Suburban,56500,Bargains,Facebook Ad,Mobile,5.1,High,1,150.0,2,Self-Care Sena (Facebook One-Timers)
EA-01666,53,Female,Suburban,97000,Skincare,Organic Search,Desktop,8.3,Low,2,2500.0,1,Glow Ke Nawab (Organic VIPs)
EA-00446,42,Female,Suburban,136000,Skincare,Organic Search,Desktop,8.4,Low,4,1786.87,1,Glow Ke Nawab (Organic VIPs)
EA-02246,28,Female,Suburban,68500,Skincare,Facebook Ad,Desktop,6.0,High,1,269.0,2,Self-Care Sena (Facebook One-Timers)
EA-00453,49,Female,Urban,101000,Anti-aging,Organic Search,Desktop,14.5,Medium,5,1789.02,1,Glow Ke Nawab (Organic VIPs)
EA-01552,43,Female,Urban,73500,Bargains,Groupon,Mobile,0.4,High,1,293.17,0,Gayab Grahak (Groupon One-Timers)
EA-04435,23,Female,Urban,48500,Bargains,Groupon,Mobile,0.4,High,1,458.91,0,Gayab Grahak (Groupon One-Timers)
EA-02955,34,Female,Urban,43000,Bargains,Groupon,Mobile,4.2,High,1,330.19,0,Gayab Grahak (Groupon One-Timers)
EA-00015,28,Female,Urban,61500,Bargains,Groupon,Mobile,2.7,High,1,363.54,0,Gayab Grahak (Groupon One-Timers)
EA-03629,42,Female,Urban,53000,Bargains,Groupon,Mobile,2.9,High,1,210.15,0,Gayab Grahak (Groupon One-Timers)
EA-00946,19,Female,Urban,68000,Bargains,Facebook Ad,Mobile,0.9,High,1,215.79,2,Self-Care Sena (Facebook One-Timers)
EA-00248,25,Female,Urban,37500,Bargains,Groupon,Mobile,2.2,High,1,384.24,0,Gayab Grahak (Groupon One-Timers)
EA-04698,30,Female,Urban,23000,Bargains,Groupon,Mobile,4.8,High,1,370.81,0,Gayab Grahak (Groupon One-Timers)
EA-00361,42,Female,Suburban,108500,Anti-aging,Referral,Desktop,5.9,Medium,2,946.72,3,Hamesha 25 Club (Referral Regulars)
EA-04657,45,Female,Suburban,76000,Wellness,Organic Search,Desktop,13.5,Low,4,1621.56,1,Glow Ke Nawab (Organic VIPs)
EA-01615,41,Female,Suburban,147500,Anti-aging,Organic Search,Mobile,6.1,Low,4,1653.25,1,Glow Ke Nawab (Organic VIPs)
EA-02304,19,Male,Suburban,75000,Bargains,Groupon,Mobile,5.3,High,1,206.31,0,Gayab Grahak (Groupon One-Timers)
EA-04142,19,Female,Urban,68000,Bargains,Groupon,Mobile,3.3,High,1,591.26,0,Gayab Grahak (Groupon One-Timers)
EA-03169,32,Female,Suburban,63500,Bargains,Facebook Ad,Tablet,4.5,High,1,570.25,2,Self-Care Sena (Facebook One-Timers)
EA-02479,19,Female,Suburban,58500,Bargains,Facebook Ad,Mobile,7.6,Low,1,442.08,2,Self-Care Sena (Facebook One-Timers)
EA-04215,30,Female,Rural,66500,Bargains,Groupon,Mobile,4.1,High,1,333.2,0,Gayab Grahak (Groupon One-Timers)
EA-04181,50,Female,Urban,85500,Skincare,Organic Search,Mobile,7.7,Medium,3,2215.63,1,Glow Ke Nawab (Organic VIPs)
EA-04885,40,Female,Suburban,120500,Anti-aging,Organic Search,Tablet,11.1,Low,3,2024.42,1,Glow Ke Nawab (Organic VIPs)
EA-03164,28,Male,Suburban,83000,Skincare,Organic Search,Desktop,15.1,Medium,3,1052.99,3,Hamesha 25 Club (Referral Regulars)
EA-00491,42,Male,Urban,74500,Wellness,Organic Search,Mobile,8.6,Low,3,1802.04,1,Glow Ke Nawab (Organic VIPs)
EA-00863,53,Female,Suburban,94500,Anti-aging,Organic Search,Mobile,8.0,Medium,3,2046.97,1,Glow Ke Nawab (Organic VIPs)
EA-01741,21,Female,Urban,53500,Bargains,Facebook Ad,Mobile,5.2,Medium,1,314.37,2,Self-Care Sena (Facebook One-Timers)
EA-04100,41,Female,Suburban,98500,Wellness,Referral,Mobile,10.1,Low,2,911.19,3,Hamesha 25 Club (Referral Regulars)
EA-04386,38,Female,Suburban,39000,Bargains,Referral,Mobile,10.5,Medium,2,581.4,3,Hamesha 25 Club (Referral Regulars)
EA-02448,23,Female,Suburban,60500,Anti-aging,Facebook Ad,Mobile,0.4,Medium,2,436.59,2,Self-Care Sena (Facebook One-Timers)
EA-04231,42,Female,Suburban,66500,Skincare,Referral,Mobile,4.6,High,1,736.71,3,Hamesha 25 Club (Referral Regulars)
EA-00507,20,Male,Rural,86000,Skincare,Facebook Ad,Mobile,3.0,High,1,519.31,2,Self-Care Sena (Facebook One-Timers)
EA-02678,31,Female,Urban,101500,Skincare,Organic Search,Mobile,13.6,Low,3,2013.44,1,Glow Ke Nawab (Organic VIPs)
EA-02996,23,Female,Suburban,68500,Bargains,Groupon,Tablet,4.1,High,1,432.29,0,Gayab Grahak (Groupon One-Timers)
EA-01943,39,Male,Rural,59000,Skincare,Groupon,Mobile,3.1,High,1,344.83,0,Gayab Grahak (Groupon One-Timers)
EA-01223,48,Female,Rural,79000,Skincare,Referral,Desktop,6.0,Medium,3,383.25,3,Hamesha 25 Club (Referral Regulars)
EA-01114,31,Female,Suburban,47000,Skincare,Referral,Mobile,2.7,Low,2,324.88,2,Self-Care Sena (Facebook One-Timers)
EA-01906,31,Male,Suburban,51500,Bargains,Groupon,Tablet,3.3,High,1,150.0,0,Gayab Grahak (Groupon One-Timers)
EA-03424,31,Female,Urban,52500,Wellness,Facebook Ad,Mobile,0.4,High,1,168.59,2,Self-Care Sena (Facebook One-Timers)
EA-01878,26,Female,Rural,69000,Bargains,Facebook Ad,Tablet,0.4,Medium,1,406.58,2,Self-Care Sena (Facebook One-Timers)
EA-04673,25,Female,Suburban,58500,Bargains,Facebook Ad,Desktop,0.5,Medium,1,440.92,2,Self-Care Sena (Facebook One-Timers)
EA-00434,51,Male,Suburban,125500,Skincare,Organic Search,Desktop,8.7,Low,3,2303.85,1,Glow Ke Nawab (Organic VIPs)
EA-02365,56,Female,Suburban,128500,Anti-aging,Organic Search,Desktop,19.9,Medium,4,1838.71,1,Glow Ke Nawab (Organic VIPs)
EA-03155,39,Female,Suburban,70000,Bargains,Facebook Ad,Desktop,0.4,High,1,282.87,2,Self-Care Sena (Facebook One-Timers)
EA-02836,19,Female,Suburban,28500,Bargains,Groupon,Mobile,3.7,High,1,334.52,0,Gayab Grahak (Groupon One-Timers)
EA-02093,23,Female,Urban,29500,Bargains,Groupon,Tablet,1.7,High,1,361.93,0,Gayab Grahak (Groupon One-Timers)
EA-03011,35,Female,Rural,46500,Bargains,Facebook Ad,Mobile,5.6,Medium,1,281.05,2,Self-Care Sena (Facebook One-Timers)
EA-03163,29,Female,Rural,30500,Bargains,Facebook Ad,Mobile,7.0,High,1,428.44,2,Self-Care Sena (Facebook One-Timers)
EA-02946,27,Female,Urban,85000,Bargains,Groupon,Mobile,0.7,Medium,1,344.28,0,Gayab Grahak (Groupon One-Timers)
EA-03917,28,Female,Urban,67500,Skincare,Groupon,Mobile,3.9,High,1,302.43,0,Gayab Grahak (Groupon One-Timers)
EA-02917,30,Female,Urban,78000,Skincare,Facebook Ad,Mobile,4.1,High,3,393.78,2,Self-Care Sena (Facebook One-Timers)
EA-01103,61,Female,Suburban,90000,Anti-aging,Organic Search,Desktop,17.7,Low,1,1342.39,1,Glow Ke Nawab (Organic VIPs)
EA-01449,28,Male,Suburban,37000,Bargains,Groupon,Mobile,1.0,High,1,389.1,0,Gayab Grahak (Groupon One-Timers)
EA-01721,27,Female,Suburban,51000,Bargains,Facebook Ad,Mobile,2.8,High,1,233.66,2,Self-Care Sena (Facebook One-Timers)
EA-04519,41,Female,Suburban,108500,Wellness,Organic Search,Desktop,15.7,Low,4,2021.29,1,Glow Ke Nawab (Organic VIPs)
EA-03843,38,Male,Urban,99000,Anti-aging,Organic Search,Desktop,14.3,Medium,3,1892.04,1,Glow Ke Nawab (Organic VIPs)
EA-00157,42,Female,Suburban,46000,Wellness,Facebook Ad,Mobile,4.4,High,1,474.66,2,Self-Care Sena (Facebook One-Timers)
EA-02979,63,Female,Suburban,55000,Skincare,Organic Search,Desktop,4.8,Low,2,2080.92,1,Glow Ke Nawab (Organic VIPs)
EA-01774,38,Female,Urban,102000,Wellness,Organic Search,Desktop,9.9,Medium,3,1429.11,1,Glow Ke Nawab (Organic VIPs)
EA-00616,38,Female,Urban,135000,Anti-aging,Organic Search,Mobile,11.2,Low,3,1431.55,1,Glow Ke Nawab (Organic VIPs)
EA-00644,33,Female,Suburban,68500,Wellness,Facebook Ad,Mobile,0.4,Medium,1,328.65,2,Self-Care Sena (Facebook One-Timers)
EA-01936,36,Female,Suburban,74000,Skincare,Facebook Ad,Mobile,7.0,High,1,523.4,2,Self-Care Sena (Facebook One-Timers)
EA-04278,44,Female,Suburban,119000,Anti-aging,Organic Search,Mobile,13.1,Medium,4,1622.26,1,Glow Ke Nawab (Organic VIPs)
EA-01069,36,Female,Urban,24500,Anti-aging,Facebook Ad,Mobile,1.1,High,1,505.13,2,Self-Care Sena (Facebook One-Timers)
EA-04455,27,Female,Suburban,49000,Skincare,Groupon,Mobile,1.7,High,1,317.39,0,Gayab Grahak (Groupon One-Timers)
EA-04155,22,Female,Suburban,40000,Skincare,Groupon,Mobile,3.1,High,1,540.52,0,Gayab Grahak (Groupon One-Timers)
EA-04240,55,Female,Suburban,121000,Anti-aging,Organic Search,Mobile,17.1,Low,5,1906.84,1,Glow Ke Nawab (Organic VIPs)
EA-04869,41,Female,Urban,77500,Anti-aging,Groupon,Desktop,0.4,High,1,220.31,0,Gayab Grahak (Groupon One-Timers)
EA-00331,49,Non-binary,Suburban,117500,Wellness,Organic Search,Desktop,11.7,Medium,3,1858.49,1,Glow Ke Nawab (Organic VIPs)
EA-02058,31,Female,Suburban,55500,Skincare,Groupon,Mobile,5.9,High,1,447.07,0,Gayab Grahak (Groupon One-Timers)
EA-02647,46,Female,Suburban,106500,Skincare,Organic Search,Mobile,3.7,Medium,3,2500.0,1,Glow Ke Nawab (Organic VIPs)
EA-02192,36,Female,Urban,55000,Bargains,Groupon,Mobile,0.6,Low,1,394.07,0,Gayab Grahak (Groupon One-Timers)
EA-00623,27,Female,Urban,59000,Anti-aging,Referral,Tablet,1.0,High,2,1233.96,0,Gayab Grahak (Groupon One-Timers)
EA-01596,53,Female,Urban,52500,Skincare,Organic Search,Desktop,10.6,Medium,4,1877.72,1,Glow Ke Nawab (Organic VIPs)
EA-02916,38,Female,Urban,47000,Bargains,Facebook Ad,Mobile,8.6,High,1,405.32,2,Self-Care Sena (Facebook One-Timers)
EA-04822,41,Female,Urban,76500,Skincare,Facebook Ad,Mobile,2.4,High,2,539.85,2,Self-Care Sena (Facebook One-Timers)
EA-03899,29,Male,Rural,53500,Skincare,Facebook Ad,Tablet,4.8,High,1,403.24,2,Self-Care Sena (Facebook One-Timers)
EA-01920,29,Female,Suburban,74000,Wellness,Referral,Desktop,7.3,Medium,3,754.24,3,Hamesha 25 Club (Referral Regulars)
EA-04174,30,Female,Suburban,81000,Bargains,Facebook Ad,Mobile,3.9,High,1,413.12,2,Self-Care Sena (Facebook One-Timers)
EA-04478,33,Female,Rural,59500,Anti-aging,Facebook Ad,Mobile,3.0,Medium,1,284.18,2,Self-Care Sena (Facebook One-Timers)
EA-00756,42,Female,Suburban,61500,Bargains,Facebook Ad,Mobile,3.4,High,1,571.97,2,Self-Care Sena (Facebook One-Timers)
EA-00519,25,Female,Rural,43500,Bargains,Facebook Ad,Desktop,2.5,High,1,394.59,2,Self-Care Sena (Facebook One-Timers)
EA-03804,29,Female,Rural,82500,Bargains,Facebook Ad,Mobile,0.4,High,1,188.94,2,Self-Care Sena (Facebook One-Timers)
EA-00033,29,Female,Suburban,30000,Bargains,Facebook Ad,Tablet,5.9,Medium,1,318.06,2,Self-Care Sena (Facebook One-Timers)
EA-02938,30,Female,Suburban,28000,Skincare,Facebook Ad,Mobile,4.1,High,1,433.56,2,Self-Care Sena (Facebook One-Timers)
EA-01158,19,Female,Suburban,54500,Bargains,Facebook Ad,Mobile,1.8,Low,1,370.59,2,Self-Care Sena (Facebook One-Timers)
EA-00745,29,Female,Suburban,83000,Wellness,Groupon,Mobile,2.1,High,1,287.38,0,Gayab Grahak (Groupon One-Timers)
EA-01498,37,Female,Suburban,47000,Bargains,Groupon,Tablet,1.1,Medium,1,374.43,0,Gayab Grahak (Groupon One-Timers)
EA-03460,35,Female,Urban,103000,Skincare,Organic Search,Tablet,15.8,Medium,4,2250.9,1,Glow Ke Nawab (Organic VIPs)
EA-03756,40,Female,Urban,49500,Bargains,Facebook Ad,Mobile,4.3,Low,1,491.97,2,Self-Care Sena (Facebook One-Timers)
EA-02592,41,Female,Rural,86500,Anti-aging,Referral,Desktop,13.0,Medium,1,397.0,3,Hamesha 25 Club (Referral Regulars)
EA-00784,28,Male,Suburban,62500,Bargains,Groupon,Mobile,4.7,High,1,172.52,0,Gayab Grahak (Groupon One-Timers)
EA-03494,31,Female,Rural,53500,Anti-aging,Groupon,Mobile,3.8,High,1,416.3,0,Gayab Grahak (Groupon One-Timers)
EA-02950,53,Male,Suburban,101500,Anti-aging,Organic Search,Desktop,17.5,Low,2,2055.05,1,Glow Ke Nawab (Organic VIPs)
EA-00230,29,Male,Urban,50000,Bargains,Facebook Ad,Mobile,3.0,High,1,271.59,2,Self-Care Sena (Facebook One-Timers)
EA-00858,46,Female,Suburban,101500,Skincare,Organic Search,Desktop,9.0,Medium,3,1945.84,1,Glow Ke Nawab (Organic VIPs)
EA-02267,50,Female,Suburban,112000,Anti-aging,Organic Search,Tablet,12.9,Low,4,1729.48,1,Glow Ke Nawab (Organic VIPs)
EA-04275,44,Female,Rural,50500,Bargains,Facebook Ad,Mobile,6.4,Medium,1,340.63,2,Self-Care Sena (Facebook One-Timers)
EA-00409,19,Male,Urban,69000,Bargains,Facebook Ad,Mobile,2.5,High,1,337.75,2,Self-Care Sena (Facebook One-Timers)
EA-00171,20,Female,Suburban,48000,Bargains,Facebook Ad,Mobile,7.4,Low,1,273.52,2,Self-Care Sena (Facebook One-Timers)
EA-00541,36,Female,Suburban,112500,Skincare,Referral,Mobile,9.3,Low,4,675.78,3,Hamesha 25 Club (Referral Regulars)
EA-02211,47,Female,Urban,111500,Anti-aging,Referral,Mobile,16.6,Low,2,571.84,3,Hamesha 25 Club (Referral Regulars)
EA-02305,34,Male,Urban,80000,Bargains,Groupon,Mobile,0.4,High,1,457.74,0,Gayab Grahak (Groupon One-Timers)
EA-02568,27,Female,Urban,81000,Skincare,Facebook Ad,Mobile,2.2,High,1,613.24,2,Self-Care Sena (Facebook One-Timers)
EA-00614,35,Non-binary,Suburban,51500,Skincare,Referral,Mobile,9.2,Medium,2,1146.66,3,Hamesha 25 Club (Referral Regulars)
EA-02102,38,Male,Suburban,52000,Bargains,Facebook Ad,Mobile,2.0,High,1,201.16,2,Self-Care Sena (Facebook One-Timers)
EA-01809,35,Female,Suburban,68000,Bargains,Facebook Ad,Mobile,3.9,Medium,1,385.46,2,Self-Care Sena (Facebook One-Timers)
EA-03439,25,Female,Urban,63000,Skincare,Facebook Ad,Mobile,0.7,Medium,1,425.83,2,Self-Care Sena (Facebook One-Timers)
EA-01162,58,Female,Urban,91500,Anti-aging,Organic Search,Desktop,8.1,Low,3,1830.41,1,Glow Ke Nawab (Organic VIPs)
EA-04226,60,Female,Suburban,90000,Wellness,Organic Search,Mobile,14.7,Low,3,1605.85,1,Glow Ke Nawab (Organic VIPs)
EA-03120,26,Female,Urban,60000,Bargains,Facebook Ad,Mobile,3.0,High,1,453.4,2,Self-Care Sena (Facebook One-Timers)
EA-03653,41,Female,Urban,59000,Bargains,Facebook Ad,Mobile,1.0,High,1,325.72,2,Self-Care Sena (Facebook One-Timers)
EA-01611,22,Female,Suburban,27500,Bargains,Facebook Ad,Mobile,2.2,Medium,1,460.95,2,Self-Care Sena (Facebook One-Timers)
EA-01933,52,Female,Urban,59000,Anti-aging,Organic Search,Mobile,9.8,Low,2,1619.85,3,Hamesha 25 Club (Referral Regulars)
EA-03028,41,Female,Urban,71000,Skincare,Organic Search,Mobile,14.2,Medium,3,2100.55,1,Glow Ke Nawab (Organic VIPs)
EA-00565,37,Female,Suburban,30000,Bargains,Groupon,Mobile,0.4,High,1,456.51,0,Gayab Grahak (Groupon One-Timers)
EA-03572,27,Female,Suburban,62500,Bargains,Facebook Ad,Mobile,1.8,High,1,482.55,2,Self-Care Sena (Facebook One-Timers)
EA-04248,26,Female,Urban,83000,Bargains,Facebook Ad,Mobile,0.4,High,1,227.6,2,Self-Care Sena (Facebook One-Timers)
EA-02389,66,Female,Suburban,95500,Wellness,Organic Search,Mobile,9.4,Medium,4,1754.65,1,Glow Ke Nawab (Organic VIPs)
EA-01472,31,Female,Urban,53000,Bargains,Facebook Ad,Mobile,3.2,High,3,268.21,2,Self-Care Sena (Facebook One-Timers)
EA-02631,27,Female,Urban,22000,Bargains,Facebook Ad,Tablet,4.1,High,1,190.67,2,Self-Care Sena (Facebook One-Timers)
EA-01836,41,Female,Suburban,69000,Skincare,Facebook Ad,Mobile,5.0,High,1,303.65,2,Self-Care Sena (Facebook One-Timers)
EA-04929,38,Female,Suburban,122500,Skincare,Organic Search,Mobile,18.8,Medium,5,1862.2,1,Glow Ke Nawab (Organic VIPs)
EA-03476,27,Female,Urban,63000,Bargains,Groupon,Mobile,1.8,High,1,150.0,0,Gayab Grahak (Groupon One-Timers)
EA-01534,59,Female,Urban,128500,Wellness,Organic Search,Mobile,14.0,Low,3,1823.08,1,Glow Ke Nawab (Organic VIPs)
EA-04328,50,Female,Suburban,103000,Anti-aging,Organic Search,Tablet,27.4,Low,5,2020.42,1,Glow Ke Nawab (Organic VIPs)
EA-02485,28,Male,Urban,117000,Wellness,Organic Search,Mobile,9.2,Low,3,2080.85,1,Glow Ke Nawab (Organic VIPs)
EA-04208,28,Female,Suburban,68500,Bargains,Facebook Ad,Mobile,3.5,High,1,201.52,2,Self-Care Sena (Facebook One-Timers)
EA-01173,40,Male,Suburban,78000,Bargains,Facebook Ad,Mobile,0.5,High,1,343.75,2,Self-Care Sena (Facebook One-Timers)
EA-01428,35,Female,Suburban,38000,Bargains,Facebook Ad,Mobile,0.4,High,1,267.62,2,Self-Care Sena (Facebook One-Timers)
EA-00326,34,Male,Suburban,120000,Wellness,Organic Search,Mobile,10.2,Medium,2,2016.6,1,Glow Ke Nawab (Organic VIPs)
EA-01052,21,Male,Urban,64500,Bargains,Facebook Ad,Tablet,0.4,High,1,317.54,2,Self-Care Sena (Facebook One-Timers)
EA-03320,35,Female,Suburban,56000,Wellness,Facebook Ad,Mobile,2.4,High,1,155.61,2,Self-Care Sena (Facebook One-Timers)
EA-04722,34,Female,Urban,75500,Bargains,Groupon,Mobile,3.2,High,1,509.36,0,Gayab Grahak (Groupon One-Timers)
EA-03865,36,Female,Rural,80500,Anti-aging,Referral,Desktop,4.4,Medium,2,973.01,3,Hamesha 25 Club (Referral Regulars)
EA-02604,40,Female,Suburban,117500,Skincare,Organic Search,Mobile,8.0,Medium,4,1597.66,1,Glow Ke Nawab (Organic VIPs)
EA-01739,31,Female,Urban,45500,Bargains,Groupon,Desktop,3.2,High,1,375.55,0,Gayab Grahak (Groupon One-Timers)
EA-01197,20,Female,Urban,50500,Bargains,Facebook Ad,Mobile,6.4,High,1,401.01,2,Self-Care Sena (Facebook One-Timers)
EA-00621,49,Female,Suburban,106000,Wellness,Organic Search,Desktop,12.3,Medium,4,1699.37,1,Glow Ke Nawab (Organic VIPs)
EA-01375,39,Male,Urban,120500,Wellness,Referral,Desktop,1.0,Medium,3,953.27,3,Hamesha 25 Club (Referral Regulars)
EA-02880,30,Female,Rural,62000,Bargains,Facebook Ad,Desktop,1.6,Medium,1,150.0,2,Self-Care Sena (Facebook One-Timers)
EA-01190,52,Non-binary,Urban,94000,Anti-aging,Organic Search,Desktop,21.1,Medium,4,2025.7,1,Glow Ke Nawab (Organic VIPs)
EA-00329,33,Female,Suburban,64000,Skincare,Groupon,Desktop,5.5,Medium,1,359.74,0,Gayab Grahak (Groupon One-Timers)
EA-00649,43,Female,Suburban,141500,Bargains,Organic Search,Mobile,19.6,Low,6,1951.42,1,Glow Ke Nawab (Organic VIPs)
EA-00898,36,Male,Urban,31500,Anti-aging,Facebook Ad,Mobile,3.1,Medium,1,250.71,2,Self-Care Sena (Facebook One-Timers)
EA-03883,40,Female,Urban,127000,Anti-aging,Organic Search,Tablet,2.8,Low,2,1926.52,1,Glow Ke Nawab (Organic VIPs)
EA-01124,32,Female,Suburban,45000,Bargains,Facebook Ad,Mobile,3.1,High,1,231.56,2,Self-Care Sena (Facebook One-Timers)
EA-01892,44,Non-binary,Suburban,52500,Skincare,Organic Search,Desktop,18.8,Low,5,1803.18,1,Glow Ke Nawab (Organic VIPs)
EA-04644,23,Female,Suburban,41500,Bargains,Facebook Ad,Mobile,1.8,High,1,271.83,2,Self-Care Sena (Facebook One-Timers)
EA-04792,37,Female,Suburban,56500,Bargains,Facebook Ad,Mobile,0.6,High,1,215.72,2,Self-Care Sena (Facebook One-Timers)
EA-04530,29,Female,Suburban,55000,Bargains,Groupon,Tablet,5.9,High,1,253.68,0,Gayab Grahak (Groupon One-Timers)
EA-04235,29,Female,Urban,54000,Bargains,Facebook Ad,Mobile,6.2,High,1,279.28,2,Self-Care Sena (Facebook One-Timers)
EA-01594,33,Female,Urban,66000,Anti-aging,Facebook Ad,Mobile,4.0,High,1,314.44,2,Self-Care Sena (Facebook One-Timers)
EA-03313,37,Female,Urban,24500,Bargains,Groupon,Desktop,3.7,Medium,1,584.66,0,Gayab Grahak (Groupon One-Timers)
EA-02548,34,Female,Urban,63500,Bargains,Facebook Ad,Mobile,4.0,High,1,356.3,2,Self-Care Sena (Facebook One-Timers)
EA-01546,30,Female,Urban,63000,Skincare,Facebook Ad,Mobile,0.4,High,1,366.26,2,Self-Care Sena (Facebook One-Timers)
EA-04337,26,Female,Urban,26000,Bargains,Facebook Ad,Mobile,4.7,High,1,449.62,2,Self-Care Sena (Facebook One-Timers)
EA-01024,34,Male,Urban,64500,Bargains,Groupon,Mobile,2.9,Medium,1,363.18,0,Gayab Grahak (Groupon One-Timers)
EA-01972,39,Female,Suburban,89500,Wellness,Referral,Mobile,9.3,Low,1,1104.13,3,Hamesha 25 Club (Referral Regulars)
EA-04989,32,Female,Suburban,86500,Anti-aging,Referral,Mobile,17.1,High,1,727.58,3,Hamesha 25 Club (Referral Regulars)
EA-01715,19,Female,Rural,50000,Bargains,Facebook Ad,Desktop,2.4,Medium,1,189.02,2,Self-Care Sena (Facebook One-Timers)
EA-01718,29,Female,Suburban,72500,Bargains,Groupon,Mobile,6.7,Medium,1,451.75,0,Gayab Grahak (Groupon One-Timers)
EA-01478,47,Female,Rural,109500,Wellness,Referral,Mobile,1.0,Low,2,415.81,3,Hamesha 25 Club (Referral Regulars)
EA-00810,37,Female,Suburban,48500,Wellness,Referral,Mobile,14.1,High,2,863.73,3,Hamesha 25 Club (Referral Regulars)
EA-02851,29,Female,Rural,74500,Skincare,Facebook Ad,Mobile,3.1,High,1,477.17,2,Self-Care Sena (Facebook One-Timers)
EA-00979,27,Female,Rural,89000,Skincare,Groupon,Mobile,0.9,High,1,246.93,0,Gayab Grahak (Groupon One-Timers)
EA-04688,35,Female,Rural,73500,Anti-aging,Groupon,Mobile,3.6,High,1,150.0,0,Gayab Grahak (Groupon One-Timers)
EA-04896,38,Male,Rural,59500,Bargains,Groupon,Mobile,9.1,High,1,436.88,0,Gayab Grahak (Groupon One-Timers)
EA-01685,31,Female,Rural,81500,Skincare,Facebook Ad,Mobile,0.4,High,1,266.41,2,Self-Care Sena (Facebook One-Timers)
EA-04661,44,Female,Suburban,120500,Wellness,Organic Search,Mobile,18.4,Low,4,2500.0,1,Glow Ke Nawab (Organic VIPs)
EA-01515,36,Female,Urban,77000,Skincare,Referral,Mobile,4.3,Low,1,542.68,3,Hamesha 25 Club (Referral Regulars)
EA-02405,51,Female,Suburban,118500,Skincare,Organic Search,Mobile,22.3,Low,4,1935.98,1,Glow Ke Nawab (Organic VIPs)
EA-02022,30,Female,Urban,64500,Anti-aging,Facebook Ad,Mobile,2.0,High,1,429.07,2,Self-Care Sena (Facebook One-Timers)
EA-04554,51,Female,Suburban,100500,Wellness,Organic Search,Mobile,11.8,Medium,6,2437.85,1,Glow Ke Nawab (Organic VIPs)
EA-01768,20,Female,Urban,38000,Bargains,Facebook Ad,Mobile,0.4,High,1,363.12,2,Self-Care Sena (Facebook One-Timers)
EA-00175,26,Male,Urban,46000,Skincare,Facebook Ad,Mobile,1.4,High,1,409.99,2,Self-Care Sena (Facebook One-Timers)
EA-01555,35,Female,Urban,66000,Skincare,Facebook Ad,Mobile,6.2,High,1,180.1,2,Self-Care Sena (Facebook One-Timers)
EA-04216,42,Female,Urban,56500,Bargains,Facebook Ad,Desktop,3.2,High,1,340.14,2,Self-Care Sena (Facebook One-Timers)
EA-01483,28,Female,Urban,66500,Skincare,Groupon,Desktop,4.8,Medium,1,427.05,0,Gayab Grahak (Groupon One-Timers)
EA-04462,26,Female,Rural,36500,Bargains,Groupon,Mobile,3.9,High,1,386.28,0,Gayab Grahak (Groupon One-Timers)
EA-00218,22,Male,Suburban,51500,Bargains,Facebook Ad,Mobile,3.3,High,3,150.0,2,Self-Care Sena (Facebook One-Timers)
EA-03915,21,Female,Suburban,77000,Bargains,Facebook Ad,Mobile,4.4,High,1,457.55,2,Self-Care Sena (Facebook One-Timers)
EA-03721,26,Female,Suburban,41000,Bargains,Groupon,Desktop,0.4,Medium,1,472.25,0,Gayab Grahak (Groupon One-Timers)
EA-00691,26,Female,Urban,42500,Bargains,Facebook Ad,Mobile,3.2,High,1,589.71,2,Self-Care Sena (Facebook One-Timers)
EA-02578,39,Female,Suburban,68000,Wellness,Organic Search,Desktop,9.1,Medium,3,2012.82,1,Glow Ke Nawab (Organic VIPs)
EA-02234,52,Female,Rural,123500,Wellness,Referral,Desktop,10.9,Medium,4,645.03,3,Hamesha 25 Club (Referral Regulars)
EA-02239,19,Male,Suburban,54500,Bargains,Facebook Ad,Mobile,4.8,High,1,400.76,2,Self-Care Sena (Facebook One-Timers)
EA-01107,33,Female,Suburban,50000,Bargains,Facebook Ad,Mobile,4.2,High,1,288.6,2,Self-Care Sena (Facebook One-Timers)
EA-01790,41,Female,Suburban,68000,Skincare,Facebook Ad,Mobile,5.0,High,1,473.71,2,Self-Care Sena (Facebook One-Timers)
EA-03189,29,Female,Urban,66500,Bargains,Facebook Ad,Mobile,3.9,High,1,319.38,2,Self-Care Sena (Facebook One-Timers)
EA-02437,22,Female,Urban,69000,Bargains,Groupon,Mobile,3.8,High,1,318.77,0,Gayab Grahak (Groupon One-Timers)
EA-00612,53,Female,Suburban,136000,Skincare,Organic Search,Mobile,15.4,Low,5,1913.94,1,Glow Ke Nawab (Organic VIPs)
EA-03661,27,Female,Suburban,64500,Skincare,Facebook Ad,Mobile,6.2,High,1,312.55,2,Self-Care Sena (Facebook One-Timers)
EA-03712,40,Male,Urban,106500,Anti-aging,Organic Search,Desktop,2.0,Medium,3,1904.94,1,Glow Ke Nawab (Organic VIPs)
EA-00577,25,Female,Urban,115500,Skincare,Referral,Mobile,9.7,Low,2,605.65,3,Hamesha 25 Club (Referral Regulars)
EA-02064,36,Female,Urban,45000,Bargains,Facebook Ad,Mobile,4.5,High,1,276.31,2,Self-Care Sena (Facebook One-Timers)
EA-04436,30,Female,Suburban,63000,Bargains,Groupon,Mobile,1.1,High,1,383.58,0,Gayab Grahak (Groupon One-Timers)
EA-01181,42,Female,Urban,154500,Skincare,Organic Search,Mobile,15.8,Low,5,1995.37,1,Glow Ke Nawab (Organic VIPs)
EA-00889,25,Female,Suburban,49000,Bargains,Facebook Ad,Mobile,2.7,High,1,338.59,2,Self-Care Sena (Facebook One-Timers)
EA-03129,64,Female,Urban,114000,Skincare,Organic Search,Mobile,15.9,Medium,5,1207.29,1,Glow Ke Nawab (Organic VIPs)
EA-01733,29,Female,Suburban,46500,Anti-aging,Organic Search,Mobile,19.6,Medium,5,2492.51,1,Glow Ke Nawab (Organic VIPs)
EA-02664,30,Female,Urban,34500,Bargains,Facebook Ad,Mobile,0.4,High,1,543.67,2,Self-Care Sena (Facebook One-Timers)
EA-00818,33,Female,Urban,95500,Bargains,Groupon,Mobile,4.6,Medium,1,289.89,0,Gayab Grahak (Groupon One-Timers)
EA-03278,26,Non-binary,Rural,67500,Bargains,Groupon,Mobile,3.0,High,1,470.02,0,Gayab Grahak (Groupon One-Timers)
EA-01860,25,Female,Suburban,66500,Bargains,Facebook Ad,Mobile,0.4,High,1,365.53,2,Self-Care Sena (Facebook One-Timers)
EA-00209,41,Female,Urban,46500,Skincare,Facebook Ad,Tablet,1.6,Medium,1,455.45,2,Self-Care Sena (Facebook One-Timers)
EA-00294,42,Female,Urban,52500,Bargains,Facebook Ad,Mobile,4.1,High,1,403.96,2,Self-Care Sena (Facebook One-Timers)
EA-01120,39,Non-binary,Suburban,49000,Anti-aging,Organic Search,Tablet,10.1,Medium,4,1656.07,1,Glow Ke Nawab (Organic VIPs)
EA-02214,24,Female,Suburban,64500,Skincare,Groupon,Mobile,4.1,High,1,293.62,0,Gayab Grahak (Groupon One-Timers)
EA-01610,22,Female,Urban,48000,Bargains,Groupon,Mobile,5.1,Medium,1,520.31,0,Gayab Grahak (Groupon One-Timers)
EA-01265,44,Male,Urban,75000,Bargains,Groupon,Mobile,1.8,High,1,415.44,0,Gayab Grahak (Groupon One-Timers)
EA-00991,25,Female,Rural,54000,Anti-aging,Groupon,Mobile,5.7,High,1,168.79,0,Gayab Grahak (Groupon One-Timers)
EA-04198,46,Female,Suburban,115000,Skincare,Organic Search,Desktop,21.0,Low,5,1768.71,1,Glow Ke Nawab (Organic VIPs)
EA-01617,36,Female,Urban,73500,Skincare,Facebook Ad,Desktop,1.1,High,1,444.14,2,Self-Care Sena (Facebook One-Timers)
EA-00354,34,Male,Urban,42500,Bargains,Groupon,Tablet,0.4,High,1,454.53,0,Gayab Grahak (Groupon One-Timers)
EA-04558,45,Female,Urban,58000,Anti-aging,Organic Search,Mobile,23.8,Medium,4,2257.61,1,Glow Ke Nawab (Organic VIPs)
EA-02023,41,Male,Suburban,93000,Bargains,Facebook Ad,Mobile,0.4,High,1,190.56,2,Self-Care Sena (Facebook One-Timers)
EA-03691,27,Female,Rural,85500,Bargains,Facebook Ad,Mobile,2.0,High,1,360.36,2,Self-Care Sena (Facebook One-Timers)
EA-02556,45,Female,Rural,150000,Wellness,Organic Search,Mobile,6.5,Medium,3,1550.86,1,Glow Ke Nawab (Organic VIPs)
EA-03049,25,Female,Rural,128000,Anti-aging,Referral,Desktop,6.3,Medium,1,300.0,3,Hamesha 25 Club (Referral Regulars)
EA-01229,35,Female,Urban,112000,Skincare,Referral,Mobile,13.6,Medium,2,442.95,3,Hamesha 25 Club (Referral Regulars)
EA-00260,39,Female,Suburban,49500,Bargains,Groupon,Mobile,4.5,High,1,526.44,0,Gayab Grahak (Groupon One-Timers)
EA-01520,26,Female,Urban,75000,Anti-aging,Facebook Ad,Mobile,4.6,High,1,448.8,2,Self-Care Sena (Facebook One-Timers)
EA-01778,34,Female,Rural,56500,Bargains,Groupon,Desktop,1.2,High,1,227.6,0,Gayab Grahak (Groupon One-Timers)
EA-04740,23,Female,Suburban,62500,Bargains,Groupon,Mobile,4.3,High,1,384.25,0,Gayab Grahak (Groupon One-Timers)
EA-01771,29,Female,Urban,44000,Bargains,Groupon,Mobile,5.9,Medium,1,458.26,0,Gayab Grahak (Groupon One-Timers)
EA-04354,22,Female,Suburban,27000,Bargains,Facebook Ad,Mobile,4.8,High,1,386.34,2,Self-Care Sena (Facebook One-Timers)
EA-00053,62,Female,Urban,112500,Skincare,Organic Search,Desktop,23.2,Medium,7,2199.22,1,Glow Ke Nawab (Organic VIPs)
EA-03474,36,Male,Suburban,75500,Skincare,Facebook Ad,Desktop,0.5,High,1,288.72,2,Self-Care Sena (Facebook One-Timers)
EA-04684,43,Female,Urban,107500,Anti-aging,Organic Search,Mobile,18.8,Medium,5,1987.47,1,Glow Ke Nawab (Organic VIPs)
EA-04412,26,Female,Rural,55000,Bargains,Facebook Ad,Desktop,5.6,High,1,523.34,2,Self-Care Sena (Facebook One-Timers)
EA-02410,36,Female,Suburban,90000,Bargains,Referral,Mobile,13.3,Low,1,529.66,3,Hamesha 25 Club (Referral Regulars)
EA-02788,28,Female,Urban,72000,Skincare,Groupon,Mobile,3.4,High,2,377.37,0,Gayab Grahak (Groupon One-Timers)
EA-02345,41,Female,Urban,95500,Anti-aging,Organic Search,Tablet,22.4,Medium,4,1631.43,1,Glow Ke Nawab (Organic VIPs)
EA-01034,42,Female,Urban,98000,Skincare,Referral,Mobile,8.9,High,2,651.5,3,Hamesha 25 Club (Referral Regulars)
EA-01098,45,Female,Suburban,87500,Anti-aging,Organic Search,Desktop,8.1,Low,2,2097.77,1,Glow Ke Nawab (Organic VIPs)
EA-00544,47,Female,Suburban,154500,Anti-aging,Referral,Mobile,10.0,Low,2,678.22,3,Hamesha 25 Club (Referral Regulars)
EA-01047,33,Female,Suburban,54500,Skincare,Facebook Ad,Mobile,5.7,High,1,374.46,2,Self-Care Sena (Facebook One-Timers)
EA-01895,41,Female,Suburban,25500,Bargains,Facebook Ad,Mobile,2.9,High,1,330.74,2,Self-Care Sena (Facebook One-Timers)
EA-04377,35,Female,Urban,83000,Wellness,Organic Search,Desktop,17.0,Low,4,2309.34,1,Glow Ke Nawab (Organic VIPs)
EA-00031,42,Female,Suburban,124500,Anti-aging,Organic Search,Desktop,7.1,Medium,3,2286.5,1,Glow Ke Nawab (Organic VIPs)
EA-00726,31,Female,Suburban,37500,Bargains,Facebook Ad,Mobile,4.2,High,1,268.33,2,Self-Care Sena (Facebook One-Timers)
EA-04962,25,Female,Suburban,63500,Bargains,Facebook Ad,Mobile,0.4,High,1,555.19,2,Self-Care Sena (Facebook One-Timers)
EA-04719,39,Female,Rural,39500,Bargains,Groupon,Mobile,3.9,Medium,1,379.36,0,Gayab Grahak (Groupon One-Timers)
EA-03904,22,Female,Urban,56500,Bargains,Groupon,Mobile,2.5,High,1,242.44,0,Gayab Grahak (Groupon One-Timers)
EA-01427,21,Female,Suburban,39000,Bargains,Facebook Ad,Mobile,3.1,High,1,631.08,2,Self-Care Sena (Facebook One-Timers)
EA-02498,31,Male,Urban,73000,Bargains,Facebook Ad,Mobile,3.1,High,1,206.11,2,Self-Care Sena (Facebook One-Timers)
EA-00437,24,Female,Urban,96000,Bargains,Facebook Ad,Mobile,2.9,High,1,295.65,2,Self-Care Sena (Facebook One-Timers)
EA-02471,25,Female,Urban,51000,Bargains,Groupon,Mobile,2.5,High,1,424.46,0,Gayab Grahak (Groupon One-Timers)
EA-00913,29,Female,Rural,108000,Wellness,Referral,Mobile,1.0,Medium,3,832.52,3,Hamesha 25 Club (Referral Regulars)
EA-04223,28,Female,Suburban,64000,Bargains,Facebook Ad,Mobile,4.5,High,1,247.86,2,Self-Care Sena (Facebook One-Timers)
EA-04353,28,Female,Suburban,89000,Wellness,Organic Search,Tablet,4.3,Low,4,1603.24,1,Glow Ke Nawab (Organic VIPs)
EA-04513,35,Non-binary,Urban,93000,Skincare,Organic Search,Mobile,10.0,Medium,4,1461.32,1,Glow Ke Nawab (Organic VIPs)
EA-04444,39,Female,Urban,116000,Skincare,Referral,Mobile,7.2,Low,2,418.41,3,Hamesha 25 Club (Referral Regulars)
EA-02288,56,Female,Urban,59000,Anti-aging,Organic Search,Mobile,20.3,Low,3,1662.37,1,Glow Ke Nawab (Organic VIPs)
EA-04598,26,Female,Urban,59500,Wellness,Facebook Ad,Mobile,2.9,High,1,317.4,2,Self-Care Sena (Facebook One-Timers)
EA-01239,32,Female,Suburban,56500,Bargains,Facebook Ad,Mobile,4.8,High,1,398.86,2,Self-Care Sena (Facebook One-Timers)
EA-00904,33,Female,Urban,61500,Bargains,Groupon,Mobile,3.4,High,1,480.13,0,Gayab Grahak (Groupon One-Timers)
EA-03621,32,Female,Rural,54000,Bargains,Groupon,Mobile,1.9,Medium,1,418.03,0,Gayab Grahak (Groupon One-Timers)
EA-03232,22,Female,Suburban,29000,Bargains,Facebook Ad,Mobile,0.4,High,1,416.5,2,Self-Care Sena (Facebook One-Timers)
EA-02860,34,Female,Suburban,38500,Bargains,Groupon,Mobile,3.5,High,1,388.77,0,Gayab Grahak (Groupon One-Timers)
EA-00508,39,Female,Suburban,88000,Wellness,Organic Search,Desktop,15.5,Medium,4,1734.41,1,Glow Ke Nawab (Organic VIPs)
EA-03222,53,Female,Urban,121500,Skincare,Organic Search,Mobile,20.6,Medium,4,2232.96,1,Glow Ke Nawab (Organic VIPs)
EA-00184,35,Female,Suburban,72000,Skincare,Facebook Ad,Mobile,2.6,High,1,534.94,2,Self-Care Sena (Facebook One-Timers)
EA-01565,47,Female,Urban,96500,Skincare,Organic Search,Mobile,17.3,Low,4,2213.93,1,Glow Ke Nawab (Organic VIPs)
EA-02705,43,Male,Urban,138000,Skincare,Organic Search,Desktop,11.8,Medium,2,1828.99,1,Glow Ke Nawab (Organic VIPs)
EA-00322,32,Female,Urban,62000,Bargains,Groupon,Mobile,5.9,High,1,551.46,0,Gayab Grahak (Groupon One-Timers)
EA-03564,35,Non-binary,Urban,70000,Bargains,Facebook Ad,Mobile,1.3,Medium,2,252.73,2,Self-Care Sena (Facebook One-Timers)
EA-01539,67,Female,Suburban,99000,Anti-aging,Organic Search,Desktop,2.0,Low,2,1601.64,3,Hamesha 25 Club (Referral Regulars)
EA-01838,34,Female,Suburban,58000,Bargains,Groupon,Mobile,2.6,High,1,263.96,0,Gayab Grahak (Groupon One-Timers)
EA-02381,46,Female,Urban,100500,Anti-aging,Organic Search,Mobile,18.5,Low,4,2352.46,1,Glow Ke Nawab (Organic VIPs)
EA-01913,41,Female,Urban,85000,Anti-aging,Referral,Mobile,3.9,Low,1,687.6,3,Hamesha 25 Club (Referral Regulars)
EA-01841,35,Female,Urban,57000,Skincare,Facebook Ad,Mobile,5.3,Medium,1,454.72,2,Self-Care Sena (Facebook One-Timers)
EA-02116,46,Female,Suburban,110000,Anti-aging,Referral,Mobile,10.7,Low,2,698.24,3,Hamesha 25 Club (Referral Regulars)
EA-04438,32,Female,Rural,91000,Bargains,Facebook Ad,Mobile,3.6,High,1,150.0,2,Self-Care Sena (Facebook One-Timers)
EA-01147,58,Female,Suburban,115000,Anti-aging,Organic Search,Mobile,15.3,Medium,3,2219.57,1,Glow Ke Nawab (Organic VIPs)
EA-02487,58,Female,Urban,101500,Skincare,Organic Search,Desktop,17.9,Medium,5,2103.65,1,Glow Ke Nawab (Organic VIPs)
EA-00045,39,Female,Urban,79000,Wellness,Organic Search,Desktop,16.4,Medium,4,2019.24,1,Glow Ke Nawab (Organic VIPs)
EA-02155,41,Female,Suburban,28500,Bargains,Groupon,Mobile,1.5,High,1,351.44,0,Gayab Grahak (Groupon One-Timers)
EA-01527,33,Male,Urban,49000,Bargains,Facebook Ad,Mobile,1.4,Medium,1,437.39,2,Self-Care Sena (Facebook One-Timers)
EA-04856,34,Female,Urban,111500,Wellness,Referral,Desktop,10.9,Low,4,899.11,3,Hamesha 25 Club (Referral Regulars)
EA-01379,37,Female,Urban,41000,Bargains,Groupon,Tablet,0.4,High,1,470.48,0,Gayab Grahak (Groupon One-Timers)
EA-01766,37,Female,Suburban,53000,Bargains,Facebook Ad,Mobile,3.0,Medium,1,217.21,2,Self-Care Sena (Facebook One-Timers)
EA-03013,44,Male,Suburban,79500,Wellness,Organic Search,Desktop,21.1,Medium,3,809.84,1,Glow Ke Nawab (Organic VIPs)
EA-00414,26,Female,Urban,90500,Anti-aging,Referral,Mobile,8.3,Low,2,513.24,3,Hamesha 25 Club (Referral Regulars)
EA-04285,41,Female,Urban,92500,Wellness,Referral,Mobile,10.2,Medium,2,856.75,3,Hamesha 25 Club (Referral Regulars)
EA-01408,27,Female,Suburban,38000,Bargains,Facebook Ad,Mobile,4.7,High,1,432.58,2,Self-Care Sena (Facebook One-Timers)
EA-01659,31,Female,Urban,23000,Skincare,Facebook Ad,Mobile,3.6,High,1,423.91,2,Self-Care Sena (Facebook One-Timers)
EA-00802,38,Female,Urban,28500,Bargains,Facebook Ad,Mobile,2.1,High,1,332.01,2,Self-Care Sena (Facebook One-Timers)
EA-01289,47,Female,Suburban,46500,Bargains,Groupon,Mobile,6.1,High,1,375.87,0,Gayab Grahak (Groupon One-Timers)
EA-02183,44,Female,Urban,86500,Wellness,Organic Search,Desktop,23.0,Medium,7,1405.23,1,Glow Ke Nawab (Organic VIPs)
EA-02589,38,Female,Suburban,62000,Skincare,Groupon,Mobile,1.5,Medium,1,461.05,0,Gayab Grahak (Groupon One-Timers)
EA-02616,35,Female,Urban,59000,Bargains,Groupon,Mobile,3.9,High,1,373.18,0,Gayab Grahak (Groupon One-Timers)
EA-02319,27,Female,Urban,53500,Bargains,Groupon,Mobile,3.8,High,3,328.14,0,Gayab Grahak (Groupon One-Timers)
EA-00257,33,Female,Suburban,111000,Skincare,Organic Search,Desktop,13.1,Low,4,1460.62,1,Glow Ke Nawab (Organic VIPs)
EA-04542,34,Female,Suburban,42000,Bargains,Facebook Ad,Mobile,2.1,Medium,1,406.09,2,Self-Care Sena (Facebook One-Timers)
EA-01730,24,Male,Suburban,74000,Bargains,Facebook Ad,Desktop,2.7,Medium,1,399.06,2,Self-Care Sena (Facebook One-Timers)
EA-01152,51,Female,Rural,129500,Wellness,Organic Search,Tablet,13.3,Low,4,2463.68,1,Glow Ke Nawab (Organic VIPs)
EA-04145,35,Female,Urban,30500,Skincare,Groupon,Tablet,5.7,High,1,238.73,0,Gayab Grahak (Groupon One-Timers)
EA-00648,46,Male,Urban,58000,Bargains,Groupon,Mobile,5.4,High,1,417.59,0,Gayab Grahak (Groupon One-Timers)
EA-02909,53,Male,Rural,89500,Skincare,Referral,Mobile,13.1,Medium,2,478.04,3,Hamesha 25 Club (Referral Regulars)
EA-01703,26,Female,Suburban,57000,Bargains,Facebook Ad,Tablet,3.9,Medium,1,400.88,2,Self-Care Sena (Facebook One-Timers)
EA-01882,27,Female,Suburban,52500,Bargains,Groupon,Mobile,3.5,Low,1,414.44,0,Gayab Grahak (Groupon One-Timers)
EA-03769,56,Female,Rural,113500,Anti-aging,Organic Search,Desktop,17.3,Medium,4,1427.21,1,Glow Ke Nawab (Organic VIPs)
EA-01316,45,Female,Suburban,105500,Skincare,Organic Search,Mobile,10.0,Low,4,2182.38,1,Glow Ke Nawab (Organic VIPs)
EA-02270,42,Female,Urban,114000,Skincare,Organic Search,Desktop,27.1,Low,6,1304.89,1,Glow Ke Nawab (Organic VIPs)
EA-01967,47,Female,Suburban,95500,Anti-aging,Organic Search,Desktop,8.6,High,4,1867.03,1,Glow Ke Nawab (Organic VIPs)
EA-02466,45,Male,Suburban,130500,Wellness,Organic Search,Desktop,9.2,Low,4,2010.44,1,Glow Ke Nawab (Organic VIPs)
EA-03856,21,Female,Urban,61500,Skincare,Facebook Ad,Mobile,4.2,Medium,1,327.23,2,Self-Care Sena (Facebook One-Timers)
EA-01351,39,Female,Urban,113000,Anti-aging,Organic Search,Desktop,11.9,High,4,2041.09,1,Glow Ke Nawab (Organic VIPs)
EA-03297,57,Female,Suburban,102500,Anti-aging,Organic Search,Mobile,20.9,Medium,5,2328.81,1,Glow Ke Nawab (Organic VIPs)
EA-00113,35,Female,Urban,66500,Skincare,Facebook Ad,Mobile,1.7,High,1,489.27,2,Self-Care Sena (Facebook One-Timers)
EA-03134,29,Male,Suburban,54500,Bargains,Facebook Ad,Mobile,4.2,High,1,476.31,2,Self-Care Sena (Facebook One-Timers)
EA-00264,30,Female,Suburban,58000,Bargains,Facebook Ad,Mobile,2.3,High,2,332.44,2,Self-Care Sena (Facebook One-Timers)
EA-01394,22,Female,Rural,38000,Bargains,Facebook Ad,Mobile,1.2,Medium,1,259.79,2,Self-Care Sena (Facebook One-Timers)
EA-01879,31,Male,Urban,68000,Bargains,Groupon,Mobile,3.1,High,1,533.09,0,Gayab Grahak (Groupon One-Timers)
EA-01187,19,Female,Urban,75500,Bargains,Facebook Ad,Mobile,7.7,High,1,382.65,2,Self-Care Sena (Facebook One-Timers)
EA-03072,38,Female,Suburban,96500,Anti-aging,Referral,Desktop,7.3,High,1,637.46,3,Hamesha 25 Club (Referral Regulars)
EA-00057,29,Male,Rural,37000,Skincare,Groupon,Tablet,4.7,High,3,626.57,0,Gayab Grahak (Groupon One-Timers)
EA-01310,48,Female,Suburban,41500,Anti-aging,Referral,Desktop,9.6,High,5,702.26,3,Hamesha 25 Club (Referral Regulars)
EA-00696,41,Female,Suburban,36500,Bargains,Groupon,Mobile,3.0,High,1,303.07,0,Gayab Grahak (Groupon One-Timers)
EA-02953,34,Female,Urban,36500,Skincare,Facebook Ad,Mobile,4.5,High,1,302.04,2,Self-Care Sena (Facebook One-Timers)
EA-01727,32,Female,Suburban,66000,Bargains,Facebook Ad,Mobile,3.3,Medium,1,537.43,2,Self-Care Sena (Facebook One-Timers)
EA-02092,46,Male,Suburban,77000,Anti-aging,Organic Search,Desktop,20.5,Medium,2,1638.7,1,Glow Ke Nawab (Organic VIPs)
EA-03870,25,Female,Urban,56000,Bargains,Groupon,Mobile,5.9,High,1,394.64,0,Gayab Grahak (Groupon One-Timers)
EA-00320,60,Female,Urban,93000,Anti-aging,Referral,Mobile,8.8,High,1,649.45,3,Hamesha 25 Club (Referral Regulars)
EA-04321,37,Female,Suburban,48500,Skincare,Organic Search,Mobile,9.5,Low,1,1638.58,3,Hamesha 25 Club (Referral Regulars)
EA-00683,35,Female,Urban,32500,Bargains,Facebook Ad,Desktop,2.9,High,1,428.87,2,Self-Care Sena (Facebook One-Timers)
EA-03842,21,Female,Urban,50000,Bargains,Groupon,Mobile,5.0,High,1,481.6,0,Gayab Grahak (Groupon One-Timers)
EA-03214,39,Female,Urban,46500,Bargains,Groupon,Mobile,0.4,Low,1,338.87,0,Gayab Grahak (Groupon One-Timers)
EA-02003,47,Female,Urban,60000,Skincare,Referral,Mobile,11.3,Low,2,492.31,3,Hamesha 25 Club (Referral Regulars)
EA-04783,42,Female,Urban,79500,Wellness,Referral,Mobile,8.7,High,2,486.39,3,Hamesha 25 Club (Referral Regulars)
EA-04151,37,Female,Urban,33500,Bargains,Facebook Ad,Mobile,6.4,High,1,194.74,2,Self-Care Sena (Facebook One-Timers)
EA-00287,36,Male,Suburban,64000,Bargains,Facebook Ad,Mobile,3.8,High,1,430.16,2,Self-Care Sena (Facebook One-Timers)
EA-01889,42,Female,Urban,104000,Skincare,Organic Search,Desktop,16.9,Medium,4,2308.2,1,Glow Ke Nawab (Organic VIPs)
EA-02338,30,Female,Urban,23000,Bargains,Facebook Ad,Mobile,3.2,Medium,1,481.55,2,Self-Care Sena (Facebook One-Timers)
EA-02521,34,Male,Suburban,39000,Bargains,Facebook Ad,Mobile,3.6,Medium,2,476.86,2,Self-Care Sena (Facebook One-Timers)
EA-02278,37,Female,Urban,59500,Wellness,Facebook Ad,Desktop,4.2,High,2,437.95,2,Self-Care Sena (Facebook One-Timers)
EA-02128,23,Female,Suburban,27500,Anti-aging,Facebook Ad,Mobile,4.0,High,1,267.99,2,Self-Care Sena (Facebook One-Timers)
EA-03500,35,Female,Urban,80000,Anti-aging,Organic Search,Tablet,12.8,Medium,2,1782.47,1,Glow Ke Nawab (Organic VIPs)
EA-04212,28,Female,Urban,51500,Bargains,Facebook Ad,Tablet,3.9,High,1,537.91,2,Self-Care Sena (Facebook One-Timers)
EA-02084,29,Female,Urban,73000,Skincare,Facebook Ad,Mobile,0.4,High,1,421.44,2,Self-Care Sena (Facebook One-Timers)
EA-00737,36,Female,Suburban,94000,Bargains,Facebook Ad,Mobile,4.5,High,1,325.85,2,Self-Care Sena (Facebook One-Timers)
EA-04802,24,Female,Urban,55500,Bargains,Facebook Ad,Desktop,5.0,High,1,449.63,2,Self-Care Sena (Facebook One-Timers)
EA-00337,23,Female,Rural,59500,Bargains,Facebook Ad,Desktop,2.0,High,1,288.35,2,Self-Care Sena (Facebook One-Timers)
EA-02597,30,Female,Rural,63000,Bargains,Facebook Ad,Desktop,2.8,Medium,1,337.61,2,Self-Care Sena (Facebook One-Timers)
EA-02772,49,Male,Urban,109500,Skincare,Organic Search,Mobile,22.2,Medium,6,1710.71,1,Glow Ke Nawab (Organic VIPs)
EA-03705,28,Female,Urban,36500,Bargains,Facebook Ad,Tablet,1.6,High,1,334.84,2,Self-Care Sena (Facebook One-Timers)
EA-04405,30,Female,Urban,66000,Bargains,Groupon,Mobile,1.9,High,1,555.4,0,Gayab Grahak (Groupon One-Timers)
EA-01072,20,Male,Suburban,41500,Bargains,Groupon,Mobile,0.4,High,1,420.89,0,Gayab Grahak (Groupon One-Timers)
EA-02291,28,Female,Suburban,69500,Anti-aging,Referral,Mobile,14.7,Medium,2,980.09,3,Hamesha 25 Club (Referral Regulars)
EA-01673,54,Female,Urban,104000,Skincare,Organic Search,Mobile,32.6,Low,6,1819.43,1,Glow Ke Nawab (Organic VIPs)
EA-04084,33,Female,Suburban,55000,Bargains,Facebook Ad,Desktop,4.8,Low,1,491.28,2,Self-Care Sena (Facebook One-Timers)
EA-04251,27,Male,Urban,31500,Bargains,Facebook Ad,Mobile,4.8,High,1,272.98,2,Self-Care Sena (Facebook One-Timers)
EA-04114,32,Male,Suburban,42500,Bargains,Groupon,Mobile,2.5,Medium,3,322.71,0,Gayab Grahak (Groupon One-Timers)
EA-04409,28,Female,Suburban,96000,Skincare,Organic Search,Mobile,18.0,Low,1,1970.98,1,Glow Ke Nawab (Organic VIPs)
EA-03367,54,Female,Suburban,114000,Anti-aging,Organic Search,Mobile,11.9,Low,4,1373.86,1,Glow Ke Nawab (Organic VIPs)
EA-01489,42,Male,Urban,50000,Anti-aging,Referral,Desktop,5.2,Low,1,877.21,3,Hamesha 25 Club (Referral Regulars)
EA-00499,24,Female,Suburban,61000,Bargains,Facebook Ad,Mobile,4.9,High,3,543.15,2,Self-Care Sena (Facebook One-Timers)
EA-04383,26,Female,Suburban,59500,Skincare,Facebook Ad,Mobile,5.8,High,1,325.76,2,Self-Care Sena (Facebook One-Timers)
EA-03480,34,Female,Suburban,63000,Bargains,Groupon,Mobile,1.8,High,1,318.88,0,Gayab Grahak (Groupon One-Timers)
EA-02582,58,Female,Suburban,54000,Skincare,Organic Search,Desktop,16.3,Low,4,1879.01,1,Glow Ke Nawab (Organic VIPs)
EA-03124,25,Female,Suburban,22000,Bargains,Groupon,Mobile,5.1,High,1,348.87,0,Gayab Grahak (Groupon One-Timers)
EA-02922,40,Female,Urban,44000,Skincare,Facebook Ad,Mobile,3.7,High,1,611.98,2,Self-Care Sena (Facebook One-Timers)
EA-04378,37,Female,Rural,60000,Bargains,Facebook Ad,Mobile,5.5,High,1,228.23,2,Self-Care Sena (Facebook One-Timers)
EA-02645,35,Female,Urban,52500,Skincare,Facebook Ad,Mobile,6.3,High,1,483.87,2,Self-Care Sena (Facebook One-Timers)
EA-04287,38,Female,Urban,61500,Wellness,Referral,Desktop,7.5,High,2,828.76,3,Hamesha 25 Club (Referral Regulars)
EA-04041,32,Male,Urban,49500,Anti-aging,Groupon,Mobile,2.4,High,1,316.91,0,Gayab Grahak (Groupon One-Timers)
EA-02035,31,Female,Urban,44000,Bargains,Facebook Ad,Mobile,1.9,High,1,446.1,2,Self-Care Sena (Facebook One-Timers)
EA-01023,45,Female,Rural,59500,Anti-aging,Referral,Mobile,12.6,Low,3,1159.94,3,Hamesha 25 Club (Referral Regulars)
EA-02283,27,Female,Suburban,58000,Bargains,Facebook Ad,Tablet,3.8,High,1,150.0,2,Self-Care Sena (Facebook One-Timers)
EA-04887,29,Female,Urban,59500,Bargains,Facebook Ad,Mobile,1.0,High,1,457.99,2,Self-Care Sena (Facebook One-Timers)
EA-04220,46,Female,Suburban,109000,Wellness,Organic Search,Tablet,18.7,Low,4,2500.0,1,Glow Ke Nawab (Organic VIPs)
EA-03064,61,Female,Urban,100500,Skincare,Organic Search,Desktop,2.0,Medium,2,2310.03,1,Glow Ke Nawab (Organic VIPs)
EA-04366,41,Female,Rural,50500,Bargains,Facebook Ad,Mobile,2.6,High,1,391.23,2,Self-Care Sena (Facebook One-Timers)
EA-00666,65,Female,Suburban,125500,Wellness,Organic Search,Desktop,2.7,Low,2,1919.63,1,Glow Ke Nawab (Organic VIPs)
EA-03933,25,Female,Urban,61500,Bargains,Groupon,Mobile,3.8,High,1,258.96,0,Gayab Grahak (Groupon One-Timers)
EA-02639,35,Male,Suburban,97500,Wellness,Organic Search,Desktop,16.9,High,6,2500.0,1,Glow Ke Nawab (Organic VIPs)
EA-03177,55,Female,Urban,81500,Wellness,Organic Search,Desktop,11.1,Low,3,2064.08,1,Glow Ke Nawab (Organic VIPs)
EA-04266,29,Female,Urban,33500,Anti-aging,Groupon,Desktop,1.0,High,1,371.17,0,Gayab Grahak (Groupon One-Timers)
EA-03122,44,Female,Urban,79500,Bargains,Facebook Ad,Mobile,5.0,High,1,667.12,2,Self-Care Sena (Facebook One-Timers)
EA-01018,46,Female,Suburban,87000,Skincare,Organic Search,Mobile,15.3,High,4,1978.57,1,Glow Ke Nawab (Organic VIPs)
EA-00558,25,Female,Urban,38000,Bargains,Groupon,Mobile,2.1,High,1,407.51,0,Gayab Grahak (Groupon One-Timers)
EA-02400,41,Female,Rural,68000,Bargains,Groupon,Mobile,6.5,High,1,341.93,0,Gayab Grahak (Groupon One-Timers)
EA-01208,34,Female,Suburban,38500,Skincare,Groupon,Mobile,4.5,High,1,233.93,0,Gayab Grahak (Groupon One-Timers)
EA-02006,40,Female,Urban,90000,Skincare,Organic Search,Desktop,16.7,Medium,2,2209.56,1,Glow Ke Nawab (Organic VIPs)
EA-02657,30,Female,Suburban,72000,Bargains,Facebook Ad,Mobile,3.7,Medium,1,169.76,2,Self-Care Sena (Facebook One-Timers)
EA-02136,32,Female,Suburban,68500,Bargains,Groupon,Desktop,1.1,Medium,1,372.11,0,Gayab Grahak (Groupon One-Timers)
EA-01511,37,Female,Rural,53000,Bargains,Facebook Ad,Mobile,0.4,Medium,1,150.0,2,Self-Care Sena (Facebook One-Timers)
EA-01737,34,Female,Suburban,95500,Skincare,Organic Search,Mobile,7.8,Low,4,1788.7,1,Glow Ke Nawab (Organic VIPs)
EA-00246,61,Female,Suburban,172000,Skincare,Organic Search,Desktop,22.2,Medium,4,1970.33,1,Glow Ke Nawab (Organic VIPs)
EA-01164,33,Female,Suburban,62500,Bargains,Facebook Ad,Desktop,2.3,High,2,232.03,2,Self-Care Sena (Facebook One-Timers)
EA-03363,24,Female,Urban,64000,Bargains,Groupon,Tablet,3.0,Medium,3,494.83,0,Gayab Grahak (Groupon One-Timers)
EA-00267,33,Female,Suburban,85500,Wellness,Facebook Ad,Tablet,4.0,High,1,345.11,2,Self-Care Sena (Facebook One-Timers)
EA-02367,30,Male,Suburban,58500,Skincare,Facebook Ad,Mobile,2.2,High,1,227.6,2,Self-Care Sena (Facebook One-Timers)
EA-01115,43,Female,Suburban,69500,Anti-aging,Referral,Mobile,15.5,Medium,2,537.84,3,Hamesha 25 Club (Referral Regulars)
EA-00064,44,Female,Suburban,135000,Skincare,Organic Search,Mobile,2.0,Medium,4,1804.9,1,Glow Ke Nawab (Organic VIPs)
EA-02593,49,Female,Suburban,51500,Skincare,Organic Search,Mobile,5.0,Low,1,1686.11,3,Hamesha 25 Club (Referral Regulars)
EA-02789,53,Female,Suburban,62500,Skincare,Referral,Desktop,10.8,Medium,3,1135.57,3,Hamesha 25 Club (Referral Regulars)
EA-02758,44,Female,Urban,101500,Skincare,Organic Search,Desktop,12.6,Low,4,2290.95,1,Glow Ke Nawab (Organic VIPs)
EA-03012,50,Male,Urban,95500,Anti-aging,Organic Search,Mobile,21.2,Low,5,1302.25,1,Glow Ke Nawab (Organic VIPs)
EA-03077,29,Female,Suburban,54000,Bargains,Facebook Ad,Desktop,1.6,High,1,334.36,2,Self-Care Sena (Facebook One-Timers)
EA-02999,41,Female,Urban,83000,Wellness,Referral,Mobile,13.6,Low,2,644.79,3,Hamesha 25 Club (Referral Regulars)
EA-02816,28,Female,Suburban,50500,Bargains,Groupon,Mobile,7.7,Medium,1,257.49,0,Gayab Grahak (Groupon One-Timers)
EA-02260,32,Female,Urban,59500,Skincare,Groupon,Mobile,4.6,High,1,396.58,0,Gayab Grahak (Groupon One-Timers)
EA-04959,36,Female,Urban,62500,Bargains,Facebook Ad,Mobile,2.8,High,1,503.23,2,Self-Care Sena (Facebook One-Timers)
EA-03205,34,Female,Suburban,96000,Wellness,Referral,Mobile,3.0,Medium,4,411.87,3,Hamesha 25 Club (Referral Regulars)
EA-01238,19,Male,Suburban,59500,Skincare,Groupon,Mobile,4.9,High,1,360.88,0,Gayab Grahak (Groupon One-Timers)
EA-00104,31,Female,Rural,85000,Skincare,Referral,Mobile,14.0,Low,3,638.07,3,Hamesha 25 Club (Referral Regulars)
EA-02644,44,Female,Suburban,113500,Anti-aging,Organic Search,Mobile,21.0,Low,2,2021.08,1,Glow Ke Nawab (Organic VIPs)
EA-00273,28,Female,Urban,54000,Bargains,Facebook Ad,Mobile,1.0,High,1,258.73,2,Self-Care Sena (Facebook One-Timers)
EA-00509,23,Female,Urban,57500,Bargains,Groupon,Desktop,5.6,High,1,588.13,0,Gayab Grahak (Groupon One-Timers)
EA-02227,51,Female,Urban,98000,Anti-aging,Organic Search,Mobile,20.1,Low,7,2481.55,1,Glow Ke Nawab (Organic VIPs)
EA-04934,25,Male,Suburban,52500,Skincare,Facebook Ad,Mobile,3.4,High,1,364.53,2,Self-Care Sena (Facebook One-Timers)
EA-02442,31,Female,Rural,84500,Bargains,Facebook Ad,Mobile,2.0,High,1,668.84,2,Self-Care Sena (Facebook One-Timers)
EA-00866,50,Female,Suburban,75000,Anti-aging,Referral,Desktop,10.7,Medium,1,771.83,3,Hamesha 25 Club (Referral Regulars)
EA-03327,41,Female,Urban,41000,Skincare,Facebook Ad,Mobile,0.5,High,1,228.91,2,Self-Care Sena (Facebook One-Timers)
EA-00909,32,Female,Suburban,39000,Skincare,Facebook Ad,Mobile,1.7,High,1,452.09,2,Self-Care Sena (Facebook One-Timers)
EA-02115,26,Female,Rural,51000,Anti-aging,Facebook Ad,Mobile,7.1,Medium,1,568.88,2,Self-Care Sena (Facebook One-Timers)
EA-03897,19,Male,Rural,47500,Bargains,Facebook Ad,Tablet,4.2,High,1,492.3,2,Self-Care Sena (Facebook One-Timers)
EA-01628,22,Female,Urban,83000,Bargains,Facebook Ad,Mobile,4.0,Low,3,430.78,2,Self-Care Sena (Facebook One-Timers)
EA-02874,30,Female,Urban,99000,Bargains,Facebook Ad,Mobile,1.4,Medium,1,350.66,2,Self-Care Sena (Facebook One-Timers)
EA-01523,37,Female,Suburban,110500,Wellness,Organic Search,Mobile,10.3,Medium,5,1633.71,1,Glow Ke Nawab (Organic VIPs)
EA-00836,29,Female,Suburban,37000,Bargains,Groupon,Mobile,1.8,Medium,1,644.73,0,Gayab Grahak (Groupon One-Timers)
EA-00359,30,Female,Urban,87000,Bargains,Groupon,Tablet,4.6,Medium,1,286.13,0,Gayab Grahak (Groupon One-Timers)
EA-00139,36,Female,Urban,100500,Wellness,Organic Search,Mobile,14.6,Low,3,1198.94,1,Glow Ke Nawab (Organic VIPs)
EA-00300,28,Female,Urban,51000,Bargains,Groupon,Mobile,5.2,Medium,1,150.0,0,Gayab Grahak (Groupon One-Timers)
EA-01557,45,Female,Urban,117500,Skincare,Referral,Mobile,8.4,Low,1,819.69,3,Hamesha 25 Club (Referral Regulars)
EA-01004,34,Female,Rural,41500,Bargains,Facebook Ad,Mobile,3.0,High,1,232.76,2,Self-Care Sena (Facebook One-Timers)
EA-00383,50,Male,Suburban,114500,Anti-aging,Organic Search,Mobile,19.1,Medium,4,2158.68,1,Glow Ke Nawab (Organic VIPs)
EA-00942,43,Female,Suburban,113500,Anti-aging,Organic Search,Mobile,13.7,Medium,3,1898.73,1,Glow Ke Nawab (Organic VIPs)
EA-04447,29,Female,Suburban,31000,Bargains,Facebook Ad,Mobile,3.1,Medium,1,481.7,2,Self-Care Sena (Facebook One-Timers)
EA-04855,27,Female,Suburban,44000,Bargains,Facebook Ad,Tablet,7.9,Medium,1,150.0,2,Self-Care Sena (Facebook One-Timers)
EA-00762,32,Female,Urban,86000,Skincare,Facebook Ad,Mobile,2.1,High,1,197.89,2,Self-Care Sena (Facebook One-Timers)
EA-01706,35,Female,Urban,103500,Wellness,Referral,Mobile,14.1,Medium,2,627.34,3,Hamesha 25 Club (Referral Regulars)
EA-01874,42,Female,Urban,61500,Skincare,Referral,Tablet,1.0,Medium,2,1122.21,3,Hamesha 25 Club (Referral Regulars)
EA-02551,30,Female,Urban,71500,Bargains,Groupon,Mobile,7.7,High,1,453.23,0,Gayab Grahak (Groupon One-Timers)
EA-02087,29,Female,Urban,50500,Bargains,Facebook Ad,Desktop,8.4,High,1,337.33,2,Self-Care Sena (Facebook One-Timers)
EA-02198,38,Female,Suburban,62500,Bargains,Groupon,Mobile,5.0,High,1,169.58,0,Gayab Grahak (Groupon One-Timers)
EA-00899,34,Female,Suburban,44500,Bargains,Facebook Ad,Desktop,3.2,Medium,1,330.19,2,Self-Care Sena (Facebook One-Timers)
EA-04000,22,Female,Suburban,45000,Bargains,Facebook Ad,Mobile,6.9,High,1,389.76,2,Self-Care Sena (Facebook One-Timers)
EA-03616,64,Female,Suburban,59500,Skincare,Organic Search,Mobile,12.2,Low,6,1661.41,1,Glow Ke Nawab (Organic VIPs)
EA-01403,29,Female,Suburban,79500,Wellness,Referral,Mobile,7.1,Medium,1,351.45,3,Hamesha 25 Club (Referral Regulars)
EA-03874,20,Female,Urban,73000,Bargains,Facebook Ad,Tablet,2.7,High,1,377.43,2,Self-Care Sena (Facebook One-Timers)
EA-03786,25,Female,Urban,84500,Skincare,Referral,Desktop,4.0,High,1,680.36,0,Gayab Grahak (Groupon One-Timers)
EA-04387,19,Female,Suburban,40000,Wellness,Facebook Ad,Mobile,2.3,Medium,2,539.21,2,Self-Care Sena (Facebook One-Timers)
EA-02956,27,Female,Suburban,42500,Skincare,Facebook Ad,Mobile,6.2,High,1,449.37,2,Self-Care Sena (Facebook One-Timers)
EA-01513,38,Female,Suburban,53500,Bargains,Groupon,Mobile,0.7,High,1,292.9,0,Gayab Grahak (Groupon One-Timers)
EA-01189,34,Female,Suburban,70000,Wellness,Facebook Ad,Mobile,5.0,Medium,1,303.37,2,Self-Care Sena (Facebook One-Timers)
EA-02990,21,Female,Suburban,41000,Skincare,Groupon,Mobile,4.3,High,1,579.49,0,Gayab Grahak (Groupon One-Timers)
EA-02081,30,Female,Urban,26000,Skincare,Facebook Ad,Mobile,6.9,High,1,334.55,2,Self-Care Sena (Facebook One-Timers)
EA-04984,33,Male,Rural,29500,Bargains,Facebook Ad,Mobile,2.1,High,1,253.66,2,Self-Care Sena (Facebook One-Timers)
EA-03438,27,Female,Rural,26000,Bargains,Facebook Ad,Mobile,3.8,High,1,576.93,2,Self-Care Sena (Facebook One-Timers)
EA-00109,39,Female,Suburban,59000,Bargains,Facebook Ad,Mobile,4.2,High,1,531.23,2,Self-Care Sena (Facebook One-Timers)
EA-04699,27,Male,Urban,39000,Bargains,Groupon,Mobile,0.7,High,1,217.33,0,Gayab Grahak (Groupon One-Timers)
EA-02828,24,Female,Suburban,64000,Bargains,Facebook Ad,Desktop,4.4,High,1,507.65,2,Self-Care Sena (Facebook One-Timers)
EA-04748,30,Female,Rural,34000,Anti-aging,Groupon,Desktop,3.5,High,1,200.31,0,Gayab Grahak (Groupon One-Timers)
EA-00059,33,Female,Rural,84000,Bargains,Facebook Ad,Mobile,6.3,High,1,412.62,2,Self-Care Sena (Facebook One-Timers)
EA-00077,38,Female,Suburban,36500,Bargains,Facebook Ad,Mobile,6.6,High,1,275.36,2,Self-Care Sena (Facebook One-Timers)
EA-00797,38,Female,Suburban,49000,Skincare,Facebook Ad,Mobile,1.8,High,1,361.22,2,Self-Care Sena (Facebook One-Timers)
EA-00369,25,Male,Suburban,62000,Bargains,Facebook Ad,Tablet,3.6,High,1,365.2,2,Self-Care Sena (Facebook One-Timers)
EA-04906,29,Male,Suburban,44500,Bargains,Groupon,Tablet,1.7,High,1,633.38,0,Gayab Grahak (Groupon One-Timers)
EA-00786,24,Female,Urban,41000,Bargains,Facebook Ad,Mobile,4.6,High,1,355.27,2,Self-Care Sena (Facebook One-Timers)
EA-02089,34,Male,Suburban,68500,Wellness,Organic Search,Mobile,16.4,Low,3,2258.1,1,Glow Ke Nawab (Organic VIPs)
EA-02315,43,Female,Urban,70000,Bargains,Facebook Ad,Desktop,0.4,High,1,457.03,2,Self-Care Sena (Facebook One-Timers)
EA-03385,26,Female,Suburban,48000,Bargains,Facebook Ad,Mobile,1.4,High,1,336.39,2,Self-Care Sena (Facebook One-Timers)
EA-03606,29,Female,Urban,38000,Bargains,Facebook Ad,Mobile,5.8,Medium,1,462.96,2,Self-Care Sena (Facebook One-Timers)
EA-04112,54,Male,Suburban,88500,Anti-aging,Organic Search,Mobile,17.8,Low,4,1369.25,1,Glow Ke Nawab (Organic VIPs)
EA-01903,46,Female,Suburban,129000,Skincare,Organic Search,Tablet,18.8,Low,4,1829.92,1,Glow Ke Nawab (Organic VIPs)
EA-01704,26,Female,Urban,63500,Bargains,Groupon,Mobile,6.3,Medium,1,399.6,0,Gayab Grahak (Groupon One-Timers)
EA-00122,43,Female,Urban,63000,Bargains,Groupon,Desktop,0.9,High,1,416.93,0,Gayab Grahak (Groupon One-Timers)
EA-01845,23,Female,Urban,63000,Skincare,Facebook Ad,Mobile,4.7,High,1,268.8,2,Self-Care Sena (Facebook One-Timers)
EA-02370,31,Female,Rural,66500,Skincare,Groupon,Tablet,3.5,High,1,246.72,0,Gayab Grahak (Groupon One-Timers)
EA-03729,37,Female,Urban,101500,Skincare,Organic Search,Mobile,7.1,Low,1,904.54,3,Hamesha 25 Club (Referral Regulars)
EA-00911,48,Male,Urban,144500,Anti-aging,Organic Search,Mobile,16.5,Low,4,1758.61,1,Glow Ke Nawab (Organic VIPs)
EA-00125,34,Female,Urban,66500,Bargains,Facebook Ad,Mobile,5.8,High,1,404.94,2,Self-Care Sena (Facebook One-Timers)
EA-02573,58,Female,Suburban,82000,Skincare,Organic Search,Tablet,16.1,Low,2,2292.91,1,Glow Ke Nawab (Organic VIPs)
EA-01587,35,Female,Suburban,49500,Bargains,Facebook Ad,Mobile,3.9,Medium,1,327.69,2,Self-Care Sena (Facebook One-Timers)
EA-01258,40,Female,Suburban,107500,Anti-aging,Organic Search,Mobile,9.6,Medium,3,2150.63,1,Glow Ke Nawab (Organic VIPs)
EA-03442,30,Male,Suburban,23000,Skincare,Facebook Ad,Mobile,1.6,High,1,477.94,2,Self-Care Sena (Facebook One-Timers)
EA-03481,38,Female,Urban,64000,Bargains,Groupon,Mobile,3.4,High,1,264.92,0,Gayab Grahak (Groupon One-Timers)
EA-04109,45,Female,Urban,80500,Anti-aging,Referral,Desktop,12.0,Medium,1,915.19,3,Hamesha 25 Club (Referral Regulars)
EA-01179,19,Female,Suburban,61000,Anti-aging,Facebook Ad,Mobile,1.9,High,1,335.41,2,Self-Care Sena (Facebook One-Timers)
EA-03464,35,Female,Suburban,47500,Bargains,Facebook Ad,Mobile,4.6,High,1,237.95,2,Self-Care Sena (Facebook One-Timers)
EA-03470,40,Female,Urban,108500,Wellness,Referral,Mobile,3.9,Medium,2,1101.46,3,Hamesha 25 Club (Referral Regulars)
EA-03468,36,Female,Urban,56000,Bargains,Facebook Ad,Desktop,4.0,High,1,452.99,2,Self-Care Sena (Facebook One-Timers)
EA-02104,40,Female,Urban,78500,Anti-aging,Referral,Mobile,8.3,Medium,3,1207.68,3,Hamesha 25 Club (Referral Regulars)
EA-00443,36,Female,Urban,97000,Skincare,Organic Search,Mobile,16.4,Medium,5,1412.23,1,Glow Ke Nawab (Organic VIPs)
EA-02228,27,Female,Suburban,68000,Skincare,Facebook Ad,Desktop,2.9,High,2,252.07,2,Self-Care Sena (Facebook One-Timers)
EA-04417,24,Female,Urban,64500,Bargains,Groupon,Tablet,4.6,High,1,504.41,0,Gayab Grahak (Groupon One-Timers)
EA-00926,36,Female,Suburban,63000,Bargains,Facebook Ad,Mobile,4.5,High,1,446.81,2,Self-Care Sena (Facebook One-Timers)
EA-04021,25,Male,Urban,30500,Wellness,Facebook Ad,Mobile,4.9,High,1,515.62,2,Self-Care Sena (Facebook One-Timers)
EA-02146,41,Female,Suburban,61500,Bargains,Referral,Mobile,10.9,Low,4,880.85,3,Hamesha 25 Club (Referral Regulars)
EA-04771,27,Female,Urban,49000,Bargains,Groupon,Mobile,6.7,High,1,264.97,0,Gayab Grahak (Groupon One-Timers)
EA-01412,41,Female,Urban,70500,Wellness,Referral,Mobile,10.0,Medium,3,913.08,3,Hamesha 25 Club (Referral Regulars)
EA-03467,24,Male,Rural,22500,Bargains,Groupon,Mobile,1.8,Medium,1,512.76,0,Gayab Grahak (Groupon One-Timers)
EA-02073,30,Female,Urban,65000,Bargains,Facebook Ad,Mobile,4.7,High,1,298.87,2,Self-Care Sena (Facebook One-Timers)
EA-01510,49,Female,Urban,112000,Anti-aging,Organic Search,Mobile,21.9,Low,4,2138.85,1,Glow Ke Nawab (Organic VIPs)
EA-01228,26,Female,Suburban,70500,Bargains,Groupon,Mobile,3.0,High,1,310.04,0,Gayab Grahak (Groupon One-Timers)
EA-04073,29,Male,Suburban,60500,Bargains,Groupon,Mobile,3.7,High,1,439.97,0,Gayab Grahak (Groupon One-Timers)
EA-02586,28,Female,Suburban,79000,Bargains,Groupon,Mobile,0.4,High,1,150.0,0,Gayab Grahak (Groupon One-Timers)
EA-04451,32,Non-binary,Urban,47500,Skincare,Organic Search,Desktop,8.9,Low,3,1477.73,3,Hamesha 25 Club (Referral Regulars)
EA-02952,41,Male,Urban,110000,Skincare,Organic Search,Desktop,7.8,Low,4,2086.53,1,Glow Ke Nawab (Organic VIPs)
EA-03886,19,Female,Rural,46500,Skincare,Facebook Ad,Mobile,2.1,High,1,318.34,2,Self-Care Sena (Facebook One-Timers)
EA-00325,47,Female,Suburban,75000,Wellness,Organic Search,Mobile,3.4,Low,2,1918.83,3,Hamesha 25 Club (Referral Regulars)
EA-03978,38,Female,Suburban,62000,Bargains,Facebook Ad,Mobile,4.3,High,1,291.41,2,Self-Care Sena (Facebook One-Timers)
EA-03577,59,Female,Urban,111000,Anti-aging,Organic Search,Mobile,10.0,Medium,3,1804.28,1,Glow Ke Nawab (Organic VIPs)
EA-02212,27,Female,Rural,78000,Skincare,Groupon,Mobile,1.8,High,1,309.27,0,Gayab Grahak (Groupon One-Timers)
EA-03299,31,Female,Rural,61500,Bargains,Groupon,Mobile,3.8,Medium,1,349.04,0,Gayab Grahak (Groupon One-Timers)
EA-03036,41,Female,Suburban,105000,Skincare,Organic Search,Desktop,8.6,Low,2,1473.34,3,Hamesha 25 Club (Referral Regulars)
EA-01499,34,Female,Urban,41000,Bargains,Facebook Ad,Mobile,3.9,Medium,1,518.47,2,Self-Care Sena (Facebook One-Timers)
EA-01503,21,Male,Suburban,44500,Bargains,Facebook Ad,Mobile,6.0,High,1,361.68,2,Self-Care Sena (Facebook One-Timers)
EA-01007,47,Female,Rural,74000,Wellness,Referral,Mobile,4.1,Low,1,473.44,3,Hamesha 25 Club (Referral Regulars)
EA-04180,35,Female,Urban,79000,Skincare,Referral,Mobile,13.5,High,4,1190.77,3,Hamesha 25 Club (Referral Regulars)
EA-03014,36,Female,Urban,101000,Anti-aging,Organic Search,Mobile,8.3,Low,4,2252.06,1,Glow Ke Nawab (Organic VIPs)
EA-03517,21,Male,Suburban,28000,Bargains,Groupon,Mobile,0.4,High,1,404.58,0,Gayab Grahak (Groupon One-Timers)
EA-01468,26,Female,Urban,48500,Bargains,Facebook Ad,Mobile,2.8,High,3,219.73,2,Self-Care Sena (Facebook One-Timers)
EA-01226,38,Female,Urban,109000,Skincare,Referral,Mobile,10.2,Low,3,350.62,3,Hamesha 25 Club (Referral Regulars)
EA-03168,26,Female,Suburban,51500,Bargains,Facebook Ad,Mobile,4.1,Medium,2,418.63,2,Self-Care Sena (Facebook One-Timers)
EA-02268,29,Female,Suburban,29000,Skincare,Groupon,Mobile,0.4,High,1,245.46,0,Gayab Grahak (Groupon One-Timers)
EA-03809,25,Female,Suburban,70000,Skincare,Referral,Mobile,17.8,Low,1,1013.34,3,Hamesha 25 Club (Referral Regulars)
EA-01217,32,Female,Rural,52500,Anti-aging,Facebook Ad,Mobile,1.8,High,1,272.91,2,Self-Care Sena (Facebook One-Timers)
EA-03977,26,Female,Suburban,22000,Bargains,Facebook Ad,Desktop,4.8,High,1,215.85,2,Self-Care Sena (Facebook One-Timers)
EA-04585,34,Female,Suburban,66000,Wellness,Organic Search,Mobile,20.0,Low,4,2248.19,1,Glow Ke Nawab (Organic VIPs)
EA-00421,34,Female,Suburban,101000,Skincare,Organic Search,Desktop,11.9,Low,4,2057.73,1,Glow Ke Nawab (Organic VIPs)
EA-03423,54,Female,Suburban,134000,Wellness,Organic Search,Desktop,12.4,Medium,3,1724.71,1,Glow Ke Nawab (Organic VIPs)
EA-00007,55,Female,Suburban,145000,Skincare,Organic Search,Mobile,16.7,Low,3,1738.68,1,Glow Ke Nawab (Organic VIPs)
EA-00933,39,Female,Suburban,60500,Bargains,Facebook Ad,Desktop,1.1,Medium,2,428.84,2,Self-Care Sena (Facebook One-Timers)
EA-01692,47,Female,Suburban,113000,Wellness,Referral,Mobile,9.2,Medium,2,1185.59,3,Hamesha 25 Club (Referral Regulars)
EA-00440,33,Female,Rural,64000,Bargains,Groupon,Mobile,3.3,High,1,250.72,0,Gayab Grahak (Groupon One-Timers)
EA-01314,19,Female,Suburban,74000,Bargains,Facebook Ad,Tablet,5.4,High,1,421.77,2,Self-Care Sena (Facebook One-Timers)
EA-00679,33,Male,Urban,88000,Bargains,Facebook Ad,Tablet,2.3,High,1,392.31,2,Self-Care Sena (Facebook One-Timers)
EA-01944,41,Female,Suburban,54000,Bargains,Facebook Ad,Tablet,6.1,High,1,472.48,2,Self-Care Sena (Facebook One-Timers)
EA-04611,58,Female,Urban,99000,Skincare,Organic Search,Mobile,13.1,Low,4,2500.0,1,Glow Ke Nawab (Organic VIPs)
EA-03304,40,Female,Rural,84500,Skincare,Referral,Mobile,1.0,Medium,1,820.13,3,Hamesha 25 Club (Referral Regulars)
EA-02269,36,Female,Suburban,114500,Wellness,Organic Search,Mobile,16.7,Medium,4,1383.8,1,Glow Ke Nawab (Organic VIPs)
EA-04634,35,Female,Suburban,49000,Bargains,Facebook Ad,Tablet,0.4,High,1,337.82,2,Self-Care Sena (Facebook One-Timers)
EA-04081,29,Female,Suburban,59000,Bargains,Facebook Ad,Mobile,4.8,High,1,359.27,2,Self-Care Sena (Facebook One-Timers)
EA-02519,35,Female,Suburban,24000,Bargains,Groupon,Desktop,2.7,Medium,1,440.2,0,Gayab Grahak (Groupon One-Timers)
EA-02440,37,Female,Suburban,98500,Skincare,Organic Search,Tablet,17.2,Medium,4,1583.18,1,Glow Ke Nawab (Organic VIPs)
EA-04038,52,Female,Rural,117000,Wellness,Organic Search,Mobile,16.0,Medium,5,1623.16,1,Glow Ke Nawab (Organic VIPs)
EA-01894,26,Female,Urban,37500,Bargains,Facebook Ad,Mobile,3.4,High,1,542.13,2,Self-Care Sena (Facebook One-Timers)
EA-04245,60,Female,Rural,98500,Skincare,Organic Search,Mobile,8.9,Low,3,1671.08,1,Glow Ke Nawab (Organic VIPs)
EA-04830,30,Male,Urban,70500,Anti-aging,Referral,Mobile,7.9,Low,1,922.44,3,Hamesha 25 Club (Referral Regulars)
EA-02641,48,Female,Suburban,144000,Anti-aging,Organic Search,Desktop,29.4,Low,5,2151.71,1,Glow Ke Nawab (Organic VIPs)
EA-00195,33,Female,Urban,62500,Anti-aging,Facebook Ad,Mobile,4.4,High,1,482.13,2,Self-Care Sena (Facebook One-Timers)
EA-01475,29,Female,Suburban,56000,Bargains,Groupon,Mobile,2.8,High,1,345.27,0,Gayab Grahak (Groupon One-Timers)
EA-04617,27,Male,Urban,43500,Bargains,Facebook Ad,Mobile,1.3,High,1,365.9,2,Self-Care Sena (Facebook One-Timers)
EA-01212,51,Male,Urban,129500,Wellness,Organic Search,Desktop,11.1,Low,3,1302.45,1,Glow Ke Nawab (Organic VIPs)
EA-02439,34,Female,Suburban,59500,Bargains,Groupon,Mobile,3.9,High,1,327.87,0,Gayab Grahak (Groupon One-Timers)
EA-01658,36,Female,Urban,72500,Skincare,Organic Search,Desktop,15.4,High,6,1908.08,1,Glow Ke Nawab (Organic VIPs)
EA-02701,52,Female,Suburban,120000,Wellness,Organic Search,Desktop,17.8,High,3,2025.36,1,Glow Ke Nawab (Organic VIPs)
EA-03083,43,Female,Suburban,135000,Skincare,Organic Search,Mobile,14.6,Low,5,1859.6,1,Glow Ke Nawab (Organic VIPs)
EA-02706,35,Male,Suburban,61000,Bargains,Groupon,Mobile,6.6,High,1,396.62,0,Gayab Grahak (Groupon One-Timers)
EA-04227,25,Female,Urban,73500,Bargains,Groupon,Desktop,1.0,High,1,269.25,0,Gayab Grahak (Groupon One-Timers)
EA-02843,33,Male,Suburban,56500,Skincare,Groupon,Mobile,2.0,High,1,424.41,0,Gayab Grahak (Groupon One-Timers)
EA-02303,31,Female,Rural,44500,Skincare,Groupon,Mobile,5.0,High,1,360.43,0,Gayab Grahak (Groupon One-Timers)
EA-01131,35,Female,Urban,83000,Skincare,Referral,Mobile,7.0,Low,3,741.21,3,Hamesha 25 Club (Referral Regulars)
EA-01462,33,Male,Rural,45000,Bargains,Groupon,Mobile,3.9,High,3,210.75,0,Gayab Grahak (Groupon One-Timers)
EA-00277,30,Female,Suburban,54500,Bargains,Facebook Ad,Tablet,0.4,High,1,234.36,2,Self-Care Sena (Facebook One-Timers)
EA-02223,32,Female,Suburban,65000,Bargains,Groupon,Desktop,2.8,High,1,504.42,0,Gayab Grahak (Groupon One-Timers)
EA-02332,35,Female,Urban,42000,Bargains,Facebook Ad,Mobile,1.5,High,1,232.17,2,Self-Care Sena (Facebook One-Timers)
EA-04323,29,Female,Suburban,52500,Bargains,Groupon,Tablet,5.4,High,1,424.23,0,Gayab Grahak (Groupon One-Timers)
EA-01303,47,Male,Suburban,92000,Wellness,Organic Search,Mobile,15.6,Low,4,2174.59,1,Glow Ke Nawab (Organic VIPs)
EA-02518,37,Female,Urban,48500,Wellness,Facebook Ad,Mobile,7.6,High,1,258.1,2,Self-Care Sena (Facebook One-Timers)
EA-00223,53,Female,Urban,135500,Anti-aging,Organic Search,Desktop,14.9,High,3,1765.6,1,Glow Ke Nawab (Organic VIPs)
EA-02037,56,Female,Suburban,99000,Anti-aging,Referral,Mobile,5.1,High,2,845.79,3,Hamesha 25 Club (Referral Regulars)
EA-01925,21,Female,Urban,62000,Bargains,Facebook Ad,Mobile,1.3,High,1,338.51,2,Self-Care Sena (Facebook One-Timers)
EA-00574,48,Female,Suburban,95000,Skincare,Organic Search,Desktop,19.9,Low,4,2070.13,1,Glow Ke Nawab (Organic VIPs)
EA-01237,27,Female,Urban,73000,Bargains,Facebook Ad,Tablet,1.8,High,1,366.53,2,Self-Care Sena (Facebook One-Timers)
EA-03545,26,Male,Suburban,51000,Bargains,Facebook Ad,Tablet,0.4,High,1,260.06,2,Self-Care Sena (Facebook One-Timers)
EA-02134,34,Female,Urban,70500,Anti-aging,Referral,Desktop,8.2,Medium,2,401.91,3,Hamesha 25 Club (Referral Regulars)
EA-01335,42,Female,Urban,92500,Skincare,Referral,Mobile,1.0,Medium,1,932.69,3,Hamesha 25 Club (Referral Regulars)
EA-02458,29,Female,Suburban,34500,Bargains,Facebook Ad,Desktop,3.8,High,1,569.61,2,Self-Care Sena (Facebook One-Timers)
EA-00419,40,Female,Urban,102500,Bargains,Facebook Ad,Mobile,2.0,Medium,1,501.76,3,Hamesha 25 Club (Referral Regulars)
EA-04915,22,Female,Urban,60500,Bargains,Facebook Ad,Mobile,2.2,High,1,563.09,2,Self-Care Sena (Facebook One-Timers)
EA-01105,36,Male,Urban,49000,Bargains,Facebook Ad,Tablet,1.1,Medium,1,639.18,2,Self-Care Sena (Facebook One-Timers)
EA-00258,19,Non-binary,Urban,40500,Skincare,Facebook Ad,Mobile,1.7,High,1,410.61,2,Self-Care Sena (Facebook One-Timers)
EA-00296,35,Female,Urban,54500,Anti-aging,Referral,Mobile,1.6,Medium,2,773.88,3,Hamesha 25 Club (Referral Regulars)
EA-02362,42,Female,Suburban,70000,Bargains,Facebook Ad,Desktop,0.4,High,1,182.08,2,Self-Care Sena (Facebook One-Timers)
EA-00387,38,Female,Suburban,99500,Anti-aging,Organic Search,Mobile,9.9,Low,3,1562.37,1,Glow Ke Nawab (Organic VIPs)
EA-03309,22,Female,Rural,69500,Skincare,Groupon,Desktop,0.9,High,2,207.24,0,Gayab Grahak (Groupon One-Timers)
EA-04014,30,Male,Urban,69500,Anti-aging,Facebook Ad,Mobile,1.7,High,1,303.2,2,Self-Care Sena (Facebook One-Timers)
EA-02232,45,Male,Rural,109500,Wellness,Organic Search,Mobile,15.5,Low,4,2167.2,1,Glow Ke Nawab (Organic VIPs)
EA-02555,19,Female,Urban,37500,Skincare,Facebook Ad,Mobile,1.9,High,1,349.58,2,Self-Care Sena (Facebook One-Timers)
EA-04336,24,Female,Rural,55500,Bargains,Facebook Ad,Tablet,2.6,High,2,267.77,2,Self-Care Sena (Facebook One-Timers)
EA-03516,45,Female,Suburban,79000,Wellness,Organic Search,Desktop,14.3,Low,4,2149.88,1,Glow Ke Nawab (Organic VIPs)
EA-01840,33,Female,Suburban,147500,Wellness,Organic Search,Desktop,14.5,Low,3,1996.16,1,Glow Ke Nawab (Organic VIPs)
EA-04385,47,Non-binary,Suburban,97000,Anti-aging,Organic Search,Tablet,20.6,High,6,1798.23,1,Glow Ke Nawab (Organic VIPs)
EA-01564,39,Female,Rural,124000,Skincare,Referral,Mobile,14.0,High,3,517.31,3,Hamesha 25 Club (Referral Regulars)
EA-02016,19,Female,Urban,47000,Skincare,Groupon,Mobile,3.6,High,1,321.03,0,Gayab Grahak (Groupon One-Timers)
EA-01401,24,Female,Suburban,55000,Bargains,Groupon,Tablet,4.9,Medium,1,537.28,0,Gayab Grahak (Groupon One-Timers)
EA-00713,45,Female,Suburban,80500,Skincare,Organic Search,Desktop,24.5,Medium,3,1893.06,1,Glow Ke Nawab (Organic VIPs)
EA-02421,28,Female,Urban,66000,Bargains,Facebook Ad,Mobile,2.4,High,1,536.31,2,Self-Care Sena (Facebook One-Timers)
EA-02620,48,Female,Rural,104500,Anti-aging,Referral,Tablet,7.2,Medium,2,647.13,3,Hamesha 25 Club (Referral Regulars)
EA-00210,32,Female,Urban,66000,Bargains,Groupon,Mobile,0.4,Medium,1,348.52,0,Gayab Grahak (Groupon One-Timers)
EA-04945,36,Female,Urban,64000,Bargains,Groupon,Mobile,1.5,High,1,687.61,0,Gayab Grahak (Groupon One-Timers)
EA-01290,20,Female,Urban,59000,Bargains,Groupon,Mobile,6.1,High,1,266.74,0,Gayab Grahak (Groupon One-Timers)
EA-00450,31,Female,Urban,64000,Skincare,Groupon,Mobile,8.2,Medium,1,315.69,0,Gayab Grahak (Groupon One-Timers)
EA-04092,49,Female,Urban,136500,Wellness,Organic Search,Mobile,11.0,Low,3,2100.05,1,Glow Ke Nawab (Organic VIPs)
EA-02570,30,Female,Rural,86000,Anti-aging,Referral,Mobile,11.9,High,2,656.73,3,Hamesha 25 Club (Referral Regulars)
EA-01821,47,Female,Urban,64500,Anti-aging,Referral,Desktop,4.7,High,2,643.68,3,Hamesha 25 Club (Referral Regulars)
EA-00959,35,Male,Urban,51500,Bargains,Groupon,Mobile,3.1,Low,1,339.75,0,Gayab Grahak (Groupon One-Timers)
EA-01794,46,Female,Urban,113500,Skincare,Organic Search,Mobile,21.6,Medium,3,2126.32,1,Glow Ke Nawab (Organic VIPs)
EA-04787,24,Female,Rural,22000,Skincare,Facebook Ad,Mobile,3.7,High,1,303.25,2,Self-Care Sena (Facebook One-Timers)
EA-00655,38,Female,Suburban,102500,Bargains,Organic Search,Mobile,14.0,Low,4,1864.89,1,Glow Ke Nawab (Organic VIPs)
EA-02408,40,Female,Urban,58000,Bargains,Facebook Ad,Mobile,3.0,High,2,460.2,2,Self-Care Sena (Facebook One-Timers)
EA-03853,29,Male,Urban,37000,Skincare,Facebook Ad,Mobile,4.3,High,1,319.04,2,Self-Care Sena (Facebook One-Timers)
EA-01996,47,Female,Suburban,87500,Wellness,Organic Search,Desktop,18.8,Low,5,1526.78,1,Glow Ke Nawab (Organic VIPs)
EA-01761,35,Female,Suburban,43500,Bargains,Facebook Ad,Mobile,2.0,Medium,3,368.56,2,Self-Care Sena (Facebook One-Timers)
EA-02355,20,Female,Urban,81000,Skincare,Groupon,Tablet,5.7,High,1,464.47,0,Gayab Grahak (Groupon One-Timers)
EA-02742,48,Female,Suburban,119000,Skincare,Organic Search,Desktop,9.9,Low,2,2214.76,1,Glow Ke Nawab (Organic VIPs)
EA-02618,32,Female,Urban,102000,Anti-aging,Organic Search,Mobile,11.6,Low,4,2239.91,1,Glow Ke Nawab (Organic VIPs)
EA-00412,47,Female,Suburban,172000,Anti-aging,Organic Search,Mobile,18.0,Medium,5,1918.27,1,Glow Ke Nawab (Organic VIPs)
EA-01775,19,Male,Suburban,69000,Bargains,Groupon,Tablet,1.2,High,1,295.84,0,Gayab Grahak (Groupon One-Timers)
EA-03979,34,Female,Suburban,68000,Bargains,Groupon,Mobile,3.9,High,1,506.44,0,Gayab Grahak (Groupon One-Timers)
EA-02187,43,Female,Urban,90500,Skincare,Organic Search,Mobile,13.7,Low,4,2121.36,1,Glow Ke Nawab (Organic VIPs)
EA-02380,58,Female,Suburban,103000,Wellness,Organic Search,Mobile,8.1,Medium,4,1291.54,1,Glow Ke Nawab (Organic VIPs)
EA-03964,29,Female,Urban,39500,Bargains,Facebook Ad,Desktop,3.2,High,1,311.21,2,Self-Care Sena (Facebook One-Timers)
EA-04312,41,Male,Suburban,172000,Anti-aging,Organic Search,Mobile,14.4,Medium,4,2204.66,1,Glow Ke Nawab (Organic VIPs)
EA-04775,25,Female,Urban,42000,Skincare,Facebook Ad,Desktop,4.8,High,1,319.34,2,Self-Care Sena (Facebook One-Timers)
EA-03703,29,Female,Suburban,43500,Bargains,Groupon,Mobile,3.2,High,1,297.61,0,Gayab Grahak (Groupon One-Timers)
EA-03973,35,Female,Rural,64000,Skincare,Groupon,Mobile,5.6,High,3,506.29,0,Gayab Grahak (Groupon One-Timers)
EA-04766,32,Female,Urban,70500,Anti-aging,Facebook Ad,Tablet,2.3,High,1,384.65,2,Self-Care Sena (Facebook One-Timers)
EA-03559,23,Male,Urban,55000,Skincare,Groupon,Mobile,4.5,High,1,295.36,0,Gayab Grahak (Groupon One-Timers)
EA-04111,26,Male,Urban,55000,Skincare,Facebook Ad,Desktop,6.0,High,1,565.23,2,Self-Care Sena (Facebook One-Timers)
EA-03498,36,Female,Suburban,109500,Skincare,Organic Search,Mobile,9.5,Medium,3,1839.99,1,Glow Ke Nawab (Organic VIPs)
EA-03766,53,Female,Suburban,103500,Skincare,Organic Search,Mobile,2.0,Medium,3,1675.89,1,Glow Ke Nawab (Organic VIPs)
EA-00431,33,Female,Suburban,94000,Wellness,Referral,Desktop,12.9,High,3,1003.15,3,Hamesha 25 Club (Referral Regulars)
EA-04485,47,Female,Suburban,92000,Anti-aging,Organic Search,Desktop,8.2,Low,3,2176.34,1,Glow Ke Nawab (Organic VIPs)
EA-02322,30,Male,Urban,23000,Bargains,Facebook Ad,Mobile,6.2,High,1,281.35,2,Self-Care Sena (Facebook One-Timers)
EA-01367,27,Female,Urban,44500,Bargains,Facebook Ad,Mobile,5.5,High,1,423.21,2,Self-Care Sena (Facebook One-Timers)
EA-01993,34,Female,Urban,31500,Skincare,Facebook Ad,Mobile,5.5,High,1,329.82,2,Self-Care Sena (Facebook One-Timers)
EA-02852,28,Female,Urban,48500,Bargains,Groupon,Mobile,1.2,High,1,382.85,0,Gayab Grahak (Groupon One-Timers)
EA-01177,36,Female,Rural,37000,Bargains,Groupon,Mobile,5.3,High,1,178.67,0,Gayab Grahak (Groupon One-Timers)
EA-03529,31,Female,Suburban,99500,Wellness,Organic Search,Desktop,23.3,Medium,6,1663.77,1,Glow Ke Nawab (Organic VIPs)
EA-01477,36,Female,Urban,73000,Anti-aging,Groupon,Mobile,4.3,Medium,1,280.79,0,Gayab Grahak (Groupon One-Timers)
EA-03741,41,Female,Suburban,60000,Bargains,Facebook Ad,Mobile,1.3,Medium,1,399.96,2,Self-Care Sena (Facebook One-Timers)
EA-02046,30,Female,Rural,33000,Bargains,Facebook Ad,Mobile,4.1,High,1,456.54,2,Self-Care Sena (Facebook One-Timers)
EA-00103,25,Female,Suburban,43500,Wellness,Facebook Ad,Mobile,2.6,High,1,314.6,2,Self-Care Sena (Facebook One-Timers)
EA-04332,40,Female,Suburban,76500,Skincare,Referral,Mobile,9.2,Low,2,868.29,3,Hamesha 25 Club (Referral Regulars)
EA-02993,28,Female,Suburban,43000,Bargains,Facebook Ad,Mobile,7.5,High,1,414.64,2,Self-Care Sena (Facebook One-Timers)
EA-01264,37,Female,Rural,94500,Skincare,Referral,Desktop,8.5,Medium,2,843.41,3,Hamesha 25 Club (Referral Regulars)
EA-02882,27,Female,Rural,69500,Bargains,Facebook Ad,Tablet,2.6,High,1,340.86,2,Self-Care Sena (Facebook One-Timers)
EA-03139,60,Female,Urban,107500,Anti-aging,Organic Search,Desktop,22.7,Low,4,2067.15,1,Glow Ke Nawab (Organic VIPs)
EA-03623,41,Female,Suburban,66000,Bargains,Groupon,Mobile,2.6,High,1,150.0,0,Gayab Grahak (Groupon One-Timers)
EA-03204,39,Female,Urban,59000,Bargains,Groupon,Mobile,0.4,High,1,294.01,0,Gayab Grahak (Groupon One-Timers)
EA-04279,37,Female,Suburban,75000,Bargains,Facebook Ad,Tablet,4.7,High,1,367.59,2,Self-Care Sena (Facebook One-Timers)
EA-03300,27,Female,Suburban,64000,Skincare,Facebook Ad,Tablet,1.9,Low,1,298.9,2,Self-Care Sena (Facebook One-Timers)
EA-04994,23,Female,Rural,43500,Bargains,Facebook Ad,Mobile,2.1,High,1,246.79,2,Self-Care Sena (Facebook One-Timers)
EA-03634,33,Male,Urban,86000,Bargains,Groupon,Mobile,7.6,High,1,276.39,0,Gayab Grahak (Groupon One-Timers)
EA-01644,19,Female,Urban,34000,Bargains,Facebook Ad,Tablet,0.5,High,1,362.92,2,Self-Care Sena (Facebook One-Timers)
EA-04506,34,Female,Urban,90000,Bargains,Facebook Ad,Mobile,3.5,High,1,378.09,2,Self-Care Sena (Facebook One-Timers)
EA-00001,35,Female,Suburban,98500,Wellness,Organic Search,Desktop,13.2,Low,4,1909.04,1,Glow Ke Nawab (Organic VIPs)
EA-01581,56,Female,Rural,117500,Anti-aging,Organic Search,Mobile,14.3,Medium,4,1492.88,1,Glow Ke Nawab (Organic VIPs)
EA-04423,21,Male,Urban,76000,Bargains,Groupon,Mobile,4.8,High,1,299.19,0,Gayab Grahak (Groupon One-Timers)
EA-04117,34,Female,Urban,67500,Bargains,Groupon,Mobile,0.4,High,1,360.93,0,Gayab Grahak (Groupon One-Timers)
EA-01357,32,Female,Rural,39500,Bargains,Groupon,Mobile,2.7,High,3,357.82,0,Gayab Grahak (Groupon One-Timers)
EA-04202,43,Female,Urban,125000,Skincare,Organic Search,Desktop,6.8,Low,2,2194.32,1,Glow Ke Nawab (Organic VIPs)
EA-04575,56,Female,Urban,112500,Wellness,Organic Search,Mobile,20.8,Medium,4,1923.02,1,Glow Ke Nawab (Organic VIPs)
EA-03734,19,Female,Urban,47500,Bargains,Groupon,Mobile,7.1,High,1,329.53,0,Gayab Grahak (Groupon One-Timers)
EA-02026,36,Female,Urban,81000,Wellness,Facebook Ad,Mobile,5.5,High,1,306.0,2,Self-Care Sena (Facebook One-Timers)
EA-02219,50,Female,Rural,81500,Bargains,Referral,Desktop,4.1,Medium,1,864.92,3,Hamesha 25 Club (Referral Regulars)
EA-00397,31,Female,Suburban,92000,Skincare,Organic Search,Desktop,17.5,Medium,3,1837.08,1,Glow Ke Nawab (Organic VIPs)
EA-04942,35,Female,Suburban,36500,Bargains,Facebook Ad,Mobile,4.1,High,1,150.0,2,Self-Care Sena (Facebook One-Timers)
EA-01065,29,Female,Rural,54000,Wellness,Facebook Ad,Mobile,1.0,High,1,399.93,2,Self-Care Sena (Facebook One-Timers)
EA-03081,30,Female,Suburban,57500,Bargains,Facebook Ad,Mobile,0.8,High,1,419.37,2,Self-Care Sena (Facebook One-Timers)
EA-02154,45,Female,Suburban,69500,Skincare,Organic Search,Desktop,20.4,Low,6,2035.9,1,Glow Ke Nawab (Organic VIPs)
EA-00819,35,Female,Suburban,50500,Bargains,Groupon,Mobile,1.9,Medium,1,428.81,0,Gayab Grahak (Groupon One-Timers)
EA-01813,40,Female,Suburban,73000,Skincare,Organic Search,Mobile,7.5,Low,3,2101.6,1,Glow Ke Nawab (Organic VIPs)
EA-02553,41,Female,Rural,49000,Bargains,Groupon,Mobile,3.9,High,1,393.21,0,Gayab Grahak (Groupon One-Timers)
EA-01553,36,Female,Urban,59000,Bargains,Facebook Ad,Desktop,4.3,High,1,414.06,2,Self-Care Sena (Facebook One-Timers)
EA-04048,27,Male,Rural,35000,Bargains,Facebook Ad,Mobile,0.4,High,1,259.19,2,Self-Care Sena (Facebook One-Timers)
EA-00817,38,Male,Suburban,90000,Wellness,Organic Search,Desktop,26.4,Low,6,1064.0,1,Glow Ke Nawab (Organic VIPs)
EA-01573,28,Male,Rural,67500,Bargains,Groupon,Mobile,3.5,High,1,365.46,0,Gayab Grahak (Groupon One-Timers)
EA-04553,30,Female,Urban,58000,Bargains,Facebook Ad,Mobile,3.4,High,1,285.64,2,Self-Care Sena (Facebook One-Timers)
EA-01801,35,Male,Suburban,60500,Bargains,Groupon,Mobile,3.8,High,1,222.47,0,Gayab Grahak (Groupon One-Timers)
EA-04288,27,Female,Suburban,47500,Skincare,Facebook Ad,Mobile,0.6,High,1,317.63,2,Self-Care Sena (Facebook One-Timers)
EA-00382,44,Female,Urban,91000,Anti-aging,Referral,Desktop,5.7,Medium,2,890.22,3,Hamesha 25 Club (Referral Regulars)
EA-02875,28,Male,Suburban,50500,Wellness,Facebook Ad,Mobile,0.4,Medium,1,409.06,2,Self-Care Sena (Facebook One-Timers)
EA-04348,33,Female,Urban,133500,Wellness,Organic Search,Mobile,7.3,Low,2,2408.23,1,Glow Ke Nawab (Organic VIPs)
EA-04627,66,Female,Urban,80000,Anti-aging,Organic Search,Desktop,7.6,Medium,2,1479.5,3,Hamesha 25 Club (Referral Regulars)
EA-03504,30,Female,Urban,70500,Bargains,Groupon,Mobile,3.8,High,1,549.67,0,Gayab Grahak (Groupon One-Timers)
EA-02312,35,Female,Suburban,51000,Skincare,Facebook Ad,Mobile,4.4,High,1,307.97,2,Self-Care Sena (Facebook One-Timers)
EA-01781,31,Female,Rural,52000,Skincare,Facebook Ad,Mobile,3.2,High,1,203.35,2,Self-Care Sena (Facebook One-Timers)
EA-02727,38,Female,Suburban,86000,Anti-aging,Organic Search,Desktop,22.3,Low,3,1813.16,1,Glow Ke Nawab (Organic VIPs)
EA-02438,43,Female,Suburban,123500,Skincare,Organic Search,Mobile,12.5,Low,5,1445.46,1,Glow Ke Nawab (Organic VIPs)
EA-02334,37,Female,Suburban,51500,Bargains,Facebook Ad,Mobile,2.5,Medium,1,552.67,2,Self-Care Sena (Facebook One-Timers)
EA-00865,32,Female,Urban,71500,Bargains,Facebook Ad,Mobile,0.4,High,1,457.4,2,Self-Care Sena (Facebook One-Timers)
EA-03639,49,Female,Urban,108000,Skincare,Organic Search,Mobile,14.9,Low,5,1919.42,1,Glow Ke Nawab (Organic VIPs)
EA-03165,25,Female,Urban,59000,Bargains,Groupon,Mobile,5.0,High,1,270.87,0,Gayab Grahak (Groupon One-Timers)
EA-00555,25,Female,Urban,53000,Bargains,Facebook Ad,Mobile,4.3,High,1,466.7,2,Self-Care Sena (Facebook One-Timers)
EA-01160,52,Female,Suburban,52500,Wellness,Organic Search,Tablet,13.8,Low,3,1599.19,1,Glow Ke Nawab (Organic VIPs)
EA-01214,28,Female,Rural,41000,Bargains,Facebook Ad,Mobile,0.4,High,1,269.74,2,Self-Care Sena (Facebook One-Timers)
EA-03761,39,Male,Rural,89500,Anti-aging,Referral,Desktop,12.9,High,2,346.9,3,Hamesha 25 Club (Referral Regulars)
EA-04214,36,Female,Urban,44500,Anti-aging,Facebook Ad,Mobile,2.8,High,1,403.57,2,Self-Care Sena (Facebook One-Timers)
EA-00049,43,Female,Suburban,69000,Anti-aging,Organic Search,Mobile,12.3,Low,3,2224.48,1,Glow Ke Nawab (Organic VIPs)
EA-02368,34,Female,Suburban,39000,Bargains,Groupon,Mobile,2.5,Medium,1,396.12,0,Gayab Grahak (Groupon One-Timers)
EA-00701,33,Female,Urban,63000,Skincare,Facebook Ad,Desktop,3.7,High,1,495.83,2,Self-Care Sena (Facebook One-Timers)
EA-00653,47,Female,Urban,114000,Wellness,Organic Search,Mobile,10.7,Low,5,1902.41,1,Glow Ke Nawab (Organic VIPs)
EA-03934,38,Female,Urban,82000,Bargains,Facebook Ad,Mobile,3.5,Medium,1,158.83,2,Self-Care Sena (Facebook One-Timers)
EA-04410,33,Female,Suburban,23500,Bargains,Facebook Ad,Mobile,6.0,High,1,339.41,2,Self-Care Sena (Facebook One-Timers)
EA-03312,41,Female,Suburban,79000,Skincare,Referral,Mobile,13.5,High,4,745.32,3,Hamesha 25 Club (Referral Regulars)
EA-00749,31,Female,Urban,74500,Wellness,Organic Search,Tablet,17.0,Medium,4,2079.91,1,Glow Ke Nawab (Organic VIPs)
EA-01456,21,Female,Suburban,50000,Skincare,Facebook Ad,Mobile,2.3,Medium,1,326.91,2,Self-Care Sena (Facebook One-Timers)
EA-04196,28,Non-binary,Urban,51500,Bargains,Groupon,Desktop,1.6,High,1,203.96,0,Gayab Grahak (Groupon One-Timers)
EA-02390,37,Female,Suburban,24500,Bargains,Facebook Ad,Tablet,2.3,High,3,275.33,2,Self-Care Sena (Facebook One-Timers)
EA-03495,22,Female,Urban,58500,Skincare,Facebook Ad,Mobile,4.6,High,1,431.08,2,Self-Care Sena (Facebook One-Timers)
EA-00867,29,Female,Rural,54000,Anti-aging,Organic Search,Desktop,16.0,Medium,3,1878.25,1,Glow Ke Nawab (Organic VIPs)
EA-00753,43,Female,Suburban,34500,Bargains,Facebook Ad,Mobile,1.5,High,1,343.4,2,Self-Care Sena (Facebook One-Timers)
EA-01645,35,Male,Urban,49500,Anti-aging,Facebook Ad,Mobile,4.5,High,1,354.84,2,Self-Care Sena (Facebook One-Timers)
EA-00093,32,Female,Urban,42000,Anti-aging,Groupon,Mobile,4.7,High,1,150.0,0,Gayab Grahak (Groupon One-Timers)
EA-04825,27,Female,Rural,42000,Skincare,Groupon,Tablet,4.6,Medium,1,479.12,0,Gayab Grahak (Groupon One-Timers)
EA-03102,23,Female,Urban,57500,Bargains,Facebook Ad,Mobile,2.4,High,1,541.98,2,Self-Care Sena (Facebook One-Timers)
EA-02433,35,Female,Urban,79000,Bargains,Groupon,Mobile,3.6,High,3,294.58,0,Gayab Grahak (Groupon One-Timers)
EA-02630,26,Female,Suburban,50000,Bargains,Facebook Ad,Mobile,3.0,High,1,328.79,2,Self-Care Sena (Facebook One-Timers)
EA-01491,39,Female,Suburban,50000,Skincare,Facebook Ad,Mobile,4.9,High,1,239.11,2,Self-Care Sena (Facebook One-Timers)
EA-02896,30,Female,Urban,64000,Bargains,Facebook Ad,Mobile,3.7,High,1,419.18,2,Self-Care Sena (Facebook One-Timers)
EA-02178,59,Female,Suburban,115500,Wellness,Organic Search,Mobile,17.1,Medium,4,1904.84,1,Glow Ke Nawab (Organic VIPs)
EA-00730,22,Female,Suburban,100500,Wellness,Groupon,Mobile,5.2,High,1,523.72,0,Gayab Grahak (Groupon One-Timers)
EA-04760,42,Male,Urban,110500,Wellness,Referral,Mobile,1.4,Medium,1,836.39,3,Hamesha 25 Club (Referral Regulars)
EA-02472,33,Female,Urban,80000,Wellness,Organic Search,Desktop,15.7,Low,3,2107.03,1,Glow Ke Nawab (Organic VIPs)
EA-02243,21,Female,Urban,46000,Bargains,Facebook Ad,Mobile,3.2,High,1,237.16,2,Self-Care Sena (Facebook One-Timers)
EA-01937,20,Female,Rural,43500,Bargains,Groupon,Mobile,2.7,High,1,305.77,0,Gayab Grahak (Groupon One-Timers)
EA-01746,36,Female,Rural,92000,Bargains,Groupon,Mobile,5.6,High,3,532.47,3,Hamesha 25 Club (Referral Regulars)
EA-04747,30,Female,Rural,50000,Skincare,Groupon,Mobile,5.4,High,3,423.72,0,Gayab Grahak (Groupon One-Timers)
EA-04374,24,Female,Urban,44500,Bargains,Facebook Ad,Mobile,7.3,Medium,1,436.24,2,Self-Care Sena (Facebook One-Timers)
EA-03492,32,Female,Urban,46000,Bargains,Facebook Ad,Mobile,0.9,High,1,347.78,2,Self-Care Sena (Facebook One-Timers)
EA-01111,29,Female,Urban,77500,Wellness,Facebook Ad,Mobile,6.4,High,1,538.77,2,Self-Care Sena (Facebook One-Timers)
EA-03338,37,Female,Suburban,105500,Wellness,Organic Search,Desktop,10.9,High,5,1834.5,1,Glow Ke Nawab (Organic VIPs)
EA-04033,29,Female,Urban,35500,Bargains,Groupon,Mobile,3.5,Medium,1,360.02,0,Gayab Grahak (Groupon One-Timers)
EA-04472,29,Female,Urban,47000,Skincare,Facebook Ad,Mobile,0.4,High,1,516.61,2,Self-Care Sena (Facebook One-Timers)
EA-04158,23,Female,Suburban,35000,Bargains,Facebook Ad,Tablet,0.6,High,1,432.77,2,Self-Care Sena (Facebook One-Timers)
EA-00347,44,Female,Urban,48500,Wellness,Referral,Desktop,15.8,Medium,3,1096.22,3,Hamesha 25 Club (Referral Regulars)
EA-01186,48,Male,Urban,137500,Anti-aging,Organic Search,Mobile,22.9,Low,4,1410.95,1,Glow Ke Nawab (Organic VIPs)
EA-04007,31,Female,Rural,24500,Wellness,Groupon,Mobile,2.3,High,1,434.5,0,Gayab Grahak (Groupon One-Timers)
EA-01516,38,Male,Suburban,52000,Bargains,Facebook Ad,Mobile,4.8,High,1,164.01,2,Self-Care Sena (Facebook One-Timers)
EA-04670,27,Female,Rural,38000,Bargains,Facebook Ad,Mobile,2.6,Medium,1,167.57,2,Self-Care Sena (Facebook One-Timers)
EA-00579,50,Male,Suburban,143500,Skincare,Organic Search,Desktop,13.9,Low,3,1958.93,1,Glow Ke Nawab (Organic VIPs)
EA-01965,58,Female,Urban,75000,Wellness,Organic Search,Mobile,18.2,Low,3,2084.29,1,Glow Ke Nawab (Organic VIPs)
EA-00076,37,Female,Urban,85000,Skincare,Facebook Ad,Mobile,4.3,Medium,1,617.61,2,Self-Care Sena (Facebook One-Timers)
EA-01430,37,Female,Urban,50500,Bargains,Groupon,Mobile,2.9,Medium,3,150.0,0,Gayab Grahak (Groupon One-Timers)
EA-03713,57,Female,Urban,116500,Wellness,Referral,Desktop,5.3,Low,3,1076.62,3,Hamesha 25 Club (Referral Regulars)
EA-04431,23,Female,Rural,67000,Anti-aging,Facebook Ad,Mobile,2.5,High,1,338.68,2,Self-Care Sena (Facebook One-Timers)
EA-02752,62,Female,Suburban,100500,Skincare,Organic Search,Desktop,14.0,Low,2,2378.78,1,Glow Ke Nawab (Organic VIPs)
EA-04953,39,Female,Suburban,41000,Bargains,Facebook Ad,Mobile,2.5,High,1,327.17,2,Self-Care Sena (Facebook One-Timers)
EA-01847,35,Female,Urban,55500,Bargains,Facebook Ad,Mobile,3.1,High,3,270.11,2,Self-Care Sena (Facebook One-Timers)
EA-00132,38,Female,Suburban,72500,Skincare,Referral,Mobile,2.7,Medium,1,1382.89,3,Hamesha 25 Club (Referral Regulars)
EA-00179,25,Female,Suburban,88500,Skincare,Referral,Desktop,10.3,Medium,3,933.74,3,Hamesha 25 Club (Referral Regulars)
EA-02900,33,Female,Suburban,38500,Bargains,Groupon,Mobile,5.1,High,1,542.76,0,Gayab Grahak (Groupon One-Timers)
EA-04467,34,Female,Rural,75000,Bargains,Facebook Ad,Mobile,4.6,High,1,455.31,2,Self-Care Sena (Facebook One-Timers)
EA-04195,35,Female,Urban,60000,Bargains,Facebook Ad,Mobile,1.1,High,1,279.91,2,Self-Care Sena (Facebook One-Timers)
EA-02523,37,Female,Urban,69500,Bargains,Facebook Ad,Mobile,4.0,High,1,409.3,2,Self-Care Sena (Facebook One-Timers)
EA-01843,24,Male,Suburban,65000,Skincare,Facebook Ad,Mobile,4.0,High,1,231.79,2,Self-Care Sena (Facebook One-Timers)
EA-02099,38,Female,Suburban,56500,Bargains,Facebook Ad,Mobile,4.7,High,1,250.05,2,Self-Care Sena (Facebook One-Timers)
EA-03950,20,Female,Urban,46500,Bargains,Facebook Ad,Mobile,2.3,High,1,343.06,2,Self-Care Sena (Facebook One-Timers)
EA-02374,23,Female,Rural,69500,Bargains,Facebook Ad,Mobile,4.5,Medium,1,310.01,2,Self-Care Sena (Facebook One-Timers)
EA-00605,31,Female,Urban,94000,Skincare,Referral,Desktop,6.7,Medium,2,300.0,3,Hamesha 25 Club (Referral Regulars)
EA-02628,35,Female,Rural,62500,Wellness,Facebook Ad,Desktop,0.4,Medium,1,357.69,2,Self-Care Sena (Facebook One-Timers)
EA-00026,20,Female,Urban,79000,Bargains,Facebook Ad,Mobile,1.0,Medium,1,336.68,2,Self-Care Sena (Facebook One-Timers)
EA-00659,33,Female,Suburban,78000,Bargains,Groupon,Mobile,1.2,High,1,296.0,0,Gayab Grahak (Groupon One-Timers)
EA-04978,29,Female,Urban,63500,Wellness,Facebook Ad,Mobile,2.2,High,3,378.35,2,Self-Care Sena (Facebook One-Timers)
EA-03318,31,Male,Suburban,48500,Bargains,Facebook Ad,Mobile,5.3,High,1,508.24,2,Self-Care Sena (Facebook One-Timers)
EA-03869,36,Female,Urban,97000,Skincare,Groupon,Mobile,4.1,High,1,248.82,0,Gayab Grahak (Groupon One-Timers)
EA-00174,69,Female,Suburban,118500,Wellness,Referral,Desktop,13.6,Low,3,735.46,3,Hamesha 25 Club (Referral Regulars)
EA-01612,58,Female,Suburban,113500,Skincare,Organic Search,Desktop,9.5,Low,4,2500.0,1,Glow Ke Nawab (Organic VIPs)
EA-00438,26,Female,Suburban,71000,Bargains,Groupon,Mobile,0.4,High,1,327.53,0,Gayab Grahak (Groupon One-Timers)
EA-00332,37,Female,Suburban,79000,Bargains,Facebook Ad,Mobile,3.0,High,1,271.85,2,Self-Care Sena (Facebook One-Timers)
EA-03101,64,Female,Suburban,75000,Anti-aging,Referral,Desktop,4.2,Medium,5,531.26,3,Hamesha 25 Club (Referral Regulars)
EA-01455,28,Female,Urban,47000,Bargains,Facebook Ad,Mobile,0.4,High,1,409.16,2,Self-Care Sena (Facebook One-Timers)
EA-00343,47,Female,Suburban,99000,Wellness,Organic Search,Desktop,16.4,High,2,2317.84,1,Glow Ke Nawab (Organic VIPs)
EA-03210,37,Female,Suburban,85500,Bargains,Facebook Ad,Mobile,5.2,Medium,1,321.7,2,Self-Care Sena (Facebook One-Timers)
EA-04577,40,Female,Suburban,96000,Bargains,Organic Search,Mobile,18.3,Low,4,2500.0,1,Glow Ke Nawab (Organic VIPs)
EA-01089,33,Female,Rural,84500,Bargains,Groupon,Mobile,4.4,High,1,524.02,0,Gayab Grahak (Groupon One-Timers)
EA-00480,34,Female,Urban,92500,Bargains,Groupon,Desktop,2.8,High,1,309.41,0,Gayab Grahak (Groupon One-Timers)
EA-00728,29,Female,Suburban,41500,Wellness,Facebook Ad,Mobile,3.4,Medium,1,389.15,2,Self-Care Sena (Facebook One-Timers)
EA-03784,41,Female,Suburban,58000,Bargains,Facebook Ad,Mobile,3.1,Medium,1,348.53,2,Self-Care Sena (Facebook One-Timers)
EA-00977,26,Male,Suburban,53500,Bargains,Groupon,Mobile,1.8,High,1,247.0,0,Gayab Grahak (Groupon One-Timers)
EA-03785,23,Female,Urban,57500,Bargains,Groupon,Tablet,0.7,High,1,170.94,0,Gayab Grahak (Groupon One-Timers)
EA-02978,35,Female,Urban,108000,Skincare,Organic Search,Desktop,15.7,Low,3,1848.56,1,Glow Ke Nawab (Organic VIPs)
EA-01929,38,Female,Urban,70000,Bargains,Facebook Ad,Tablet,1.1,Medium,1,398.12,2,Self-Care Sena (Facebook One-Timers)
EA-01469,42,Female,Urban,130500,Skincare,Organic Search,Mobile,21.1,Medium,5,2123.87,1,Glow Ke Nawab (Organic VIPs)
EA-01225,32,Female,Urban,36500,Skincare,Facebook Ad,Mobile,4.8,High,1,197.4,2,Self-Care Sena (Facebook One-Timers)
EA-02857,57,Female,Urban,55000,Skincare,Organic Search,Desktop,3.2,Medium,3,1755.96,3,Hamesha 25 Club (Referral Regulars)
EA-01953,34,Female,Suburban,136000,Skincare,Organic Search,Mobile,19.5,Low,5,2112.86,1,Glow Ke Nawab (Organic VIPs)
EA-04831,27,Female,Urban,50000,Skincare,Groupon,Mobile,2.3,High,1,401.69,0,Gayab Grahak (Groupon One-Timers)
EA-04501,36,Female,Suburban,24500,Bargains,Facebook Ad,Mobile,5.5,Medium,1,545.5,2,Self-Care Sena (Facebook One-Timers)
EA-01893,25,Female,Suburban,52000,Bargains,Groupon,Desktop,3.3,Medium,1,375.39,0,Gayab Grahak (Groupon One-Timers)
EA-01300,30,Female,Urban,33000,Bargains,Facebook Ad,Mobile,2.3,High,1,404.55,2,Self-Care Sena (Facebook One-Timers)
EA-02991,58,Female,Rural,126500,Wellness,Organic Search,Desktop,15.2,Low,3,1672.31,1,Glow Ke Nawab (Organic VIPs)
EA-04600,30,Female,Suburban,68000,Skincare,Facebook Ad,Mobile,2.4,Medium,1,265.82,2,Self-Care Sena (Facebook One-Timers)
EA-00661,25,Female,Suburban,46500,Bargains,Facebook Ad,Mobile,3.7,High,1,475.38,2,Self-Care Sena (Facebook One-Timers)
EA-04578,37,Male,Urban,85500,Wellness,Facebook Ad,Desktop,8.3,High,1,296.53,2,Self-Care Sena (Facebook One-Timers)
EA-04074,24,Female,Suburban,30000,Skincare,Facebook Ad,Mobile,3.8,High,1,505.09,2,Self-Care Sena (Facebook One-Timers)
EA-02785,42,Female,Suburban,49000,Anti-aging,Facebook Ad,Mobile,2.4,High,1,485.95,2,Self-Care Sena (Facebook One-Timers)
EA-04938,53,Male,Urban,64000,Anti-aging,Organic Search,Desktop,10.3,Low,3,1497.85,1,Glow Ke Nawab (Organic VIPs)
EA-03828,39,Male,Suburban,64000,Anti-aging,Facebook Ad,Mobile,2.2,Medium,1,426.82,2,Self-Care Sena (Facebook One-Timers)
EA-02715,42,Male,Rural,120000,Anti-aging,Organic Search,Mobile,12.3,High,3,1875.6,1,Glow Ke Nawab (Organic VIPs)
EA-04658,25,Female,Urban,49000,Bargains,Facebook Ad,Tablet,1.9,High,1,157.94,2,Self-Care Sena (Facebook One-Timers)
EA-00268,31,Female,Urban,66000,Bargains,Facebook Ad,Mobile,2.2,High,1,335.61,2,Self-Care Sena (Facebook One-Timers)
EA-04443,56,Female,Suburban,96000,Wellness,Organic Search,Mobile,18.8,Medium,3,1900.15,1,Glow Ke Nawab (Organic VIPs)
EA-04960,43,Male,Suburban,124500,Wellness,Organic Search,Desktop,14.8,Medium,5,2095.02,1,Glow Ke Nawab (Organic VIPs)
EA-03373,33,Female,Suburban,121000,Anti-aging,Organic Search,Desktop,22.5,Medium,2,2085.92,1,Glow Ke Nawab (Organic VIPs)
EA-03596,25,Female,Suburban,58500,Skincare,Referral,Mobile,2.5,High,1,388.26,0,Gayab Grahak (Groupon One-Timers)
EA-04317,33,Female,Urban,42500,Anti-aging,Referral,Desktop,1.0,Medium,1,756.54,2,Self-Care Sena (Facebook One-Timers)
EA-03723,38,Female,Suburban,90000,Anti-aging,Organic Search,Desktop,12.9,Low,3,2183.45,1,Glow Ke Nawab (Organic VIPs)
EA-03407,29,Female,Urban,66500,Bargains,Groupon,Mobile,1.3,Medium,1,384.29,0,Gayab Grahak (Groupon One-Timers)
EA-01279,59,Female,Urban,137000,Skincare,Organic Search,Desktop,18.3,Low,3,2084.86,1,Glow Ke Nawab (Organic VIPs)
EA-04641,28,Female,Urban,49500,Wellness,Facebook Ad,Tablet,3.8,High,1,403.79,2,Self-Care Sena (Facebook One-Timers)
EA-03918,29,Female,Urban,35000,Bargains,Groupon,Desktop,0.8,Medium,1,268.96,0,Gayab Grahak (Groupon One-Timers)
EA-02679,59,Female,Urban,94500,Wellness,Organic Search,Mobile,18.0,Medium,4,1448.62,1,Glow Ke Nawab (Organic VIPs)
EA-01622,26,Female,Rural,37500,Wellness,Groupon,Mobile,5.0,High,1,390.74,0,Gayab Grahak (Groupon One-Timers)
EA-04104,28,Female,Urban,52500,Bargains,Facebook Ad,Mobile,4.4,High,1,348.09,2,Self-Care Sena (Facebook One-Timers)
EA-02858,34,Female,Suburban,73000,Skincare,Groupon,Mobile,2.6,High,1,467.43,0,Gayab Grahak (Groupon One-Timers)
EA-01897,28,Female,Urban,106500,Anti-aging,Organic Search,Desktop,10.9,Medium,4,1958.11,1,Glow Ke Nawab (Organic VIPs)
EA-03925,39,Male,Urban,33000,Skincare,Facebook Ad,Desktop,5.3,High,1,150.0,2,Self-Care Sena (Facebook One-Timers)
EA-03015,30,Female,Urban,70500,Skincare,Facebook Ad,Mobile,3.6,Medium,1,286.21,2,Self-Care Sena (Facebook One-Timers)
EA-04439,32,Female,Suburban,31500,Bargains,Facebook Ad,Mobile,5.9,High,3,395.43,2,Self-Care Sena (Facebook One-Timers)
EA-00068,32,Female,Urban,94500,Skincare,Facebook Ad,Mobile,1.7,Medium,1,567.86,2,Self-Care Sena (Facebook One-Timers)
EA-02043,29,Female,Suburban,22500,Skincare,Groupon,Mobile,4.0,High,1,346.67,0,Gayab Grahak (Groupon One-Timers)
EA-02581,38,Male,Urban,39000,Bargains,Facebook Ad,Mobile,3.9,High,1,286.96,2,Self-Care Sena (Facebook One-Timers)
EA-03783,38,Female,Suburban,81000,Skincare,Referral,Desktop,17.1,Medium,3,763.2,3,Hamesha 25 Club (Referral Regulars)
EA-03791,22,Female,Urban,52000,Anti-aging,Facebook Ad,Mobile,4.5,High,1,549.13,2,Self-Care Sena (Facebook One-Timers)
EA-00821,27,Female,Suburban,83000,Bargains,Facebook Ad,Mobile,1.4,High,2,252.78,2,Self-Care Sena (Facebook One-Timers)
EA-01227,29,Female,Urban,53500,Bargains,Groupon,Mobile,1.0,High,1,500.48,0,Gayab Grahak (Groupon One-Timers)
EA-02992,53,Female,Suburban,89000,Wellness,Organic Search,Mobile,11.2,Low,3,1518.42,1,Glow Ke Nawab (Organic VIPs)
EA-03133,21,Female,Suburban,31000,Bargains,Facebook Ad,Mobile,5.1,Medium,1,451.72,2,Self-Care Sena (Facebook One-Timers)
EA-02744,49,Female,Suburban,96500,Skincare,Organic Search,Desktop,17.1,Medium,4,2500.0,1,Glow Ke Nawab (Organic VIPs)
EA-04458,27,Non-binary,Urban,46500,Skincare,Groupon,Mobile,3.0,High,1,272.05,0,Gayab Grahak (Groupon One-Timers)
EA-04270,40,Female,Urban,71000,Wellness,Organic Search,Desktop,12.8,Low,3,2283.19,1,Glow Ke Nawab (Organic VIPs)
EA-03350,19,Female,Suburban,66000,Bargains,Facebook Ad,Desktop,2.7,Medium,1,199.84,2,Self-Care Sena (Facebook One-Timers)
EA-01144,57,Female,Urban,67500,Anti-aging,Organic Search,Mobile,9.7,Medium,3,2500.0,1,Glow Ke Nawab (Organic VIPs)
EA-00398,28,Female,Rural,78000,Bargains,Facebook Ad,Mobile,1.4,Medium,1,481.31,2,Self-Care Sena (Facebook One-Timers)
EA-02907,69,Female,Urban,71000,Skincare,Referral,Mobile,9.8,Low,2,686.23,3,Hamesha 25 Club (Referral Regulars)
EA-04302,30,Female,Suburban,93500,Skincare,Organic Search,Desktop,23.2,Medium,3,1806.3,1,Glow Ke Nawab (Organic VIPs)
EA-02760,19,Female,Suburban,68500,Bargains,Groupon,Mobile,5.2,High,1,296.52,0,Gayab Grahak (Groupon One-Timers)
EA-01399,41,Female,Urban,57500,Wellness,Groupon,Tablet,1.4,High,1,411.0,0,Gayab Grahak (Groupon One-Timers)
EA-01660,24,Female,Urban,48000,Skincare,Facebook Ad,Mobile,2.9,High,1,354.27,2,Self-Care Sena (Facebook One-Timers)
EA-00980,30,Female,Rural,84000,Bargains,Facebook Ad,Mobile,5.0,Medium,1,281.31,2,Self-Care Sena (Facebook One-Timers)
EA-01299,30,Female,Suburban,78500,Skincare,Organic Search,Desktop,11.6,Low,2,1999.25,1,Glow Ke Nawab (Organic VIPs)
EA-03556,56,Male,Urban,102500,Anti-aging,Organic Search,Tablet,12.2,Medium,1,1745.2,1,Glow Ke Nawab (Organic VIPs)
EA-00083,47,Female,Suburban,68000,Wellness,Organic Search,Desktop,18.7,Medium,4,2244.05,1,Glow Ke Nawab (Organic VIPs)
EA-04508,37,Female,Suburban,39500,Skincare,Facebook Ad,Mobile,5.8,Medium,1,284.75,2,Self-Care Sena (Facebook One-Timers)
EA-02459,26,Female,Suburban,39000,Bargains,Facebook Ad,Mobile,3.5,Medium,1,301.26,2,Self-Care Sena (Facebook One-Timers)
EA-03740,24,Female,Rural,65000,Bargains,Groupon,Mobile,2.4,High,1,278.98,0,Gayab Grahak (Groupon One-Timers)
EA-03782,59,Female,Suburban,143000,Wellness,Organic Search,Desktop,13.6,Low,3,1897.43,1,Glow Ke Nawab (Organic VIPs)
EA-02289,23,Female,Urban,47000,Skincare,Facebook Ad,Tablet,5.7,High,1,559.14,2,Self-Care Sena (Facebook One-Timers)
EA-00424,22,Female,Suburban,58000,Bargains,Facebook Ad,Mobile,4.5,High,1,390.73,2,Self-Care Sena (Facebook One-Timers)
EA-04340,53,Male,Suburban,92500,Anti-aging,Organic Search,Tablet,5.3,Low,3,2251.95,1,Glow Ke Nawab (Organic VIPs)
EA-01905,29,Non-binary,Urban,60500,Anti-aging,Groupon,Mobile,6.1,Medium,1,406.19,0,Gayab Grahak (Groupon One-Timers)
EA-04539,33,Female,Suburban,54500,Bargains,Facebook Ad,Mobile,2.9,High,1,265.42,2,Self-Care Sena (Facebook One-Timers)
EA-03353,31,Female,Suburban,63000,Bargains,Facebook Ad,Mobile,4.5,High,1,451.17,2,Self-Care Sena (Facebook One-Timers)
EA-03103,35,Female,Urban,130500,Skincare,Referral,Mobile,8.9,Medium,2,1290.65,3,Hamesha 25 Club (Referral Regulars)
EA-01566,30,Male,Suburban,47500,Bargains,Groupon,Desktop,5.5,Medium,1,356.94,0,Gayab Grahak (Groupon One-Timers)
EA-03356,30,Female,Rural,35000,Bargains,Facebook Ad,Mobile,1.5,High,3,365.04,2,Self-Care Sena (Facebook One-Timers)
EA-00840,35,Male,Suburban,78000,Bargains,Groupon,Mobile,2.4,High,1,428.82,0,Gayab Grahak (Groupon One-Timers)
EA-00501,53,Male,Urban,134000,Skincare,Organic Search,Desktop,17.0,Medium,4,1615.9,1,Glow Ke Nawab (Organic VIPs)
EA-00142,36,Female,Urban,84500,Bargains,Groupon,Mobile,3.8,High,1,408.81,0,Gayab Grahak (Groupon One-Timers)
EA-01378,43,Female,Suburban,114000,Wellness,Organic Search,Desktop,10.8,Low,5,1624.57,1,Glow Ke Nawab (Organic VIPs)
EA-03698,29,Male,Rural,58500,Bargains,Facebook Ad,Mobile,0.9,High,1,521.98,2,Self-Care Sena (Facebook One-Timers)
EA-02145,50,Female,Urban,53000,Bargains,Facebook Ad,Mobile,1.4,High,3,342.1,2,Self-Care Sena (Facebook One-Timers)
EA-01139,26,Female,Suburban,36000,Bargains,Facebook Ad,Mobile,5.2,High,1,150.0,2,Self-Care Sena (Facebook One-Timers)
EA-02928,26,Non-binary,Urban,86500,Skincare,Groupon,Mobile,5.5,High,1,344.2,0,Gayab Grahak (Groupon One-Timers)
EA-01788,43,Male,Suburban,120000,Anti-aging,Organic Search,Desktop,17.2,Medium,5,1753.64,1,Glow Ke Nawab (Organic VIPs)
EA-03485,47,Female,Suburban,99500,Anti-aging,Organic Search,Desktop,13.7,Medium,4,1500.39,1,Glow Ke Nawab (Organic VIPs)
EA-00551,28,Non-binary,Suburban,67500,Bargains,Groupon,Mobile,4.9,High,1,385.96,0,Gayab Grahak (Groupon One-Timers)
EA-04907,60,Female,Suburban,138000,Wellness,Organic Search,Mobile,17.6,Low,4,1381.45,1,Glow Ke Nawab (Organic VIPs)
EA-02020,31,Female,Rural,54000,Bargains,Facebook Ad,Mobile,5.2,High,1,407.06,2,Self-Care Sena (Facebook One-Timers)
EA-00949,42,Female,Suburban,87500,Anti-aging,Organic Search,Tablet,6.0,Low,3,1718.11,1,Glow Ke Nawab (Organic VIPs)
EA-02601,19,Female,Urban,22000,Bargains,Groupon,Mobile,0.4,High,1,498.9,0,Gayab Grahak (Groupon One-Timers)
EA-00533,39,Female,Urban,89000,Bargains,Facebook Ad,Mobile,3.9,High,1,293.32,2,Self-Care Sena (Facebook One-Timers)
EA-01830,37,Female,Suburban,73500,Skincare,Groupon,Mobile,4.4,High,1,208.96,0,Gayab Grahak (Groupon One-Timers)
EA-02918,49,Female,Urban,110500,Skincare,Organic Search,Desktop,15.5,Medium,4,1381.13,1,Glow Ke Nawab (Organic VIPs)
EA-04419,33,Female,Urban,44000,Skincare,Facebook Ad,Mobile,2.3,High,1,271.74,2,Self-Care Sena (Facebook One-Timers)
EA-03872,31,Female,Suburban,54500,Bargains,Facebook Ad,Mobile,3.6,High,1,334.87,2,Self-Care Sena (Facebook One-Timers)
EA-01603,43,Male,Urban,76500,Skincare,Organic Search,Mobile,12.1,High,3,1770.48,1,Glow Ke Nawab (Organic VIPs)
EA-00640,28,Female,Suburban,135500,Skincare,Organic Search,Desktop,19.0,Medium,5,1409.54,1,Glow Ke Nawab (Organic VIPs)
EA-04833,39,Female,Urban,153500,Skincare,Organic Search,Mobile,20.1,Low,5,2059.4,1,Glow Ke Nawab (Organic VIPs)
EA-00968,24,Female,Urban,69000,Bargains,Facebook Ad,Mobile,2.2,High,1,416.68,2,Self-Care Sena (Facebook One-Timers)
EA-04238,38,Male,Suburban,114500,Wellness,Organic Search,Desktop,15.0,Low,4,2171.45,1,Glow Ke Nawab (Organic VIPs)
EA-02698,31,Female,Urban,83500,Bargains,Facebook Ad,Mobile,6.1,Medium,1,150.0,2,Self-Care Sena (Facebook One-Timers)
EA-01684,29,Female,Suburban,61500,Skincare,Facebook Ad,Mobile,3.6,High,1,498.51,2,Self-Care Sena (Facebook One-Timers)
EA-04471,37,Female,Urban,56000,Skincare,Referral,Desktop,13.2,Medium,4,720.23,3,Hamesha 25 Club (Referral Regulars)
EA-02343,50,Female,Suburban,152500,Anti-aging,Organic Search,Mobile,15.0,Low,3,1806.26,1,Glow Ke Nawab (Organic VIPs)
EA-00156,48,Female,Rural,131500,Anti-aging,Organic Search,Desktop,21.8,Low,5,1716.1,1,Glow Ke Nawab (Organic VIPs)
EA-02488,48,Female,Urban,136000,Wellness,Organic Search,Desktop,13.0,Medium,3,1581.48,1,Glow Ke Nawab (Organic VIPs)
EA-04642,29,Male,Urban,66000,Bargains,Facebook Ad,Mobile,0.4,High,1,280.17,2,Self-Care Sena (Facebook One-Timers)
EA-01090,33,Female,Suburban,59000,Bargains,Groupon,Mobile,3.3,Medium,1,390.64,0,Gayab Grahak (Groupon One-Timers)
EA-02656,28,Female,Urban,89500,Skincare,Referral,Desktop,7.0,Low,1,937.26,3,Hamesha 25 Club (Referral Regulars)
EA-04241,56,Female,Suburban,88000,Skincare,Organic Search,Mobile,2.3,Low,2,1417.28,3,Hamesha 25 Club (Referral Regulars)
EA-00289,38,Male,Suburban,75000,Bargains,Groupon,Mobile,2.0,High,1,219.64,0,Gayab Grahak (Groupon One-Timers)
EA-00931,27,Female,Urban,34000,Bargains,Facebook Ad,Tablet,2.1,High,1,235.18,2,Self-Care Sena (Facebook One-Timers)
EA-02536,37,Female,Suburban,54000,Skincare,Groupon,Tablet,3.4,Medium,1,230.1,0,Gayab Grahak (Groupon One-Timers)
EA-04029,32,Female,Urban,49000,Bargains,Groupon,Mobile,4.4,High,1,597.06,0,Gayab Grahak (Groupon One-Timers)
EA-03372,29,Female,Suburban,69500,Wellness,Facebook Ad,Mobile,6.2,High,1,278.84,2,Self-Care Sena (Facebook One-Timers)
EA-04622,41,Female,Suburban,118000,Wellness,Referral,Mobile,7.8,Medium,1,379.34,3,Hamesha 25 Club (Referral Regulars)
EA-03292,30,Female,Suburban,142500,Anti-aging,Organic Search,Desktop,16.9,Low,3,1773.98,1,Glow Ke Nawab (Organic VIPs)
EA-00943,24,Female,Suburban,64000,Bargains,Facebook Ad,Desktop,5.2,Medium,1,461.57,2,Self-Care Sena (Facebook One-Timers)
EA-03860,22,Female,Suburban,45500,Skincare,Facebook Ad,Desktop,3.1,High,1,490.68,2,Self-Care Sena (Facebook One-Timers)
EA-04663,20,Female,Suburban,53500,Bargains,Groupon,Mobile,0.6,High,1,369.62,0,Gayab Grahak (Groupon One-Timers)
EA-01699,63,Male,Urban,147000,Anti-aging,Referral,Mobile,3.3,Low,1,937.54,3,Hamesha 25 Club (Referral Regulars)
EA-04709,29,Female,Urban,88000,Bargains,Facebook Ad,Mobile,3.4,High,3,433.09,2,Self-Care Sena (Facebook One-Timers)
EA-03201,43,Female,Urban,91500,Skincare,Organic Search,Mobile,10.6,Low,4,2146.63,1,Glow Ke Nawab (Organic VIPs)
EA-04602,54,Female,Urban,122000,Skincare,Referral,Desktop,17.6,Medium,1,619.49,3,Hamesha 25 Club (Referral Regulars)
EA-04609,26,Male,Urban,61000,Bargains,Facebook Ad,Mobile,1.5,Medium,1,365.58,2,Self-Care Sena (Facebook One-Timers)
EA-00986,53,Female,Rural,92500,Skincare,Referral,Tablet,10.1,Low,1,874.54,3,Hamesha 25 Club (Referral Regulars)
EA-03319,34,Male,Urban,24000,Skincare,Facebook Ad,Mobile,2.4,High,1,259.72,2,Self-Care Sena (Facebook One-Timers)
EA-02868,40,Female,Rural,68500,Bargains,Groupon,Mobile,2.5,High,1,506.13,0,Gayab Grahak (Groupon One-Timers)
EA-04057,28,Female,Urban,59500,Bargains,Facebook Ad,Desktop,6.8,Medium,1,355.5,2,Self-Care Sena (Facebook One-Timers)
EA-04778,33,Female,Suburban,72500,Skincare,Facebook Ad,Tablet,1.8,High,1,526.32,2,Self-Care Sena (Facebook One-Timers)
EA-00982,35,Female,Urban,115000,Anti-aging,Organic Search,Mobile,22.1,Low,5,2299.93,1,Glow Ke Nawab (Organic VIPs)
EA-02493,31,Female,Suburban,46000,Bargains,Facebook Ad,Tablet,3.9,High,1,351.75,2,Self-Care Sena (Facebook One-Timers)
EA-03793,29,Female,Suburban,82500,Bargains,Facebook Ad,Mobile,6.3,High,1,326.01,2,Self-Care Sena (Facebook One-Timers)
EA-03549,37,Female,Suburban,59000,Skincare,Facebook Ad,Tablet,2.5,Medium,1,247.46,2,Self-Care Sena (Facebook One-Timers)
EA-02943,32,Female,Suburban,105500,Skincare,Organic Search,Tablet,14.5,Medium,4,1710.34,1,Glow Ke Nawab (Organic VIPs)
EA-03528,29,Female,Urban,49500,Bargains,Facebook Ad,Mobile,4.6,High,1,221.47,2,Self-Care Sena (Facebook One-Timers)
EA-03846,30,Female,Suburban,23000,Bargains,Groupon,Mobile,0.7,High,1,173.49,0,Gayab Grahak (Groupon One-Timers)
EA-01458,29,Female,Suburban,61000,Bargains,Groupon,Mobile,2.2,High,1,265.27,0,Gayab Grahak (Groupon One-Timers)
EA-01396,27,Female,Suburban,51000,Bargains,Facebook Ad,Desktop,4.1,Medium,1,397.89,2,Self-Care Sena (Facebook One-Timers)
EA-00265,49,Female,Urban,80000,Anti-aging,Referral,Tablet,5.0,Low,2,885.44,3,Hamesha 25 Club (Referral Regulars)
EA-04096,27,Male,Urban,28500,Bargains,Facebook Ad,Mobile,3.1,High,1,491.1,2,Self-Care Sena (Facebook One-Timers)
EA-00930,57,Female,Rural,163500,Skincare,Organic Search,Tablet,8.6,Low,4,1892.07,1,Glow Ke Nawab (Organic VIPs)
EA-04872,31,Female,Rural,59500,Bargains,Facebook Ad,Mobile,0.4,High,1,440.11,2,Self-Care Sena (Facebook One-Timers)
EA-02693,56,Female,Suburban,130500,Skincare,Organic Search,Mobile,20.4,Low,4,1461.57,1,Glow Ke Nawab (Organic VIPs)
EA-00247,35,Female,Urban,56500,Bargains,Groupon,Mobile,5.2,High,1,167.11,0,Gayab Grahak (Groupon One-Timers)
EA-03590,24,Female,Rural,28000,Bargains,Facebook Ad,Mobile,2.4,Medium,1,346.64,2,Self-Care Sena (Facebook One-Timers)
EA-01759,51,Female,Suburban,79500,Skincare,Referral,Mobile,11.0,High,1,848.35,3,Hamesha 25 Club (Referral Regulars)
EA-04866,23,Female,Urban,61500,Skincare,Facebook Ad,Mobile,3.8,High,3,556.67,2,Self-Care Sena (Facebook One-Timers)
EA-02811,23,Female,Rural,37000,Bargains,Facebook Ad,Mobile,5.9,High,1,263.24,2,Self-Care Sena (Facebook One-Timers)
EA-00924,24,Male,Urban,48000,Skincare,Groupon,Mobile,3.3,High,1,150.0,0,Gayab Grahak (Groupon One-Timers)
EA-02881,33,Female,Suburban,94000,Bargains,Facebook Ad,Mobile,6.3,High,1,481.52,2,Self-Care Sena (Facebook One-Timers)
EA-00269,37,Female,Suburban,63500,Bargains,Facebook Ad,Desktop,5.2,High,1,366.17,2,Self-Care Sena (Facebook One-Timers)
EA-00670,31,Female,Urban,52500,Skincare,Facebook Ad,Mobile,6.0,High,1,507.68,2,Self-Care Sena (Facebook One-Timers)
EA-04476,40,Female,Suburban,124000,Anti-aging,Organic Search,Desktop,24.9,Medium,6,2053.03,1,Glow Ke Nawab (Organic VIPs)
EA-01911,39,Female,Rural,77500,Skincare,Facebook Ad,Mobile,2.8,High,1,618.77,2,Self-Care Sena (Facebook One-Timers)
EA-02986,38,Female,Urban,47500,Bargains,Facebook Ad,Mobile,2.3,Medium,1,511.47,2,Self-Care Sena (Facebook One-Timers)
EA-01153,30,Female,Urban,33500,Bargains,Facebook Ad,Mobile,1.1,High,1,425.44,2,Self-Care Sena (Facebook One-Timers)
EA-04818,29,Female,Rural,64500,Bargains,Groupon,Mobile,5.1,High,1,348.47,0,Gayab Grahak (Groupon One-Timers)
EA-03456,34,Female,Urban,104000,Skincare,Organic Search,Mobile,13.1,High,3,2023.17,1,Glow Ke Nawab (Organic VIPs)
EA-04242,42,Female,Suburban,142000,Anti-aging,Organic Search,Mobile,14.0,High,2,1536.7,1,Glow Ke Nawab (Organic VIPs)
EA-04550,25,Female,Rural,61500,Bargains,Facebook Ad,Mobile,4.7,High,1,150.0,2,Self-Care Sena (Facebook One-Timers)
EA-02173,31,Female,Suburban,69000,Bargains,Groupon,Mobile,5.8,Medium,1,290.79,0,Gayab Grahak (Groupon One-Timers)
EA-04516,38,Female,Urban,56000,Bargains,Facebook Ad,Mobile,3.3,Medium,1,333.83,2,Self-Care Sena (Facebook One-Timers)
EA-01916,27,Female,Urban,55000,Wellness,Facebook Ad,Mobile,4.2,High,1,476.2,2,Self-Care Sena (Facebook One-Timers)
EA-00613,45,Non-binary,Suburban,101000,Skincare,Referral,Mobile,11.0,High,4,665.44,3,Hamesha 25 Club (Referral Regulars)
EA-02407,27,Female,Suburban,69000,Bargains,Groupon,Tablet,0.4,High,1,269.0,0,Gayab Grahak (Groupon One-Timers)
EA-04206,49,Female,Urban,131000,Skincare,Organic Search,Mobile,4.7,High,4,1929.96,1,Glow Ke Nawab (Organic VIPs)
EA-01899,28,Male,Suburban,62000,Skincare,Facebook Ad,Mobile,5.8,Medium,1,528.23,2,Self-Care Sena (Facebook One-Timers)
EA-01650,57,Female,Urban,71500,Anti-aging,Organic Search,Desktop,18.5,Medium,5,1692.83,1,Glow Ke Nawab (Organic VIPs)
EA-02608,31,Female,Urban,62000,Skincare,Facebook Ad,Mobile,5.3,High,1,458.69,2,Self-Care Sena (Facebook One-Timers)
EA-00259,19,Female,Urban,36000,Bargains,Facebook Ad,Mobile,4.6,High,1,318.27,2,Self-Care Sena (Facebook One-Timers)
EA-00848,36,Non-binary,Urban,82000,Skincare,Organic Search,Mobile,19.4,Medium,4,1699.55,1,Glow Ke Nawab (Organic VIPs)
EA-04252,30,Female,Urban,68500,Wellness,Facebook Ad,Mobile,0.4,High,1,335.48,2,Self-Care Sena (Facebook One-Timers)
EA-01234,38,Female,Suburban,96500,Wellness,Organic Search,Mobile,14.0,Medium,4,2117.0,1,Glow Ke Nawab (Organic VIPs)
EA-01128,53,Female,Suburban,108000,Anti-aging,Organic Search,Mobile,16.6,Medium,3,1289.25,1,Glow Ke Nawab (Organic VIPs)
EA-01968,58,Female,Urban,133000,Bargains,Organic Search,Desktop,20.3,Low,5,2346.76,1,Glow Ke Nawab (Organic VIPs)
EA-00559,35,Female,Rural,84500,Bargains,Groupon,Mobile,2.7,High,1,418.59,0,Gayab Grahak (Groupon One-Timers)
EA-03906,55,Female,Suburban,100000,Wellness,Organic Search,Desktop,14.7,Medium,3,2091.88,1,Glow Ke Nawab (Organic VIPs)
EA-00485,33,Female,Urban,57500,Bargains,Facebook Ad,Mobile,4.2,High,1,535.56,2,Self-Care Sena (Facebook One-Timers)
EA-01321,28,Female,Suburban,54500,Bargains,Groupon,Mobile,6.2,High,1,466.66,0,Gayab Grahak (Groupon One-Timers)
EA-03405,33,Female,Urban,99500,Wellness,Organic Search,Desktop,12.4,Medium,4,1864.73,1,Glow Ke Nawab (Organic VIPs)
EA-00008,45,Female,Suburban,99000,Wellness,Organic Search,Desktop,15.6,Low,4,1525.13,1,Glow Ke Nawab (Organic VIPs)
EA-03280,33,Male,Rural,83500,Wellness,Facebook Ad,Mobile,0.6,High,1,233.15,2,Self-Care Sena (Facebook One-Timers)
EA-03190,30,Male,Urban,69000,Bargains,Facebook Ad,Mobile,2.8,High,1,356.46,2,Self-Care Sena (Facebook One-Timers)
EA-01451,42,Female,Urban,57000,Skincare,Organic Search,Mobile,18.1,Medium,4,1811.5,1,Glow Ke Nawab (Organic VIPs)
EA-03981,23,Male,Suburban,44000,Bargains,Facebook Ad,Mobile,4.2,High,1,489.96,2,Self-Care Sena (Facebook One-Timers)
EA-01815,44,Female,Suburban,122500,Skincare,Organic Search,Desktop,14.3,Low,5,2021.24,1,Glow Ke Nawab (Organic VIPs)
EA-00774,47,Female,Urban,149000,Skincare,Organic Search,Mobile,14.0,Low,3,2158.98,1,Glow Ke Nawab (Organic VIPs)
EA-01012,24,Female,Urban,48500,Bargains,Groupon,Mobile,4.0,High,1,373.44,0,Gayab Grahak (Groupon One-Timers)
EA-02819,38,Female,Urban,63500,Bargains,Groupon,Mobile,2.5,Medium,1,279.41,0,Gayab Grahak (Groupon One-Timers)
EA-03276,60,Male,Suburban,142000,Wellness,Organic Search,Tablet,7.4,Medium,5,2491.54,1,Glow Ke Nawab (Organic VIPs)
EA-01992,51,Female,Suburban,134500,Anti-aging,Organic Search,Desktop,4.6,Medium,2,1693.9,1,Glow Ke Nawab (Organic VIPs)
EA-01278,31,Female,Urban,54000,Skincare,Facebook Ad,Tablet,2.0,Medium,1,276.13,2,Self-Care Sena (Facebook One-Timers)
EA-01784,36,Female,Urban,57000,Bargains,Facebook Ad,Mobile,0.4,High,3,548.19,2,Self-Care Sena (Facebook One-Timers)
EA-03106,53,Female,Suburban,102500,Wellness,Organic Search,Mobile,16.8,High,3,2227.39,1,Glow Ke Nawab (Organic VIPs)
EA-00447,42,Female,Suburban,58000,Bargains,Referral,Mobile,18.1,Medium,4,707.21,3,Hamesha 25 Club (Referral Regulars)
EA-00881,30,Female,Urban,75000,Bargains,Facebook Ad,Mobile,4.0,High,1,346.8,2,Self-Care Sena (Facebook One-Timers)
EA-04460,57,Female,Suburban,123000,Wellness,Organic Search,Mobile,10.1,Low,3,2383.62,1,Glow Ke Nawab (Organic VIPs)
EA-00782,29,Female,Rural,89000,Skincare,Referral,Mobile,7.9,Medium,2,614.98,3,Hamesha 25 Club (Referral Regulars)
EA-01750,34,Non-binary,Suburban,69500,Bargains,Groupon,Desktop,2.1,High,1,422.17,0,Gayab Grahak (Groupon One-Timers)
EA-03389,38,Female,Urban,68000,Bargains,Groupon,Mobile,0.4,Medium,1,572.93,0,Gayab Grahak (Groupon One-Timers)
EA-04882,24,Female,Urban,44000,Wellness,Groupon,Desktop,4.7,Medium,1,424.88,0,Gayab Grahak (Groupon One-Timers)
EA-00884,31,Female,Urban,51500,Skincare,Groupon,Mobile,4.0,High,1,396.47,0,Gayab Grahak (Groupon One-Timers)
EA-02945,40,Female,Urban,61500,Skincare,Facebook Ad,Mobile,5.2,High,1,284.75,2,Self-Care Sena (Facebook One-Timers)
EA-01092,23,Female,Urban,45500,Skincare,Groupon,Mobile,1.8,High,1,428.33,0,Gayab Grahak (Groupon One-Timers)
EA-04784,22,Male,Suburban,37000,Bargains,Groupon,Desktop,4.0,High,1,244.08,0,Gayab Grahak (Groupon One-Timers)
EA-00532,37,Male,Suburban,69000,Anti-aging,Organic Search,Desktop,12.6,Low,3,1983.83,1,Glow Ke Nawab (Organic VIPs)
EA-04023,22,Female,Suburban,75000,Bargains,Facebook Ad,Mobile,5.0,High,1,249.72,2,Self-Care Sena (Facebook One-Timers)
EA-04422,34,Female,Suburban,57500,Bargains,Facebook Ad,Desktop,1.0,Medium,1,446.6,2,Self-Care Sena (Facebook One-Timers)
EA-04099,49,Female,Suburban,82000,Anti-aging,Organic Search,Mobile,9.5,Low,3,2363.12,1,Glow Ke Nawab (Organic VIPs)
EA-01728,60,Female,Suburban,140500,Skincare,Organic Search,Desktop,13.4,Low,2,2107.7,1,Glow Ke Nawab (Organic VIPs)
EA-00611,19,Female,Urban,38500,Skincare,Groupon,Desktop,4.4,High,1,407.74,0,Gayab Grahak (Groupon One-Timers)
EA-00571,39,Female,Urban,53000,Wellness,Facebook Ad,Mobile,1.7,High,1,356.69,2,Self-Care Sena (Facebook One-Timers)
EA-02672,26,Female,Suburban,52500,Bargains,Groupon,Mobile,4.3,High,1,426.63,0,Gayab Grahak (Groupon One-Timers)
EA-03719,33,Female,Urban,79000,Anti-aging,Referral,Mobile,9.8,Medium,3,788.11,3,Hamesha 25 Club (Referral Regulars)
EA-00344,37,Female,Rural,55000,Bargains,Groupon,Mobile,4.7,High,2,299.31,0,Gayab Grahak (Groupon One-Timers)
EA-03001,40,Female,Suburban,154000,Anti-aging,Organic Search,Mobile,17.6,Low,4,1602.9,1,Glow Ke Nawab (Organic VIPs)
EA-03140,30,Female,Suburban,78000,Skincare,Facebook Ad,Mobile,3.6,High,1,369.31,2,Self-Care Sena (Facebook One-Timers)
EA-00435,39,Female,Urban,64000,Bargains,Facebook Ad,Mobile,3.2,High,1,437.98,2,Self-Care Sena (Facebook One-Timers)
EA-01904,28,Female,Urban,41000,Bargains,Facebook Ad,Mobile,5.0,Medium,1,462.5,2,Self-Care Sena (Facebook One-Timers)
EA-03805,19,Female,Urban,37000,Bargains,Facebook Ad,Mobile,0.4,High,1,474.71,2,Self-Care Sena (Facebook One-Timers)
EA-04777,19,Male,Urban,63000,Bargains,Groupon,Tablet,4.8,High,3,316.28,0,Gayab Grahak (Groupon One-Timers)
EA-02070,30,Female,Urban,67500,Skincare,Groupon,Mobile,7.2,High,1,390.47,0,Gayab Grahak (Groupon One-Timers)
EA-01538,45,Female,Suburban,110500,Wellness,Organic Search,Mobile,15.8,High,6,1934.91,1,Glow Ke Nawab (Organic VIPs)
EA-02253,32,Non-binary,Rural,30000,Bargains,Facebook Ad,Mobile,2.1,High,1,432.3,2,Self-Care Sena (Facebook One-Timers)
EA-02347,40,Female,Urban,64500,Wellness,Organic Search,Desktop,18.5,Low,6,1921.96,1,Glow Ke Nawab (Organic VIPs)
EA-01518,37,Female,Rural,91000,Bargains,Referral,Mobile,3.1,Medium,1,959.37,3,Hamesha 25 Club (Referral Regulars)
EA-00966,30,Female,Suburban,86500,Skincare,Groupon,Mobile,3.5,Medium,1,339.61,0,Gayab Grahak (Groupon One-Timers)
EA-04407,49,Female,Suburban,55500,Anti-aging,Referral,Desktop,6.0,Medium,1,448.4,3,Hamesha 25 Club (Referral Regulars)
EA-00529,47,Female,Urban,63000,Wellness,Organic Search,Mobile,11.1,Low,5,2065.14,1,Glow Ke Nawab (Organic VIPs)
EA-00177,37,Female,Rural,68000,Bargains,Groupon,Mobile,4.8,Low,1,300.78,0,Gayab Grahak (Groupon One-Timers)
EA-03483,49,Female,Suburban,116500,Bargains,Organic Search,Mobile,10.0,Low,4,2030.24,1,Glow Ke Nawab (Organic VIPs)
EA-02544,28,Female,Urban,37000,Skincare,Facebook Ad,Mobile,4.5,High,1,222.1,2,Self-Care Sena (Facebook One-Timers)
EA-04936,27,Female,Suburban,48500,Skincare,Facebook Ad,Mobile,3.7,Medium,1,495.2,2,Self-Care Sena (Facebook One-Timers)
EA-00573,41,Female,Suburban,74000,Skincare,Groupon,Mobile,4.4,High,1,487.7,0,Gayab Grahak (Groupon One-Timers)
EA-02300,34,Female,Urban,131000,Skincare,Organic Search,Tablet,7.8,Medium,4,2244.14,1,Glow Ke Nawab (Organic VIPs)
EA-03509,41,Female,Urban,106500,Skincare,Organic Search,Mobile,6.5,Medium,1,2271.57,1,Glow Ke Nawab (Organic VIPs)
EA-02460,28,Male,Urban,53500,Bargains,Groupon,Tablet,3.7,High,1,337.16,0,Gayab Grahak (Groupon One-Timers)
EA-03610,34,Female,Urban,72000,Bargains,Facebook Ad,Mobile,2.1,Medium,1,466.4,2,Self-Care Sena (Facebook One-Timers)
EA-04555,28,Female,Urban,68000,Bargains,Facebook Ad,Mobile,3.8,High,1,425.83,2,Self-Care Sena (Facebook One-Timers)
EA-02209,43,Female,Urban,86500,Bargains,Facebook Ad,Desktop,3.1,High,1,426.02,2,Self-Care Sena (Facebook One-Timers)
EA-04721,29,Male,Suburban,42000,Bargains,Groupon,Mobile,0.9,High,1,323.77,0,Gayab Grahak (Groupon One-Timers)
EA-02756,61,Female,Urban,155000,Wellness,Organic Search,Mobile,11.3,Medium,2,2500.0,1,Glow Ke Nawab (Organic VIPs)
EA-00384,39,Male,Urban,34500,Bargains,Groupon,Tablet,6.9,Medium,1,325.14,0,Gayab Grahak (Groupon One-Timers)
EA-00853,49,Female,Suburban,135000,Wellness,Organic Search,Desktop,25.1,Low,4,2048.97,1,Glow Ke Nawab (Organic VIPs)
EA-01881,28,Male,Rural,49000,Bargains,Groupon,Mobile,3.3,High,1,395.06,0,Gayab Grahak (Groupon One-Timers)
EA-00371,43,Female,Urban,125500,Anti-aging,Organic Search,Mobile,12.7,Medium,4,2388.56,1,Glow Ke Nawab (Organic VIPs)
EA-02379,31,Female,Suburban,54500,Skincare,Facebook Ad,Mobile,4.6,High,1,503.38,2,Self-Care Sena (Facebook One-Timers)
EA-04324,19,Female,Suburban,51000,Skincare,Facebook Ad,Tablet,7.1,High,1,477.34,2,Self-Care Sena (Facebook One-Timers)
EA-01106,46,Female,Suburban,136000,Skincare,Organic Search,Desktop,8.7,Low,4,1370.15,1,Glow Ke Nawab (Organic VIPs)
EA-03414,24,Female,Suburban,57000,Bargains,Facebook Ad,Tablet,2.3,Medium,1,440.36,2,Self-Care Sena (Facebook One-Timers)
EA-03947,23,Female,Suburban,51000,Bargains,Facebook Ad,Desktop,6.0,High,1,328.91,2,Self-Care Sena (Facebook One-Timers)
EA-01337,33,Female,Suburban,61000,Bargains,Facebook Ad,Mobile,3.9,High,1,368.62,2,Self-Care Sena (Facebook One-Timers)
EA-02190,37,Female,Urban,104000,Anti-aging,Referral,Mobile,6.0,Low,1,825.22,3,Hamesha 25 Club (Referral Regulars)
EA-04595,25,Female,Rural,83500,Bargains,Facebook Ad,Mobile,2.6,High,1,277.0,2,Self-Care Sena (Facebook One-Timers)
EA-02320,53,Male,Suburban,103000,Skincare,Referral,Mobile,16.1,High,2,968.31,3,Hamesha 25 Club (Referral Regulars)
EA-04706,32,Male,Urban,43000,Bargains,Facebook Ad,Mobile,4.5,Medium,1,272.53,2,Self-Care Sena (Facebook One-Timers)
EA-03711,35,Female,Suburban,48000,Skincare,Organic Search,Desktop,4.4,Medium,3,2076.4,3,Hamesha 25 Club (Referral Regulars)
EA-04849,38,Female,Urban,59000,Bargains,Facebook Ad,Mobile,2.9,High,1,332.15,2,Self-Care Sena (Facebook One-Timers)
EA-01172,40,Female,Suburban,116000,Bargains,Organic Search,Desktop,17.4,Low,4,2161.71,1,Glow Ke Nawab (Organic VIPs)
EA-04326,31,Female,Urban,75000,Bargains,Groupon,Mobile,5.5,Medium,1,588.73,0,Gayab Grahak (Groupon One-Timers)
EA-02695,55,Male,Urban,96000,Skincare,Organic Search,Desktop,9.3,Low,4,2180.79,1,Glow Ke Nawab (Organic VIPs)
EA-01423,31,Female,Urban,43000,Skincare,Groupon,Mobile,0.4,High,1,323.34,0,Gayab Grahak (Groupon One-Timers)
EA-02342,27,Female,Urban,65500,Skincare,Facebook Ad,Mobile,5.8,High,1,287.58,2,Self-Care Sena (Facebook One-Timers)
EA-02652,21,Female,Urban,62000,Skincare,Groupon,Mobile,2.3,Medium,1,355.0,0,Gayab Grahak (Groupon One-Timers)
EA-04156,30,Male,Urban,45500,Skincare,Facebook Ad,Mobile,4.4,High,1,657.8,2,Self-Care Sena (Facebook One-Timers)
EA-01465,42,Female,Urban,119500,Anti-aging,Organic Search,Mobile,8.6,Low,3,1779.37,1,Glow Ke Nawab (Organic VIPs)
EA-00875,62,Female,Suburban,55000,Wellness,Organic Search,Mobile,12.5,Medium,5,1780.35,1,Glow Ke Nawab (Organic VIPs)
EA-03340,26,Female,Suburban,59000,Wellness,Groupon,Mobile,2.4,Medium,1,372.63,0,Gayab Grahak (Groupon One-Timers)
EA-04341,25,Female,Suburban,69500,Bargains,Facebook Ad,Mobile,3.2,High,1,192.27,2,Self-Care Sena (Facebook One-Timers)
EA-01252,39,Female,Rural,77000,Bargains,Facebook Ad,Mobile,3.2,Medium,1,521.73,2,Self-Care Sena (Facebook One-Timers)
EA-02349,26,Female,Urban,79500,Bargains,Facebook Ad,Mobile,5.0,High,1,351.49,2,Self-Care Sena (Facebook One-Timers)
EA-00841,26,Female,Suburban,50000,Bargains,Facebook Ad,Mobile,1.6,High,1,222.44,2,Self-Care Sena (Facebook One-Timers)
EA-04569,22,Male,Urban,54500,Bargains,Groupon,Mobile,5.1,High,1,443.97,0,Gayab Grahak (Groupon One-Timers)
EA-00582,22,Female,Suburban,65000,Bargains,Groupon,Tablet,2.5,High,1,430.7,0,Gayab Grahak (Groupon One-Timers)
EA-00205,35,Female,Urban,40500,Anti-aging,Facebook Ad,Desktop,0.4,High,1,329.92,2,Self-Care Sena (Facebook One-Timers)
EA-01642,19,Female,Rural,36500,Bargains,Facebook Ad,Mobile,1.1,High,1,223.75,2,Self-Care Sena (Facebook One-Timers)
EA-02015,35,Female,Suburban,90500,Bargains,Groupon,Desktop,5.5,High,1,288.16,0,Gayab Grahak (Groupon One-Timers)
EA-00906,43,Female,Urban,95500,Skincare,Organic Search,Desktop,15.5,Medium,3,2419.37,1,Glow Ke Nawab (Organic VIPs)
EA-00632,63,Female,Urban,121000,Skincare,Organic Search,Desktop,14.4,Low,4,1951.6,1,Glow Ke Nawab (Organic VIPs)
EA-03365,38,Female,Urban,55500,Bargains,Facebook Ad,Mobile,4.7,Medium,1,393.33,2,Self-Care Sena (Facebook One-Timers)
EA-01975,19,Female,Suburban,68500,Bargains,Facebook Ad,Mobile,2.2,High,1,287.6,2,Self-Care Sena (Facebook One-Timers)
EA-00163,33,Female,Urban,52500,Bargains,Facebook Ad,Mobile,6.0,High,1,338.98,2,Self-Care Sena (Facebook One-Timers)
EA-03173,33,Male,Suburban,80500,Anti-aging,Organic Search,Mobile,5.0,Low,3,2385.73,1,Glow Ke Nawab (Organic VIPs)
EA-03613,36,Male,Rural,68500,Bargains,Groupon,Mobile,4.5,High,1,568.08,0,Gayab Grahak (Groupon One-Timers)
EA-04676,25,Male,Urban,73000,Bargains,Facebook Ad,Mobile,4.0,High,1,274.05,2,Self-Care Sena (Facebook One-Timers)
EA-00618,27,Male,Rural,77500,Bargains,Facebook Ad,Tablet,0.4,High,1,275.04,2,Self-Care Sena (Facebook One-Timers)
EA-04069,47,Female,Suburban,99000,Skincare,Referral,Desktop,7.4,Medium,2,300.0,3,Hamesha 25 Club (Referral Regulars)
EA-01432,28,Male,Urban,43000,Wellness,Groupon,Mobile,1.0,High,1,248.53,0,Gayab Grahak (Groupon One-Timers)
EA-00548,43,Female,Urban,70500,Bargains,Facebook Ad,Mobile,0.4,High,1,300.49,2,Self-Care Sena (Facebook One-Timers)
EA-03335,26,Male,Urban,33500,Skincare,Facebook Ad,Tablet,7.1,High,1,163.72,2,Self-Care Sena (Facebook One-Timers)
EA-04547,39,Female,Suburban,124000,Anti-aging,Referral,Mobile,18.1,Low,3,907.3,3,Hamesha 25 Club (Referral Regulars)
EA-04224,36,Female,Urban,60500,Bargains,Facebook Ad,Mobile,8.6,Medium,1,440.48,2,Self-Care Sena (Facebook One-Timers)
EA-02388,36,Female,Suburban,35000,Bargains,Facebook Ad,Mobile,4.0,High,1,334.89,2,Self-Care Sena (Facebook One-Timers)
EA-04244,30,Female,Urban,64500,Bargains,Groupon,Mobile,3.5,Medium,1,434.2,0,Gayab Grahak (Groupon One-Timers)
EA-03996,29,Female,Urban,44000,Bargains,Facebook Ad,Mobile,1.9,High,1,183.89,2,Self-Care Sena (Facebook One-Timers)
EA-04066,49,Female,Urban,141000,Wellness,Organic Search,Mobile,9.5,Low,4,2094.73,1,Glow Ke Nawab (Organic VIPs)
EA-01862,35,Female,Suburban,39000,Skincare,Referral,Mobile,5.1,Low,2,912.33,3,Hamesha 25 Club (Referral Regulars)
EA-00641,51,Female,Urban,109500,Wellness,Organic Search,Desktop,14.0,Low,4,1648.79,1,Glow Ke Nawab (Organic VIPs)
EA-03903,47,Female,Suburban,101500,Skincare,Organic Search,Mobile,10.3,Low,5,1443.18,1,Glow Ke Nawab (Organic VIPs)
EA-00638,51,Female,Urban,107000,Anti-aging,Organic Search,Desktop,11.7,Low,5,2316.3,1,Glow Ke Nawab (Organic VIPs)
EA-04263,37,Female,Suburban,62500,Bargains,Facebook Ad,Mobile,1.6,High,1,375.62,2,Self-Care Sena (Facebook One-Timers)
EA-03911,34,Female,Urban,58500,Wellness,Groupon,Desktop,6.7,Medium,1,420.79,0,Gayab Grahak (Groupon One-Timers)
EA-02987,19,Female,Suburban,66500,Bargains,Facebook Ad,Mobile,2.9,High,2,312.81,2,Self-Care Sena (Facebook One-Timers)
EA-02097,30,Female,Urban,56000,Bargains,Facebook Ad,Mobile,5.6,High,1,398.53,2,Self-Care Sena (Facebook One-Timers)
EA-04612,21,Female,Urban,53000,Bargains,Facebook Ad,Mobile,3.3,Medium,1,418.63,2,Self-Care Sena (Facebook One-Timers)
EA-03076,52,Female,Urban,54500,Skincare,Referral,Mobile,9.4,Medium,1,947.67,3,Hamesha 25 Club (Referral Regulars)
EA-03675,52,Female,Urban,108500,Wellness,Organic Search,Mobile,18.6,Medium,6,2078.14,1,Glow Ke Nawab (Organic VIPs)
EA-02842,21,Female,Urban,68000,Bargains,Groupon,Tablet,5.9,High,1,343.06,0,Gayab Grahak (Groupon One-Timers)
EA-00922,59,Female,Urban,81000,Wellness,Organic Search,Desktop,22.8,Medium,6,2106.7,1,Glow Ke Nawab (Organic VIPs)
EA-00547,26,Female,Urban,38000,Bargains,Facebook Ad,Mobile,1.7,Medium,1,334.65,2,Self-Care Sena (Facebook One-Timers)
EA-03667,26,Female,Suburban,53000,Wellness,Facebook Ad,Mobile,0.4,High,1,266.18,2,Self-Care Sena (Facebook One-Timers)
EA-01901,38,Male,Urban,66500,Bargains,Groupon,Mobile,2.1,Medium,1,150.0,0,Gayab Grahak (Groupon One-Timers)
EA-02029,29,Female,Urban,67000,Skincare,Groupon,Mobile,3.6,Medium,1,369.6,0,Gayab Grahak (Groupon One-Timers)
EA-02302,45,Male,Rural,83500,Skincare,Organic Search,Mobile,17.3,High,3,1706.36,1,Glow Ke Nawab (Organic VIPs)
EA-01886,36,Female,Rural,39500,Bargains,Facebook Ad,Mobile,3.8,Medium,1,386.82,2,Self-Care Sena (Facebook One-Timers)
EA-01643,38,Female,Suburban,60000,Bargains,Groupon,Mobile,1.4,High,1,391.95,0,Gayab Grahak (Groupon One-Timers)
EA-03510,31,Female,Rural,85500,Bargains,Facebook Ad,Mobile,7.1,High,1,350.74,2,Self-Care Sena (Facebook One-Timers)
EA-04810,33,Female,Urban,46500,Bargains,Groupon,Tablet,3.9,High,1,369.49,0,Gayab Grahak (Groupon One-Timers)
EA-02098,27,Female,Urban,57500,Bargains,Groupon,Tablet,0.4,High,1,290.17,0,Gayab Grahak (Groupon One-Timers)
EA-04358,31,Male,Suburban,63500,Bargains,Facebook Ad,Mobile,4.1,High,1,354.35,2,Self-Care Sena (Facebook One-Timers)
EA-03789,23,Female,Urban,54000,Bargains,Facebook Ad,Mobile,2.6,Medium,1,277.2,2,Self-Care Sena (Facebook One-Timers)
EA-04495,23,Female,Suburban,38000,Bargains,Facebook Ad,Desktop,5.1,High,1,467.73,2,Self-Care Sena (Facebook One-Timers)
EA-04968,23,Female,Rural,49000,Bargains,Facebook Ad,Mobile,3.2,High,1,289.17,2,Self-Care Sena (Facebook One-Timers)
EA-00837,40,Female,Suburban,112000,Skincare,Organic Search,Desktop,18.3,Low,4,2088.21,1,Glow Ke Nawab (Organic VIPs)
EA-00602,51,Female,Rural,83500,Wellness,Organic Search,Desktop,5.5,Low,2,2130.09,1,Glow Ke Nawab (Organic VIPs)
EA-02185,26,Non-binary,Urban,28500,Bargains,Groupon,Tablet,2.0,High,1,411.38,0,Gayab Grahak (Groupon One-Timers)
EA-03866,21,Male,Urban,73500,Bargains,Facebook Ad,Mobile,5.4,High,1,298.49,2,Self-Care Sena (Facebook One-Timers)
EA-02482,36,Female,Urban,48000,Bargains,Facebook Ad,Mobile,5.0,Medium,1,391.91,2,Self-Care Sena (Facebook One-Timers)
EA-04308,35,Female,Suburban,57000,Skincare,Facebook Ad,Mobile,0.8,Medium,1,207.5,2,Self-Care Sena (Facebook One-Timers)
EA-01583,28,Female,Suburban,65500,Bargains,Facebook Ad,Mobile,3.4,High,1,537.85,2,Self-Care Sena (Facebook One-Timers)
EA-04267,25,Male,Urban,61500,Skincare,Groupon,Mobile,5.1,High,3,295.28,0,Gayab Grahak (Groupon One-Timers)
EA-02534,28,Male,Suburban,71000,Wellness,Facebook Ad,Mobile,3.6,Medium,1,345.17,2,Self-Care Sena (Facebook One-Timers)
EA-02726,60,Female,Rural,79000,Anti-aging,Organic Search,Mobile,16.7,Low,3,1620.22,1,Glow Ke Nawab (Organic VIPs)
EA-01071,48,Female,Suburban,74500,Anti-aging,Organic Search,Mobile,12.6,Medium,3,1637.7,1,Glow Ke Nawab (Organic VIPs)
EA-01776,29,Female,Rural,47500,Bargains,Groupon,Mobile,6.2,Medium,1,540.45,0,Gayab Grahak (Groupon One-Timers)
EA-04809,31,Female,Urban,55000,Bargains,Groupon,Tablet,1.4,High,1,432.34,0,Gayab Grahak (Groupon One-Timers)
EA-01284,36,Female,Suburban,85000,Bargains,Groupon,Mobile,6.7,High,1,380.86,0,Gayab Grahak (Groupon One-Timers)
EA-03051,59,Female,Urban,54000,Skincare,Organic Search,Mobile,24.0,Low,4,2331.37,1,Glow Ke Nawab (Organic VIPs)
EA-04754,47,Female,Urban,47500,Bargains,Groupon,Mobile,1.8,High,1,365.77,0,Gayab Grahak (Groupon One-Timers)
EA-01837,32,Female,Urban,57500,Anti-aging,Facebook Ad,Mobile,2.7,High,1,254.35,2,Self-Care Sena (Facebook One-Timers)
EA-04243,30,Male,Suburban,67000,Anti-aging,Groupon,Mobile,2.7,High,1,353.07,0,Gayab Grahak (Groupon One-Timers)
EA-01020,32,Female,Rural,43500,Bargains,Groupon,Mobile,0.4,Medium,1,362.01,0,Gayab Grahak (Groupon One-Timers)
EA-04134,39,Female,Urban,71000,Bargains,Groupon,Mobile,5.9,High,1,477.05,0,Gayab Grahak (Groupon One-Timers)
EA-01327,19,Female,Urban,48500,Bargains,Facebook Ad,Mobile,1.5,Medium,1,150.0,2,Self-Care Sena (Facebook One-Timers)
EA-00476,30,Male,Urban,44500,Bargains,Facebook Ad,Mobile,5.2,High,1,569.49,2,Self-Care Sena (Facebook One-Timers)
EA-04272,36,Female,Urban,51500,Bargains,Groupon,Mobile,4.2,High,1,442.69,0,Gayab Grahak (Groupon One-Timers)
EA-01652,19,Female,Urban,67000,Bargains,Facebook Ad,Mobile,1.2,Medium,1,302.1,2,Self-Care Sena (Facebook One-Timers)
EA-03999,29,Male,Suburban,22500,Bargains,Facebook Ad,Mobile,0.4,High,1,335.47,2,Self-Care Sena (Facebook One-Timers)
EA-04468,46,Female,Suburban,101000,Anti-aging,Organic Search,Desktop,7.2,Medium,2,2102.64,1,Glow Ke Nawab (Organic VIPs)
EA-02611,41,Female,Suburban,71500,Skincare,Organic Search,Tablet,8.0,Low,2,2261.82,1,Glow Ke Nawab (Organic VIPs)
EA-02477,30,Female,Urban,59000,Bargains,Facebook Ad,Mobile,4.6,Low,1,483.6,2,Self-Care Sena (Facebook One-Timers)
EA-02584,38,Female,Suburban,77000,Bargains,Facebook Ad,Mobile,1.5,Medium,1,472.83,2,Self-Care Sena (Facebook One-Timers)
EA-01374,51,Female,Rural,95500,Anti-aging,Organic Search,Desktop,13.6,Low,3,1576.38,1,Glow Ke Nawab (Organic VIPs)
EA-00740,36,Female,Urban,53000,Bargains,Groupon,Tablet,2.3,High,1,179.49,0,Gayab Grahak (Groupon One-Timers)
EA-03619,26,Female,Suburban,26000,Bargains,Facebook Ad,Mobile,3.4,High,1,294.32,2,Self-Care Sena (Facebook One-Timers)
EA-02441,50,Female,Rural,61500,Bargains,Referral,Mobile,6.3,Medium,1,551.93,3,Hamesha 25 Club (Referral Regulars)
EA-00868,41,Female,Urban,119000,Skincare,Organic Search,Desktop,26.0,Low,5,1986.33,1,Glow Ke Nawab (Organic VIPs)
EA-01141,39,Female,Suburban,75000,Bargains,Facebook Ad,Mobile,3.2,High,1,415.58,2,Self-Care Sena (Facebook One-Timers)
EA-00998,33,Female,Urban,60500,Skincare,Facebook Ad,Mobile,2.3,High,1,401.09,2,Self-Care Sena (Facebook One-Timers)
EA-01338,36,Female,Suburban,55500,Bargains,Groupon,Mobile,3.1,High,1,390.84,0,Gayab Grahak (Groupon One-Timers)
EA-00542,28,Female,Urban,47500,Skincare,Groupon,Mobile,2.6,High,1,477.6,0,Gayab Grahak (Groupon One-Timers)
EA-01100,24,Female,Urban,58500,Bargains,Facebook Ad,Mobile,3.9,High,1,350.46,2,Self-Care Sena (Facebook One-Timers)
EA-01133,31,Female,Suburban,30000,Bargains,Facebook Ad,Mobile,1.1,High,1,506.83,2,Self-Care Sena (Facebook One-Timers)
EA-04065,33,Female,Urban,23500,Bargains,Facebook Ad,Mobile,6.5,High,1,350.76,2,Self-Care Sena (Facebook One-Timers)
EA-02716,30,Female,Suburban,27000,Wellness,Facebook Ad,Mobile,1.3,High,1,410.51,2,Self-Care Sena (Facebook One-Timers)
EA-02259,30,Male,Suburban,67500,Bargains,Facebook Ad,Mobile,0.4,High,1,238.94,2,Self-Care Sena (Facebook One-Timers)
EA-04751,28,Female,Urban,33500,Bargains,Facebook Ad,Tablet,0.8,High,1,473.97,2,Self-Care Sena (Facebook One-Timers)
EA-00060,32,Female,Urban,53000,Wellness,Facebook Ad,Mobile,5.3,High,1,360.22,2,Self-Care Sena (Facebook One-Timers)
EA-02884,41,Female,Urban,45000,Bargains,Facebook Ad,Mobile,4.6,Medium,1,561.29,2,Self-Care Sena (Facebook One-Timers)
EA-01939,30,Female,Suburban,26500,Bargains,Facebook Ad,Mobile,1.2,Medium,1,288.45,2,Self-Care Sena (Facebook One-Timers)
EA-02577,55,Female,Suburban,78500,Wellness,Organic Search,Mobile,10.6,Medium,2,2500.0,1,Glow Ke Nawab (Organic VIPs)
EA-04937,34,Female,Urban,52500,Anti-aging,Facebook Ad,Mobile,2.1,High,1,150.0,2,Self-Care Sena (Facebook One-Timers)
EA-01079,27,Female,Suburban,89000,Bargains,Groupon,Mobile,5.0,High,1,150.0,0,Gayab Grahak (Groupon One-Timers)
EA-03250,28,Female,Rural,64500,Wellness,Groupon,Mobile,1.9,High,1,526.37,0,Gayab Grahak (Groupon One-Timers)
EA-03128,22,Female,Rural,36000,Bargains,Facebook Ad,Mobile,7.4,High,1,318.93,2,Self-Care Sena (Facebook One-Timers)
EA-02489,39,Female,Suburban,31000,Bargains,Facebook Ad,Tablet,2.1,High,1,177.51,2,Self-Care Sena (Facebook One-Timers)
EA-00941,25,Male,Suburban,56000,Bargains,Facebook Ad,Tablet,1.8,Medium,1,426.27,2,Self-Care Sena (Facebook One-Timers)
EA-01081,37,Female,Urban,70500,Bargains,Facebook Ad,Mobile,3.7,High,1,285.05,2,Self-Care Sena (Facebook One-Timers)
EA-00188,24,Non-binary,Suburban,75500,Bargains,Facebook Ad,Mobile,3.5,Medium,1,229.92,2,Self-Care Sena (Facebook One-Timers)
EA-02635,23,Male,Urban,80000,Bargains,Groupon,Mobile,1.9,Medium,1,423.96,0,Gayab Grahak (Groupon One-Timers)
EA-02086,42,Female,Urban,61000,Wellness,Facebook Ad,Mobile,2.8,Medium,1,376.62,2,Self-Care Sena (Facebook One-Timers)
EA-02250,24,Female,Urban,41500,Bargains,Facebook Ad,Mobile,4.6,High,1,582.92,2,Self-Care Sena (Facebook One-Timers)
EA-04891,37,Female,Urban,34000,Bargains,Facebook Ad,Mobile,6.1,Medium,1,350.38,2,Self-Care Sena (Facebook One-Timers)
EA-02024,29,Female,Suburban,27000,Skincare,Facebook Ad,Mobile,2.8,High,1,465.82,2,Self-Care Sena (Facebook One-Timers)
EA-03540,26,Female,Urban,52500,Bargains,Facebook Ad,Tablet,5.1,High,3,150.0,2,Self-Care Sena (Facebook One-Timers)
EA-04049,33,Female,Urban,68000,Bargains,Facebook Ad,Mobile,2.4,Medium,1,475.87,2,Self-Care Sena (Facebook One-Timers)
EA-03607,25,Female,Suburban,22000,Bargains,Facebook Ad,Mobile,4.3,Medium,1,446.7,2,Self-Care Sena (Facebook One-Timers)
EA-00227,23,Female,Urban,66500,Bargains,Facebook Ad,Mobile,3.2,High,1,509.57,2,Self-Care Sena (Facebook One-Timers)
EA-04848,41,Female,Urban,72000,Anti-aging,Organic Search,Desktop,5.7,Medium,3,1956.02,1,Glow Ke Nawab (Organic VIPs)
EA-01930,29,Female,Suburban,63000,Skincare,Groupon,Tablet,4.1,High,1,391.84,0,Gayab Grahak (Groupon One-Timers)
EA-03056,29,Female,Suburban,69000,Bargains,Groupon,Mobile,2.3,High,1,336.29,0,Gayab Grahak (Groupon One-Timers)
EA-04490,26,Male,Urban,47000,Bargains,Groupon,Mobile,3.7,High,1,420.37,0,Gayab Grahak (Groupon One-Timers)
EA-01405,37,Non-binary,Rural,60500,Bargains,Facebook Ad,Mobile,1.3,High,1,303.25,2,Self-Care Sena (Facebook One-Timers)
EA-02180,56,Female,Suburban,112500,Wellness,Referral,Mobile,1.0,High,1,866.21,3,Hamesha 25 Club (Referral Regulars)
EA-00698,43,Male,Rural,37000,Bargains,Groupon,Mobile,3.5,High,1,563.64,0,Gayab Grahak (Groupon One-Timers)
EA-01125,29,Female,Rural,54500,Bargains,Groupon,Mobile,2.2,High,1,330.49,0,Gayab Grahak (Groupon One-Timers)
EA-03362,28,Female,Suburban,72500,Bargains,Facebook Ad,Mobile,4.1,Medium,1,451.8,2,Self-Care Sena (Facebook One-Timers)
EA-04136,37,Female,Urban,48000,Bargains,Facebook Ad,Mobile,3.3,Low,3,150.0,2,Self-Care Sena (Facebook One-Timers)
EA-01779,21,Female,Urban,45000,Bargains,Facebook Ad,Mobile,6.5,Medium,4,271.53,2,Self-Care Sena (Facebook One-Timers)
EA-02859,55,Female,Urban,99500,Anti-aging,Organic Search,Mobile,18.7,High,5,2317.23,1,Glow Ke Nawab (Organic VIPs)
EA-01038,29,Female,Urban,42500,Bargains,Facebook Ad,Mobile,0.4,High,1,354.82,2,Self-Care Sena (Facebook One-Timers)
EA-04457,29,Female,Urban,53000,Bargains,Facebook Ad,Mobile,4.9,Medium,1,239.2,2,Self-Care Sena (Facebook One-Timers)
EA-02257,56,Female,Suburban,116000,Anti-aging,Referral,Desktop,15.2,Low,3,736.52,3,Hamesha 25 Club (Referral Regulars)
EA-00314,38,Female,Urban,69000,Skincare,Facebook Ad,Mobile,1.5,High,1,276.41,2,Self-Care Sena (Facebook One-Timers)
EA-02282,30,Female,Suburban,55500,Bargains,Facebook Ad,Mobile,1.8,High,1,481.33,2,Self-Care Sena (Facebook One-Timers)
EA-01417,24,Female,Suburban,73500,Bargains,Groupon,Tablet,5.6,High,4,250.02,0,Gayab Grahak (Groupon One-Timers)
EA-01037,35,Female,Suburban,52000,Bargains,Facebook Ad,Mobile,7.1,Medium,1,438.37,2,Self-Care Sena (Facebook One-Timers)
EA-02160,47,Female,Urban,70500,Bargains,Facebook Ad,Mobile,5.2,High,1,495.78,2,Self-Care Sena (Facebook One-Timers)
EA-04164,36,Female,Rural,74000,Bargains,Facebook Ad,Mobile,6.8,Medium,1,410.89,2,Self-Care Sena (Facebook One-Timers)
EA-01755,29,Female,Urban,42000,Bargains,Facebook Ad,Mobile,4.8,High,1,427.76,2,Self-Care Sena (Facebook One-Timers)
EA-03113,57,Female,Suburban,94000,Anti-aging,Organic Search,Tablet,12.5,Medium,3,1827.54,1,Glow Ke Nawab (Organic VIPs)
EA-02814,30,Female,Urban,43500,Bargains,Facebook Ad,Mobile,6.5,High,1,370.06,2,Self-Care Sena (Facebook One-Timers)
EA-02699,29,Female,Urban,48500,Bargains,Facebook Ad,Mobile,6.0,Medium,4,358.16,2,Self-Care Sena (Facebook One-Timers)
EA-03208,22,Female,Rural,42000,Bargains,Facebook Ad,Mobile,2.5,High,1,566.6,2,Self-Care Sena (Facebook One-Timers)
EA-04351,29,Female,Suburban,61500,Bargains,Facebook Ad,Desktop,5.2,High,1,281.99,2,Self-Care Sena (Facebook One-Timers)
EA-03432,31,Female,Suburban,56500,Bargains,Groupon,Mobile,5.6,Low,1,246.58,0,Gayab Grahak (Groupon One-Timers)
EA-01507,46,Female,Urban,148500,Wellness,Organic Search,Desktop,10.2,Low,4,1660.73,1,Glow Ke Nawab (Organic VIPs)
EA-01924,28,Male,Urban,46500,Anti-aging,Facebook Ad,Mobile,5.5,High,1,333.82,2,Self-Care Sena (Facebook One-Timers)
EA-00449,41,Female,Rural,27000,Bargains,Facebook Ad,Mobile,4.1,High,1,349.09,2,Self-Care Sena (Facebook One-Timers)
EA-04129,43,Female,Urban,117500,Wellness,Organic Search,Tablet,8.7,Low,2,1808.7,1,Glow Ke Nawab (Organic VIPs)
EA-02529,39,Female,Rural,113500,Anti-aging,Organic Search,Mobile,13.0,Low,3,1617.57,1,Glow Ke Nawab (Organic VIPs)
EA-04970,33,Female,Suburban,67000,Bargains,Groupon,Mobile,7.2,High,1,336.79,0,Gayab Grahak (Groupon One-Timers)
EA-02790,33,Female,Suburban,103500,Skincare,Facebook Ad,Tablet,1.5,High,1,256.39,2,Self-Care Sena (Facebook One-Timers)
EA-00362,41,Female,Urban,29500,Bargains,Facebook Ad,Mobile,3.4,High,1,206.72,2,Self-Care Sena (Facebook One-Timers)
EA-02184,36,Female,Urban,45500,Bargains,Facebook Ad,Mobile,1.5,Medium,1,634.31,2,Self-Care Sena (Facebook One-Timers)
EA-01135,38,Female,Urban,119500,Anti-aging,Referral,Desktop,9.7,Low,3,627.61,3,Hamesha 25 Club (Referral Regulars)
EA-03881,40,Female,Suburban,121500,Skincare,Organic Search,Desktop,13.2,Low,5,1876.88,1,Glow Ke Nawab (Organic VIPs)
EA-02156,52,Female,Suburban,137500,Wellness,Organic Search,Tablet,6.7,Medium,3,2218.42,1,Glow Ke Nawab (Organic VIPs)
EA-01831,27,Female,Rural,59500,Wellness,Groupon,Mobile,2.7,High,1,246.63,0,Gayab Grahak (Groupon One-Timers)
EA-01054,46,Female,Rural,50000,Bargains,Facebook Ad,Desktop,5.9,High,1,364.05,2,Self-Care Sena (Facebook One-Timers)
EA-00023,35,Female,Suburban,75500,Anti-aging,Referral,Tablet,13.3,Medium,3,624.34,3,Hamesha 25 Club (Referral Regulars)
EA-02067,40,Female,Urban,69000,Skincare,Groupon,Mobile,3.4,Medium,1,249.1,0,Gayab Grahak (Groupon One-Timers)
EA-01654,19,Female,Rural,54000,Bargains,Facebook Ad,Mobile,3.7,High,1,350.66,2,Self-Care Sena (Facebook One-Timers)
EA-02588,25,Female,Urban,81000,Bargains,Facebook Ad,Mobile,2.1,High,1,435.41,2,Self-Care Sena (Facebook One-Timers)
EA-03211,31,Female,Urban,49500,Bargains,Facebook Ad,Mobile,7.8,High,1,369.17,2,Self-Care Sena (Facebook One-Timers)
EA-04303,37,Female,Suburban,59500,Anti-aging,Referral,Desktop,1.0,Low,1,567.09,2,Self-Care Sena (Facebook One-Timers)
EA-04037,20,Female,Urban,54500,Bargains,Facebook Ad,Mobile,2.5,Medium,1,363.9,2,Self-Care Sena (Facebook One-Timers)
EA-02326,59,Female,Suburban,113500,Wellness,Referral,Desktop,14.1,Medium,3,831.57,3,Hamesha 25 Club (Referral Regulars)
EA-00461,35,Female,Urban,81500,Wellness,Groupon,Mobile,8.9,Medium,1,437.98,0,Gayab Grahak (Groupon One-Timers)
EA-01068,49,Female,Suburban,84500,Wellness,Organic Search,Tablet,12.7,Low,5,1905.05,1,Glow Ke Nawab (Organic VIPs)
EA-00088,41,Female,Urban,62500,Bargains,Groupon,Desktop,4.5,High,1,271.14,0,Gayab Grahak (Groupon One-Timers)
EA-01431,41,Female,Urban,61500,Skincare,Referral,Mobile,11.5,Medium,2,704.08,3,Hamesha 25 Club (Referral Regulars)
EA-02648,28,Female,Suburban,89000,Wellness,Organic Search,Mobile,12.9,Medium,4,1815.39,1,Glow Ke Nawab (Organic VIPs)
EA-00283,29,Female,Rural,74500,Skincare,Facebook Ad,Mobile,4.6,High,3,472.2,2,Self-Care Sena (Facebook One-Timers)
EA-00463,32,Female,Rural,62000,Skincare,Referral,Desktop,7.9,Low,2,369.61,3,Hamesha 25 Club (Referral Regulars)
EA-00213,24,Female,Suburban,72500,Bargains,Facebook Ad,Mobile,4.0,High,1,269.28,2,Self-Care Sena (Facebook One-Timers)
EA-02500,26,Female,Suburban,41500,Bargains,Groupon,Mobile,2.3,High,1,509.43,0,Gayab Grahak (Groupon One-Timers)
EA-01369,29,Female,Urban,71000,Bargains,Facebook Ad,Mobile,0.7,High,1,459.69,2,Self-Care Sena (Facebook One-Timers)
EA-00235,43,Female,Urban,88500,Wellness,Referral,Tablet,17.2,Low,2,437.89,3,Hamesha 25 Club (Referral Regulars)
EA-02771,34,Female,Urban,61000,Bargains,Facebook Ad,Mobile,3.9,Medium,1,425.46,2,Self-Care Sena (Facebook One-Timers)
EA-00598,36,Female,Suburban,48500,Skincare,Groupon,Mobile,5.8,High,1,344.63,0,Gayab Grahak (Groupon One-Timers)
EA-04421,30,Female,Suburban,74000,Bargains,Facebook Ad,Mobile,4.9,High,1,564.37,2,Self-Care Sena (Facebook One-Timers)
EA-02251,38,Female,Urban,43500,Anti-aging,Groupon,Mobile,1.6,Medium,2,369.2,0,Gayab Grahak (Groupon One-Timers)
EA-04032,36,Female,Urban,30000,Skincare,Facebook Ad,Mobile,4.8,High,1,260.97,2,Self-Care Sena (Facebook One-Timers)
EA-02284,55,Female,Suburban,140500,Anti-aging,Organic Search,Desktop,19.6,Low,4,1938.33,1,Glow Ke Nawab (Organic VIPs)
EA-00663,36,Female,Urban,40000,Bargains,Facebook Ad,Mobile,0.4,High,1,458.5,2,Self-Care Sena (Facebook One-Timers)
EA-04964,22,Female,Rural,49000,Bargains,Facebook Ad,Tablet,5.7,High,1,382.74,2,Self-Care Sena (Facebook One-Timers)
EA-02286,41,Female,Urban,40500,Skincare,Facebook Ad,Mobile,2.8,Medium,1,442.34,2,Self-Care Sena (Facebook One-Timers)
EA-04717,43,Female,Suburban,72500,Wellness,Facebook Ad,Mobile,2.1,High,1,267.76,2,Self-Care Sena (Facebook One-Timers)
EA-03194,50,Female,Suburban,101500,Wellness,Organic Search,Desktop,14.4,Medium,4,2475.18,1,Glow Ke Nawab (Organic VIPs)
EA-02504,45,Female,Urban,69000,Skincare,Organic Search,Mobile,11.4,Low,3,2500.0,1,Glow Ke Nawab (Organic VIPs)
EA-04044,40,Female,Urban,39500,Wellness,Referral,Tablet,5.9,High,2,870.53,3,Hamesha 25 Club (Referral Regulars)
EA-00780,34,Female,Suburban,120500,Wellness,Organic Search,Desktop,21.0,Low,5,1715.56,1,Glow Ke Nawab (Organic VIPs)
EA-04020,33,Male,Suburban,92000,Anti-aging,Organic Search,Desktop,9.3,Low,3,2382.97,1,Glow Ke Nawab (Organic VIPs)
EA-03427,21,Female,Rural,45500,Bargains,Facebook Ad,Mobile,3.1,High,1,452.16,2,Self-Care Sena (Facebook One-Timers)
EA-04307,23,Female,Urban,59000,Bargains,Groupon,Mobile,2.5,High,1,469.37,0,Gayab Grahak (Groupon One-Timers)
EA-03197,41,Female,Urban,42000,Skincare,Groupon,Mobile,3.9,Medium,1,409.94,0,Gayab Grahak (Groupon One-Timers)
EA-04836,44,Female,Rural,74500,Anti-aging,Organic Search,Desktop,16.4,Low,4,1466.72,1,Glow Ke Nawab (Organic VIPs)
EA-00686,32,Female,Suburban,39000,Bargains,Facebook Ad,Tablet,4.3,High,1,180.61,2,Self-Care Sena (Facebook One-Timers)
EA-03170,31,Female,Urban,65500,Bargains,Groupon,Mobile,3.0,Medium,1,482.49,0,Gayab Grahak (Groupon One-Timers)
EA-03927,24,Male,Suburban,71000,Bargains,Groupon,Mobile,3.6,High,1,522.32,0,Gayab Grahak (Groupon One-Timers)
EA-03435,32,Non-binary,Urban,58000,Skincare,Facebook Ad,Mobile,3.6,High,1,339.5,2,Self-Care Sena (Facebook One-Timers)
EA-02172,40,Female,Urban,57000,Skincare,Facebook Ad,Mobile,3.7,Low,1,501.69,2,Self-Care Sena (Facebook One-Timers)
EA-03690,34,Female,Urban,38000,Bargains,Facebook Ad,Mobile,3.4,Medium,1,356.72,2,Self-Care Sena (Facebook One-Timers)
EA-01851,19,Female,Suburban,39500,Bargains,Facebook Ad,Mobile,2.5,Medium,1,302.3,2,Self-Care Sena (Facebook One-Timers)
EA-00488,39,Male,Urban,61500,Skincare,Facebook Ad,Desktop,0.4,Medium,1,224.87,2,Self-Care Sena (Facebook One-Timers)
EA-01689,29,Female,Urban,44500,Bargains,Groupon,Mobile,1.8,High,1,416.02,0,Gayab Grahak (Groupon One-Timers)
EA-02231,32,Female,Rural,51500,Skincare,Facebook Ad,Mobile,3.6,High,1,488.52,2,Self-Care Sena (Facebook One-Timers)
EA-03265,28,Female,Urban,50000,Bargains,Facebook Ad,Desktop,3.6,High,1,398.08,2,Self-Care Sena (Facebook One-Timers)
EA-02321,33,Female,Urban,36500,Skincare,Facebook Ad,Mobile,4.7,High,1,462.37,2,Self-Care Sena (Facebook One-Timers)
EA-00783,22,Female,Urban,46500,Skincare,Groupon,Mobile,4.7,High,1,316.24,0,Gayab Grahak (Groupon One-Timers)
EA-00522,25,Female,Urban,30000,Bargains,Facebook Ad,Mobile,2.8,High,1,307.96,2,Self-Care Sena (Facebook One-Timers)
EA-00523,38,Female,Rural,61500,Bargains,Facebook Ad,Mobile,2.9,High,1,228.68,2,Self-Care Sena (Facebook One-Timers)
EA-02838,40,Male,Suburban,68000,Skincare,Facebook Ad,Mobile,0.4,High,1,336.39,2,Self-Care Sena (Facebook One-Timers)
EA-04540,20,Female,Suburban,50500,Bargains,Facebook Ad,Mobile,1.9,High,1,268.26,2,Self-Care Sena (Facebook One-Timers)
EA-02399,30,Female,Urban,62000,Bargains,Facebook Ad,Mobile,2.8,High,1,447.58,2,Self-Care Sena (Facebook One-Timers)
EA-02208,41,Male,Urban,40500,Skincare,Groupon,Mobile,3.4,High,1,407.0,0,Gayab Grahak (Groupon One-Timers)
EA-03478,27,Female,Suburban,90000,Wellness,Referral,Mobile,12.7,Medium,2,772.68,3,Hamesha 25 Club (Referral Regulars)
EA-03553,25,Female,Urban,50000,Bargains,Facebook Ad,Desktop,7.2,Medium,1,297.63,2,Self-Care Sena (Facebook One-Timers)
EA-04088,31,Female,Urban,66000,Bargains,Groupon,Desktop,3.6,Medium,1,473.85,0,Gayab Grahak (Groupon One-Timers)
EA-02823,31,Non-binary,Urban,49000,Bargains,Facebook Ad,Desktop,7.5,High,4,169.14,2,Self-Care Sena (Facebook One-Timers)
EA-01512,39,Female,Urban,54500,Bargains,Facebook Ad,Mobile,5.4,High,1,260.88,2,Self-Care Sena (Facebook One-Timers)
EA-01883,33,Female,Urban,71000,Wellness,Facebook Ad,Desktop,1.7,Low,1,388.8,2,Self-Care Sena (Facebook One-Timers)
EA-00652,39,Female,Suburban,49500,Wellness,Referral,Mobile,9.6,Low,3,933.78,3,Hamesha 25 Club (Referral Regulars)
EA-04931,46,Female,Urban,74000,Wellness,Organic Search,Desktop,9.4,Low,3,2019.66,1,Glow Ke Nawab (Organic VIPs)
EA-03090,47,Female,Rural,102000,Bargains,Referral,Desktop,5.8,High,1,557.48,3,Hamesha 25 Club (Referral Regulars)
EA-00370,50,Female,Urban,91000,Wellness,Referral,Tablet,6.5,Medium,1,627.43,3,Hamesha 25 Club (Referral Regulars)
EA-04998,29,Male,Urban,70500,Bargains,Groupon,Mobile,4.4,High,1,342.48,0,Gayab Grahak (Groupon One-Timers)
EA-00119,29,Female,Suburban,48000,Skincare,Groupon,Mobile,2.4,High,1,281.07,0,Gayab Grahak (Groupon One-Timers)
EA-03321,32,Female,Urban,38000,Bargains,Facebook Ad,Mobile,1.5,High,1,417.02,2,Self-Care Sena (Facebook One-Timers)
EA-03035,34,Male,Suburban,60000,Skincare,Referral,Mobile,7.1,Medium,2,722.37,3,Hamesha 25 Club (Referral Regulars)
EA-02217,21,Female,Urban,36000,Skincare,Facebook Ad,Desktop,6.9,High,1,429.57,2,Self-Care Sena (Facebook One-Timers)
EA-03543,35,Female,Urban,81500,Skincare,Organic Search,Desktop,21.7,Low,5,2116.22,1,Glow Ke Nawab (Organic VIPs)
EA-01614,24,Female,Suburban,55000,Bargains,Facebook Ad,Mobile,1.9,Medium,1,150.0,2,Self-Care Sena (Facebook One-Timers)
EA-03152,35,Female,Suburban,57500,Skincare,Groupon,Mobile,1.9,High,1,422.24,0,Gayab Grahak (Groupon One-Timers)
EA-00963,23,Male,Rural,30000,Bargains,Facebook Ad,Tablet,5.6,Medium,1,572.58,2,Self-Care Sena (Facebook One-Timers)
EA-02511,19,Female,Suburban,61500,Bargains,Groupon,Mobile,5.4,High,1,298.85,0,Gayab Grahak (Groupon One-Timers)
EA-03832,34,Female,Suburban,69000,Skincare,Groupon,Mobile,5.4,Medium,1,443.58,0,Gayab Grahak (Groupon One-Timers)
EA-02824,36,Female,Urban,122000,Skincare,Referral,Desktop,11.7,Medium,1,561.24,3,Hamesha 25 Club (Referral Regulars)
EA-04344,38,Female,Rural,59500,Bargains,Facebook Ad,Mobile,5.1,High,1,363.43,2,Self-Care Sena (Facebook One-Timers)
EA-03033,23,Female,Suburban,82000,Anti-aging,Facebook Ad,Mobile,7.3,Medium,1,517.71,2,Self-Care Sena (Facebook One-Timers)
EA-02416,30,Female,Urban,27500,Bargains,Facebook Ad,Desktop,0.4,High,1,435.63,2,Self-Care Sena (Facebook One-Timers)
EA-04655,37,Female,Suburban,49000,Anti-aging,Groupon,Mobile,4.3,High,1,448.79,0,Gayab Grahak (Groupon One-Timers)
EA-04237,19,Male,Urban,64000,Bargains,Facebook Ad,Mobile,3.4,High,3,337.57,2,Self-Care Sena (Facebook One-Timers)
EA-02186,40,Female,Suburban,55000,Bargains,Facebook Ad,Mobile,0.4,High,1,339.92,2,Self-Care Sena (Facebook One-Timers)
EA-03670,33,Non-binary,Rural,61500,Bargains,Groupon,Mobile,3.6,Medium,1,380.41,0,Gayab Grahak (Groupon One-Timers)
EA-02038,40,Female,Suburban,92500,Bargains,Facebook Ad,Mobile,7.4,Medium,1,480.08,3,Hamesha 25 Club (Referral Regulars)
EA-04363,60,Female,Rural,82000,Anti-aging,Organic Search,Desktop,20.1,Medium,4,2392.1,1,Glow Ke Nawab (Organic VIPs)
EA-00773,26,Male,Rural,74000,Bargains,Groupon,Tablet,4.1,High,2,408.29,0,Gayab Grahak (Groupon One-Timers)
EA-01285,32,Female,Suburban,80500,Skincare,Referral,Desktop,11.0,Medium,2,761.19,3,Hamesha 25 Club (Referral Regulars)
EA-04604,39,Female,Suburban,84500,Anti-aging,Organic Search,Desktop,6.6,Low,3,1928.55,1,Glow Ke Nawab (Organic VIPs)
EA-04795,25,Female,Suburban,54500,Bargains,Facebook Ad,Mobile,5.1,Medium,1,232.13,2,Self-Care Sena (Facebook One-Timers)
EA-01415,37,Female,Urban,66000,Skincare,Facebook Ad,Mobile,0.7,High,1,328.47,2,Self-Care Sena (Facebook One-Timers)
EA-01235,28,Female,Suburban,39500,Bargains,Facebook Ad,Desktop,3.0,High,1,482.49,2,Self-Care Sena (Facebook One-Timers)
EA-02700,42,Female,Urban,145000,Anti-aging,Organic Search,Desktop,22.0,Medium,6,1597.27,1,Glow Ke Nawab (Organic VIPs)
EA-00436,34,Female,Urban,61000,Bargains,Facebook Ad,Mobile,4.3,Low,1,212.28,2,Self-Care Sena (Facebook One-Timers)
EA-01675,55,Female,Suburban,161500,Anti-aging,Organic Search,Desktop,17.3,Medium,4,1870.52,1,Glow Ke Nawab (Organic VIPs)
EA-00366,29,Female,Urban,45500,Bargains,Groupon,Tablet,1.2,High,1,529.68,0,Gayab Grahak (Groupon One-Timers)
EA-02650,49,Female,Suburban,118500,Wellness,Organic Search,Mobile,28.1,Low,5,1960.49,1,Glow Ke Nawab (Organic VIPs)
EA-00232,35,Male,Rural,63000,Wellness,Groupon,Mobile,2.7,High,1,496.19,0,Gayab Grahak (Groupon One-Timers)
EA-04268,44,Female,Suburban,125000,Skincare,Organic Search,Mobile,12.6,Medium,4,1155.51,1,Glow Ke Nawab (Organic VIPs)
EA-04042,42,Female,Urban,108000,Skincare,Organic Search,Desktop,18.1,Low,4,2170.17,1,Glow Ke Nawab (Organic VIPs)
EA-04400,42,Male,Suburban,108000,Anti-aging,Organic Search,Mobile,17.0,Low,3,2311.23,1,Glow Ke Nawab (Organic VIPs)
EA-00408,46,Male,Urban,123500,Anti-aging,Organic Search,Mobile,8.1,Medium,3,2492.51,1,Glow Ke Nawab (Organic VIPs)
EA-02091,21,Female,Suburban,49500,Bargains,Facebook Ad,Mobile,1.4,High,1,323.27,2,Self-Care Sena (Facebook One-Timers)
EA-00087,50,Female,Suburban,73000,Wellness,Organic Search,Desktop,19.4,High,3,1391.28,1,Glow Ke Nawab (Organic VIPs)
EA-00845,37,Male,Urban,62000,Skincare,Facebook Ad,Mobile,4.0,Medium,1,289.76,2,Self-Care Sena (Facebook One-Timers)
EA-01032,52,Female,Urban,116000,Anti-aging,Organic Search,Desktop,13.1,Low,3,2204.7,1,Glow Ke Nawab (Organic VIPs)
EA-02856,44,Female,Urban,82000,Skincare,Referral,Mobile,3.8,Low,1,496.51,3,Hamesha 25 Club (Referral Regulars)
EA-04110,21,Female,Suburban,66500,Bargains,Groupon,Mobile,4.4,High,1,425.1,0,Gayab Grahak (Groupon One-Timers)
EA-04397,22,Female,Urban,93500,Bargains,Facebook Ad,Desktop,1.1,High,1,284.43,2,Self-Care Sena (Facebook One-Timers)
EA-03894,27,Female,Suburban,50000,Skincare,Groupon,Desktop,5.3,High,1,150.0,0,Gayab Grahak (Groupon One-Timers)
EA-02659,26,Female,Suburban,27500,Bargains,Facebook Ad,Mobile,5.3,High,1,354.81,2,Self-Care Sena (Facebook One-Timers)
EA-00856,24,Male,Suburban,33500,Bargains,Groupon,Mobile,6.8,High,1,226.67,0,Gayab Grahak (Groupon One-Timers)
EA-00079,32,Male,Urban,64500,Bargains,Groupon,Mobile,1.4,Medium,1,441.09,0,Gayab Grahak (Groupon One-Timers)
EA-02248,34,Non-binary,Suburban,67000,Bargains,Groupon,Desktop,6.8,High,1,388.25,0,Gayab Grahak (Groupon One-Timers)
EA-04571,29,Male,Urban,51000,Bargains,Facebook Ad,Mobile,0.8,High,1,241.56,2,Self-Care Sena (Facebook One-Timers)
EA-03657,30,Female,Suburban,48500,Bargains,Facebook Ad,Mobile,3.6,High,1,408.14,2,Self-Care Sena (Facebook One-Timers)
EA-04152,31,Female,Suburban,38000,Bargains,Groupon,Mobile,1.6,High,1,411.64,0,Gayab Grahak (Groupon One-Timers)
EA-03379,23,Female,Suburban,52000,Bargains,Groupon,Mobile,3.3,High,1,333.79,0,Gayab Grahak (Groupon One-Timers)
EA-02280,42,Female,Suburban,36000,Bargains,Groupon,Mobile,5.0,High,2,399.19,0,Gayab Grahak (Groupon One-Timers)
EA-02599,36,Female,Suburban,78000,Skincare,Referral,Mobile,10.2,Low,2,638.88,3,Hamesha 25 Club (Referral Regulars)
EA-04160,36,Female,Rural,48500,Bargains,Facebook Ad,Mobile,3.2,High,1,467.13,2,Self-Care Sena (Facebook One-Timers)
EA-03871,30,Female,Suburban,58500,Wellness,Facebook Ad,Mobile,0.4,High,1,203.05,2,Self-Care Sena (Facebook One-Timers)
EA-03429,63,Female,Rural,89000,Wellness,Referral,Desktop,5.5,High,3,1128.46,3,Hamesha 25 Club (Referral Regulars)
EA-02177,22,Male,Suburban,66000,Skincare,Groupon,Mobile,6.2,High,1,150.0,0,Gayab Grahak (Groupon One-Timers)
EA-00425,41,Female,Suburban,56500,Bargains,Groupon,Mobile,7.1,High,1,280.07,0,Gayab Grahak (Groupon One-Timers)
EA-00393,30,Female,Urban,63500,Wellness,Groupon,Mobile,0.6,High,1,150.0,0,Gayab Grahak (Groupon One-Timers)
EA-04727,58,Female,Suburban,130500,Skincare,Organic Search,Desktop,16.1,Low,3,1718.27,1,Glow Ke Nawab (Organic VIPs)
EA-03694,37,Female,Urban,44500,Skincare,Groupon,Mobile,0.7,High,1,420.09,0,Gayab Grahak (Groupon One-Timers)
EA-00105,40,Female,Suburban,70500,Wellness,Organic Search,Mobile,15.2,Medium,5,1779.24,1,Glow Ke Nawab (Organic VIPs)
EA-03995,36,Female,Suburban,61000,Bargains,Facebook Ad,Mobile,5.1,High,1,383.29,2,Self-Care Sena (Facebook One-Timers)
EA-04413,41,Male,Urban,105000,Anti-aging,Organic Search,Desktop,8.5,Medium,2,1799.1,1,Glow Ke Nawab (Organic VIPs)
EA-01949,43,Female,Urban,62000,Bargains,Facebook Ad,Desktop,4.2,High,1,323.13,2,Self-Care Sena (Facebook One-Timers)
EA-01460,19,Non-binary,Urban,47000,Bargains,Facebook Ad,Mobile,2.7,High,1,319.22,2,Self-Care Sena (Facebook One-Timers)
EA-03258,25,Female,Urban,75000,Bargains,Facebook Ad,Mobile,1.6,Medium,1,431.23,2,Self-Care Sena (Facebook One-Timers)
EA-02804,28,Male,Urban,47500,Anti-aging,Groupon,Mobile,5.1,High,2,325.81,0,Gayab Grahak (Groupon One-Timers)
EA-02707,48,Female,Suburban,83000,Bargains,Referral,Mobile,8.5,High,3,818.86,3,Hamesha 25 Club (Referral Regulars)
EA-04790,35,Female,Rural,171000,Bargains,Organic Search,Desktop,3.2,Low,2,2500.0,1,Glow Ke Nawab (Organic VIPs)
EA-01588,39,Female,Urban,40000,Bargains,Groupon,Mobile,3.0,High,1,158.02,0,Gayab Grahak (Groupon One-Timers)
EA-03660,37,Female,Suburban,48000,Bargains,Facebook Ad,Mobile,2.5,Medium,1,372.04,2,Self-Care Sena (Facebook One-Timers)
EA-01732,20,Female,Urban,63500,Bargains,Facebook Ad,Mobile,3.5,High,1,308.66,2,Self-Care Sena (Facebook One-Timers)
EA-04765,32,Male,Urban,82000,Wellness,Groupon,Mobile,3.5,High,1,368.71,0,Gayab Grahak (Groupon One-Timers)
EA-04225,21,Female,Suburban,42500,Bargains,Facebook Ad,Desktop,3.7,Medium,1,395.73,2,Self-Care Sena (Facebook One-Timers)
EA-03682,25,Female,Suburban,61000,Bargains,Facebook Ad,Mobile,3.4,High,1,341.18,2,Self-Care Sena (Facebook One-Timers)
EA-01792,39,Female,Rural,59500,Skincare,Facebook Ad,Mobile,3.4,High,1,327.59,2,Self-Care Sena (Facebook One-Timers)
EA-02356,56,Female,Suburban,124000,Anti-aging,Organic Search,Desktop,18.7,Low,5,2133.98,1,Glow Ke Nawab (Organic VIPs)
EA-01941,19,Female,Suburban,71500,Bargains,Facebook Ad,Mobile,7.3,High,3,348.05,2,Self-Care Sena (Facebook One-Timers)
EA-00703,33,Female,Urban,65000,Bargains,Facebook Ad,Mobile,1.8,High,1,333.33,2,Self-Care Sena (Facebook One-Timers)
EA-02443,47,Male,Suburban,63000,Wellness,Facebook Ad,Tablet,4.2,Medium,1,241.44,2,Self-Care Sena (Facebook One-Timers)
EA-04376,24,Female,Urban,56500,Bargains,Facebook Ad,Mobile,3.0,High,1,377.51,2,Self-Care Sena (Facebook One-Timers)
EA-00497,32,Male,Suburban,64000,Bargains,Groupon,Desktop,3.4,High,1,226.98,0,Gayab Grahak (Groupon One-Timers)
EA-00465,24,Female,Urban,65500,Wellness,Groupon,Mobile,5.8,Medium,1,217.72,0,Gayab Grahak (Groupon One-Timers)
EA-04072,22,Female,Rural,59500,Bargains,Groupon,Desktop,6.0,High,1,430.42,0,Gayab Grahak (Groupon One-Timers)
EA-04334,26,Female,Urban,63000,Bargains,Groupon,Mobile,3.9,Medium,1,495.74,0,Gayab Grahak (Groupon One-Timers)
EA-00173,26,Female,Suburban,43000,Bargains,Facebook Ad,Mobile,3.7,Medium,1,250.95,2,Self-Care Sena (Facebook One-Timers)
EA-04944,49,Male,Suburban,97500,Skincare,Referral,Desktop,14.9,Medium,2,431.53,3,Hamesha 25 Club (Referral Regulars)
EA-04797,20,Female,Urban,62000,Bargains,Facebook Ad,Mobile,1.1,High,2,475.44,2,Self-Care Sena (Facebook One-Timers)
EA-02541,22,Female,Urban,85000,Bargains,Groupon,Mobile,3.1,Low,1,573.45,0,Gayab Grahak (Groupon One-Timers)
EA-03263,20,Male,Suburban,49000,Wellness,Facebook Ad,Mobile,4.4,High,1,150.0,2,Self-Care Sena (Facebook One-Timers)
EA-04681,46,Male,Suburban,103500,Skincare,Referral,Tablet,9.2,Low,1,342.62,3,Hamesha 25 Club (Referral Regulars)
EA-02261,42,Female,Urban,81000,Skincare,Organic Search,Mobile,24.1,Low,4,1653.68,1,Glow Ke Nawab (Organic VIPs)
EA-02113,35,Female,Rural,62500,Skincare,Facebook Ad,Tablet,6.1,Medium,1,373.47,2,Self-Care Sena (Facebook One-Timers)
EA-00901,23,Female,Suburban,72500,Bargains,Groupon,Mobile,4.7,High,1,318.31,0,Gayab Grahak (Groupon One-Timers)
EA-01447,56,Female,Suburban,66500,Skincare,Referral,Tablet,13.9,Low,3,836.08,3,Hamesha 25 Club (Referral Regulars)
EA-03574,38,Female,Urban,75500,Bargains,Groupon,Mobile,4.5,Medium,3,375.48,3,Hamesha 25 Club (Referral Regulars)
EA-00742,30,Female,Suburban,54500,Bargains,Facebook Ad,Mobile,2.1,Medium,1,266.24,2,Self-Care Sena (Facebook One-Timers)
EA-02294,34,Female,Suburban,58000,Bargains,Facebook Ad,Mobile,2.9,High,1,317.45,2,Self-Care Sena (Facebook One-Timers)
EA-02453,30,Female,Suburban,58000,Skincare,Groupon,Mobile,4.8,Medium,1,292.64,0,Gayab Grahak (Groupon One-Timers)
EA-02623,26,Female,Urban,64000,Bargains,Facebook Ad,Mobile,5.7,High,1,509.07,2,Self-Care Sena (Facebook One-Timers)
EA-04079,40,Female,Urban,63500,Bargains,Facebook Ad,Tablet,6.3,High,1,461.41,2,Self-Care Sena (Facebook One-Timers)
EA-01207,35,Female,Suburban,42500,Anti-aging,Groupon,Mobile,1.0,High,1,484.81,0,Gayab Grahak (Groupon One-Timers)
EA-00510,27,Female,Urban,89000,Bargains,Facebook Ad,Mobile,2.8,High,1,312.31,2,Self-Care Sena (Facebook One-Timers)
EA-02621,29,Female,Urban,94000,Anti-aging,Organic Search,Tablet,8.2,Low,3,1878.24,1,Glow Ke Nawab (Organic VIPs)
EA-02803,27,Female,Urban,39500,Anti-aging,Facebook Ad,Mobile,3.7,High,1,309.36,2,Self-Care Sena (Facebook One-Timers)
EA-03314,19,Female,Urban,32500,Wellness,Groupon,Mobile,0.5,High,1,425.26,0,Gayab Grahak (Groupon One-Timers)
EA-01550,40,Female,Suburban,31500,Skincare,Facebook Ad,Desktop,3.3,Medium,1,292.07,2,Self-Care Sena (Facebook One-Timers)
EA-04564,43,Female,Suburban,119500,Anti-aging,Organic Search,Mobile,15.0,Low,5,2255.59,1,Glow Ke Nawab (Organic VIPs)
EA-02203,41,Female,Urban,73000,Anti-aging,Referral,Desktop,11.1,Medium,3,687.96,3,Hamesha 25 Club (Referral Regulars)
EA-02567,28,Female,Urban,52500,Bargains,Facebook Ad,Tablet,1.5,High,1,254.95,2,Self-Care Sena (Facebook One-Timers)
EA-03893,24,Female,Urban,66000,Anti-aging,Groupon,Tablet,4.4,High,1,670.76,0,Gayab Grahak (Groupon One-Timers)
EA-02045,54,Male,Suburban,91000,Wellness,Referral,Mobile,4.9,Low,2,888.92,3,Hamesha 25 Club (Referral Regulars)
EA-00768,30,Female,Urban,83000,Bargains,Facebook Ad,Mobile,4.5,High,2,402.82,2,Self-Care Sena (Facebook One-Timers)
EA-04873,47,Male,Suburban,117500,Skincare,Organic Search,Mobile,13.1,Low,3,1985.23,1,Glow Ke Nawab (Organic VIPs)
EA-03739,41,Female,Rural,99500,Anti-aging,Organic Search,Mobile,17.1,Medium,5,1474.43,1,Glow Ke Nawab (Organic VIPs)
EA-00422,25,Female,Suburban,37500,Wellness,Facebook Ad,Mobile,3.9,High,1,362.75,2,Self-Care Sena (Facebook One-Timers)
EA-00124,19,Female,Suburban,22000,Bargains,Groupon,Mobile,5.7,High,1,429.94,0,Gayab Grahak (Groupon One-Timers)
EA-04163,54,Female,Suburban,136000,Wellness,Organic Search,Tablet,17.3,Low,3,2034.44,1,Glow Ke Nawab (Organic VIPs)
EA-02629,38,Male,Urban,64500,Bargains,Facebook Ad,Mobile,3.2,High,2,285.15,2,Self-Care Sena (Facebook One-Timers)
EA-00820,38,Female,Urban,72500,Skincare,Facebook Ad,Mobile,2.6,High,1,160.18,2,Self-Care Sena (Facebook One-Timers)
EA-01404,39,Female,Urban,38500,Skincare,Facebook Ad,Mobile,4.0,High,1,241.17,2,Self-Care Sena (Facebook One-Timers)
EA-01383,31,Female,Urban,59000,Bargains,Groupon,Tablet,1.5,High,1,529.73,0,Gayab Grahak (Groupon One-Timers)
EA-02149,43,Female,Suburban,108000,Anti-aging,Organic Search,Desktop,13.5,Low,5,2035.82,1,Glow Ke Nawab (Organic VIPs)
EA-01576,31,Female,Urban,50500,Bargains,Facebook Ad,Desktop,7.7,High,1,298.86,2,Self-Care Sena (Facebook One-Timers)
EA-01639,34,Male,Urban,62500,Bargains,Facebook Ad,Mobile,0.5,High,3,295.93,2,Self-Care Sena (Facebook One-Timers)
EA-01796,28,Female,Urban,48500,Bargains,Facebook Ad,Mobile,0.8,High,1,382.56,2,Self-Care Sena (Facebook One-Timers)
EA-04816,35,Female,Suburban,76000,Bargains,Facebook Ad,Mobile,5.1,High,1,171.74,2,Self-Care Sena (Facebook One-Timers)
EA-00400,33,Female,Suburban,62500,Bargains,Groupon,Mobile,5.0,Medium,1,333.8,0,Gayab Grahak (Groupon One-Timers)
EA-02311,56,Female,Urban,106000,Bargains,Referral,Mobile,3.0,Low,2,882.95,3,Hamesha 25 Club (Referral Regulars)
EA-00883,40,Male,Suburban,108000,Anti-aging,Referral,Tablet,15.3,Low,4,961.67,1,Glow Ke Nawab (Organic VIPs)
EA-04974,39,Female,Suburban,85000,Anti-aging,Organic Search,Mobile,17.5,Low,5,2042.46,1,Glow Ke Nawab (Organic VIPs)
EA-02898,41,Female,Suburban,48000,Anti-aging,Facebook Ad,Mobile,2.7,Medium,1,383.45,2,Self-Care Sena (Facebook One-Timers)
EA-01353,32,Male,Rural,54000,Bargains,Facebook Ad,Mobile,3.8,Medium,1,467.5,2,Self-Care Sena (Facebook One-Timers)
EA-02743,28,Male,Urban,64500,Bargains,Facebook Ad,Mobile,0.4,High,1,342.33,2,Self-Care Sena (Facebook One-Timers)
EA-04551,31,Female,Urban,78000,Wellness,Facebook Ad,Mobile,7.9,Medium,1,283.62,2,Self-Care Sena (Facebook One-Timers)
EA-02131,29,Female,Urban,59000,Bargains,Facebook Ad,Desktop,4.7,High,1,265.13,2,Self-Care Sena (Facebook One-Timers)
EA-00983,52,Female,Suburban,81500,Bargains,Organic Search,Desktop,12.2,Medium,3,1859.03,1,Glow Ke Nawab (Organic VIPs)
EA-00457,65,Female,Urban,100000,Skincare,Referral,Mobile,13.1,Low,3,920.64,3,Hamesha 25 Club (Referral Regulars)
EA-04120,34,Female,Suburban,60000,Bargains,Groupon,Desktop,5.0,High,1,540.23,0,Gayab Grahak (Groupon One-Timers)
EA-01080,25,Female,Suburban,66500,Bargains,Facebook Ad,Mobile,3.2,High,1,150.0,2,Self-Care Sena (Facebook One-Timers)
EA-01951,47,Female,Urban,93000,Skincare,Referral,Desktop,12.3,Low,2,780.5,3,Hamesha 25 Club (Referral Regulars)
EA-04315,38,Female,Suburban,32500,Bargains,Facebook Ad,Desktop,3.6,High,1,413.86,2,Self-Care Sena (Facebook One-Timers)
EA-00690,20,Female,Suburban,32500,Bargains,Groupon,Mobile,4.4,Medium,1,411.81,0,Gayab Grahak (Groupon One-Timers)
EA-02430,51,Female,Suburban,139000,Skincare,Organic Search,Desktop,14.8,Low,3,1930.48,1,Glow Ke Nawab (Organic VIPs)
EA-00642,40,Female,Suburban,102500,Anti-aging,Organic Search,Tablet,3.9,Medium,4,1943.3,1,Glow Ke Nawab (Organic VIPs)
EA-02393,39,Female,Rural,49500,Bargains,Facebook Ad,Mobile,3.4,High,1,249.89,2,Self-Care Sena (Facebook One-Timers)
EA-01954,39,Female,Suburban,115500,Skincare,Referral,Mobile,6.5,Low,1,918.45,3,Hamesha 25 Club (Referral Regulars)
EA-02749,24,Female,Suburban,28500,Bargains,Groupon,Tablet,3.3,Medium,1,468.81,0,Gayab Grahak (Groupon One-Timers)
EA-04314,54,Female,Urban,126000,Skincare,Organic Search,Mobile,11.1,Low,5,2476.85,1,Glow Ke Nawab (Organic VIPs)
EA-03436,30,Female,Suburban,38000,Bargains,Groupon,Mobile,0.4,High,1,150.0,0,Gayab Grahak (Groupon One-Timers)
EA-03337,30,Male,Urban,30000,Wellness,Groupon,Mobile,5.2,High,1,362.64,0,Gayab Grahak (Groupon One-Timers)
EA-04767,45,Female,Suburban,92000,Skincare,Organic Search,Mobile,13.1,Low,4,2350.67,1,Glow Ke Nawab (Organic VIPs)
EA-03371,33,Female,Rural,118500,Skincare,Referral,Tablet,3.3,Medium,1,905.39,3,Hamesha 25 Club (Referral Regulars)
EA-01885,37,Female,Rural,41000,Bargains,Facebook Ad,Mobile,0.4,High,1,240.4,2,Self-Care Sena (Facebook One-Timers)
EA-00390,47,Female,Suburban,75000,Anti-aging,Organic Search,Mobile,11.6,Low,3,1403.42,1,Glow Ke Nawab (Organic VIPs)
EA-02495,45,Female,Suburban,96500,Anti-aging,Organic Search,Mobile,14.0,Medium,3,2164.81,1,Glow Ke Nawab (Organic VIPs)
EA-03879,28,Female,Urban,73000,Bargains,Facebook Ad,Mobile,2.0,High,1,287.88,2,Self-Care Sena (Facebook One-Timers)
EA-03857,62,Female,Suburban,100500,Skincare,Organic Search,Mobile,10.1,Low,4,2500.0,1,Glow Ke Nawab (Organic VIPs)
EA-00846,48,Female,Suburban,113500,Anti-aging,Organic Search,Mobile,11.8,Low,3,2395.11,1,Glow Ke Nawab (Organic VIPs)
EA-00543,43,Female,Suburban,120500,Anti-aging,Organic Search,Mobile,15.1,Low,3,2126.48,1,Glow Ke Nawab (Organic VIPs)
EA-00092,60,Female,Urban,112000,Wellness,Organic Search,Desktop,10.9,Low,2,1802.79,1,Glow Ke Nawab (Organic VIPs)
EA-03890,32,Female,Urban,23500,Bargains,Facebook Ad,Mobile,0.4,Medium,1,270.01,2,Self-Care Sena (Facebook One-Timers)
EA-01980,36,Female,Suburban,61000,Skincare,Facebook Ad,Mobile,0.8,Low,1,357.75,2,Self-Care Sena (Facebook One-Timers)
EA-02813,58,Male,Suburban,89000,Anti-aging,Organic Search,Mobile,14.7,Low,5,1991.26,1,Glow Ke Nawab (Organic VIPs)
EA-04083,39,Male,Suburban,106000,Wellness,Organic Search,Mobile,12.8,Low,1,1102.42,3,Hamesha 25 Club (Referral Regulars)
EA-02903,30,Female,Urban,53000,Bargains,Facebook Ad,Mobile,4.9,Low,1,221.72,2,Self-Care Sena (Facebook One-Timers)
EA-02530,38,Female,Urban,62500,Bargains,Groupon,Mobile,3.8,High,1,326.59,0,Gayab Grahak (Groupon One-Timers)
EA-01677,41,Female,Urban,74500,Skincare,Organic Search,Mobile,18.3,Low,5,2287.31,1,Glow Ke Nawab (Organic VIPs)
EA-01049,42,Female,Suburban,112000,Skincare,Organic Search,Mobile,10.3,Medium,2,2500.0,1,Glow Ke Nawab (Organic VIPs)
EA-01961,26,Female,Urban,57500,Bargains,Groupon,Mobile,2.7,High,1,370.71,0,Gayab Grahak (Groupon One-Timers)
EA-02531,19,Female,Suburban,29500,Bargains,Groupon,Mobile,2.9,High,1,374.3,0,Gayab Grahak (Groupon One-Timers)
EA-03993,32,Male,Suburban,61500,Bargains,Facebook Ad,Mobile,3.6,High,1,380.9,2,Self-Care Sena (Facebook One-Timers)
EA-00238,34,Female,Suburban,116500,Anti-aging,Organic Search,Desktop,24.3,Low,3,1426.38,1,Glow Ke Nawab (Organic VIPs)
EA-03098,22,Male,Suburban,67000,Bargains,Facebook Ad,Mobile,8.9,High,1,530.86,2,Self-Care Sena (Facebook One-Timers)
EA-03489,42,Female,Urban,59500,Bargains,Facebook Ad,Mobile,4.0,High,1,224.86,2,Self-Care Sena (Facebook One-Timers)
EA-01134,35,Female,Urban,124500,Skincare,Organic Search,Desktop,17.1,Low,4,1185.77,1,Glow Ke Nawab (Organic VIPs)
EA-01806,52,Female,Urban,140000,Anti-aging,Organic Search,Mobile,18.1,Medium,4,1861.02,1,Glow Ke Nawab (Organic VIPs)
EA-04318,59,Female,Urban,113500,Skincare,Organic Search,Tablet,6.6,Medium,2,2405.3,1,Glow Ke Nawab (Organic VIPs)
EA-00164,33,Female,Suburban,53000,Bargains,Facebook Ad,Mobile,3.1,High,3,325.81,2,Self-Care Sena (Facebook One-Timers)
EA-03493,57,Female,Urban,117500,Skincare,Organic Search,Desktop,14.7,Medium,3,1866.19,1,Glow Ke Nawab (Organic VIPs)
EA-04710,32,Female,Suburban,85500,Bargains,Facebook Ad,Desktop,7.7,Medium,1,354.1,2,Self-Care Sena (Facebook One-Timers)
EA-04631,37,Female,Rural,48500,Bargains,Facebook Ad,Mobile,1.6,Medium,1,382.73,2,Self-Care Sena (Facebook One-Timers)
EA-03454,26,Female,Urban,68000,Wellness,Facebook Ad,Desktop,4.9,High,1,310.14,2,Self-Care Sena (Facebook One-Timers)
EA-03200,43,Female,Urban,71000,Anti-aging,Referral,Desktop,17.5,Medium,3,918.39,3,Hamesha 25 Club (Referral Regulars)
EA-03635,19,Male,Urban,35000,Skincare,Groupon,Mobile,3.7,High,1,204.49,0,Gayab Grahak (Groupon One-Timers)
EA-03940,37,Female,Urban,69000,Bargains,Facebook Ad,Mobile,4.1,High,1,362.61,2,Self-Care Sena (Facebook One-Timers)
EA-01812,27,Female,Urban,40500,Skincare,Groupon,Mobile,5.3,Medium,1,451.45,0,Gayab Grahak (Groupon One-Timers)
EA-03650,67,Female,Suburban,88500,Anti-aging,Organic Search,Desktop,10.9,Medium,3,1905.07,1,Glow Ke Nawab (Organic VIPs)
EA-04050,53,Female,Suburban,99000,Skincare,Organic Search,Tablet,14.8,Medium,3,2413.54,1,Glow Ke Nawab (Organic VIPs)
EA-01429,45,Male,Urban,86500,Skincare,Organic Search,Mobile,10.6,Low,4,2220.72,1,Glow Ke Nawab (Organic VIPs)
EA-03614,45,Non-binary,Suburban,90000,Skincare,Referral,Mobile,8.3,High,2,579.66,3,Hamesha 25 Club (Referral Regulars)
EA-03132,50,Female,Urban,69500,Skincare,Referral,Mobile,8.8,Low,1,516.26,3,Hamesha 25 Club (Referral Regulars)
EA-03397,32,Female,Suburban,60000,Bargains,Facebook Ad,Mobile,4.1,Medium,1,468.97,2,Self-Care Sena (Facebook One-Timers)
EA-04461,22,Female,Suburban,47500,Bargains,Groupon,Mobile,3.2,Medium,1,477.52,0,Gayab Grahak (Groupon One-Timers)
EA-04650,34,Female,Urban,53500,Bargains,Groupon,Mobile,2.7,High,1,471.88,0,Gayab Grahak (Groupon One-Timers)
EA-02821,27,Female,Suburban,32000,Bargains,Facebook Ad,Mobile,0.8,High,1,345.54,2,Self-Care Sena (Facebook One-Timers)
EA-01453,32,Female,Suburban,90000,Wellness,Organic Search,Mobile,5.9,High,1,976.29,0,Gayab Grahak (Groupon One-Timers)
EA-00594,19,Female,Rural,71000,Bargains,Groupon,Mobile,5.4,High,1,498.54,0,Gayab Grahak (Groupon One-Timers)
EA-00042,49,Female,Rural,106000,Wellness,Organic Search,Mobile,11.1,High,5,2417.87,1,Glow Ke Nawab (Organic VIPs)
EA-00561,37,Female,Urban,67000,Bargains,Facebook Ad,Desktop,2.0,High,1,430.08,2,Self-Care Sena (Facebook One-Timers)
EA-03274,36,Female,Urban,115000,Skincare,Organic Search,Desktop,22.2,Medium,4,1505.75,1,Glow Ke Nawab (Organic VIPs)
EA-03245,30,Female,Suburban,60500,Skincare,Facebook Ad,Mobile,2.1,Medium,1,315.39,2,Self-Care Sena (Facebook One-Timers)
EA-00244,37,Female,Rural,56500,Bargains,Groupon,Mobile,6.2,High,1,564.82,0,Gayab Grahak (Groupon One-Timers)
EA-01340,19,Male,Rural,22000,Bargains,Facebook Ad,Mobile,6.6,High,1,610.34,2,Self-Care Sena (Facebook One-Timers)
EA-02781,19,Female,Urban,67500,Bargains,Facebook Ad,Mobile,3.4,High,3,629.48,2,Self-Care Sena (Facebook One-Timers)
EA-03188,50,Female,Suburban,120000,Skincare,Organic Search,Desktop,16.2,Low,4,2500.0,1,Glow Ke Nawab (Organic VIPs)
EA-03800,28,Female,Rural,49000,Bargains,Facebook Ad,Mobile,3.1,High,1,342.17,2,Self-Care Sena (Facebook One-Timers)
EA-01443,34,Female,Suburban,58000,Skincare,Facebook Ad,Mobile,0.4,Medium,1,361.3,2,Self-Care Sena (Facebook One-Timers)
EA-00262,39,Female,Suburban,96500,Skincare,Organic Search,Desktop,19.6,Medium,4,1776.35,1,Glow Ke Nawab (Organic VIPs)
EA-02765,29,Female,Urban,43500,Bargains,Facebook Ad,Tablet,6.1,High,1,528.89,2,Self-Care Sena (Facebook One-Timers)
EA-01690,30,Female,Urban,23000,Bargains,Facebook Ad,Mobile,5.6,High,3,412.37,2,Self-Care Sena (Facebook One-Timers)
EA-01726,36,Male,Rural,38500,Bargains,Facebook Ad,Mobile,7.8,Medium,1,492.57,2,Self-Care Sena (Facebook One-Timers)
EA-04793,40,Female,Urban,48500,Bargains,Facebook Ad,Mobile,7.6,Medium,1,263.99,2,Self-Care Sena (Facebook One-Timers)
EA-00835,45,Male,Urban,90000,Skincare,Organic Search,Desktop,13.0,Medium,3,2073.42,1,Glow Ke Nawab (Organic VIPs)
EA-01867,37,Female,Urban,111500,Wellness,Referral,Desktop,7.1,High,2,533.89,3,Hamesha 25 Club (Referral Regulars)
EA-02497,26,Female,Urban,53500,Bargains,Groupon,Mobile,3.7,Medium,1,568.54,0,Gayab Grahak (Groupon One-Timers)
EA-02011,30,Female,Urban,53500,Bargains,Facebook Ad,Mobile,7.3,High,1,331.32,2,Self-Care Sena (Facebook One-Timers)
EA-00341,40,Female,Urban,47000,Bargains,Facebook Ad,Desktop,3.6,High,1,439.16,2,Self-Care Sena (Facebook One-Timers)
EA-02989,27,Female,Urban,66000,Skincare,Facebook Ad,Mobile,2.1,High,3,323.21,2,Self-Care Sena (Facebook One-Timers)
EA-01602,33,Female,Suburban,68500,Bargains,Facebook Ad,Tablet,0.4,High,1,314.5,2,Self-Care Sena (Facebook One-Timers)
EA-03876,24,Non-binary,Urban,44000,Skincare,Groupon,Desktop,0.4,High,1,234.35,0,Gayab Grahak (Groupon One-Timers)
EA-04695,21,Female,Suburban,46000,Bargains,Facebook Ad,Mobile,2.2,High,1,527.19,2,Self-Care Sena (Facebook One-Timers)
EA-00481,30,Female,Suburban,53000,Bargains,Facebook Ad,Mobile,5.1,High,1,317.56,2,Self-Care Sena (Facebook One-Timers)
EA-02826,30,Female,Urban,77000,Anti-aging,Organic Search,Mobile,5.1,Medium,4,1863.26,1,Glow Ke Nawab (Organic VIPs)
EA-04330,42,Female,Suburban,87500,Skincare,Referral,Mobile,10.9,Medium,3,898.2,3,Hamesha 25 Club (Referral Regulars)
EA-03541,46,Female,Suburban,113000,Wellness,Organic Search,Mobile,5.8,Low,4,1885.62,1,Glow Ke Nawab (Organic VIPs)
EA-04639,19,Female,Urban,44000,Skincare,Facebook Ad,Mobile,2.4,High,1,150.0,2,Self-Care Sena (Facebook One-Timers)
EA-03047,28,Male,Urban,30500,Skincare,Groupon,Tablet,7.1,High,1,267.96,0,Gayab Grahak (Groupon One-Timers)
EA-03991,46,Male,Urban,89000,Skincare,Referral,Mobile,9.4,Low,2,951.65,3,Hamesha 25 Club (Referral Regulars)
EA-01767,33,Female,Suburban,88000,Anti-aging,Referral,Mobile,11.0,Medium,1,1211.27,3,Hamesha 25 Club (Referral Regulars)
EA-04474,21,Female,Suburban,57500,Bargains,Facebook Ad,Desktop,5.3,High,1,357.58,2,Self-Care Sena (Facebook One-Timers)
EA-02454,40,Female,Rural,123000,Anti-aging,Organic Search,Mobile,16.7,Medium,5,1553.6,1,Glow Ke Nawab (Organic VIPs)
EA-02878,25,Female,Rural,68000,Bargains,Facebook Ad,Desktop,4.3,High,1,235.5,2,Self-Care Sena (Facebook One-Timers)
EA-03816,26,Female,Rural,30000,Bargains,Facebook Ad,Desktop,3.8,High,1,294.7,2,Self-Care Sena (Facebook One-Timers)
EA-04017,19,Male,Suburban,37500,Skincare,Facebook Ad,Mobile,1.8,High,1,500.88,2,Self-Care Sena (Facebook One-Timers)
EA-04678,32,Female,Urban,56500,Bargains,Facebook Ad,Mobile,3.1,Medium,3,360.17,2,Self-Care Sena (Facebook One-Timers)
EA-03680,28,Male,Urban,39500,Skincare,Facebook Ad,Tablet,6.3,High,1,512.12,2,Self-Care Sena (Facebook One-Timers)
EA-01272,19,Female,Urban,35500,Bargains,Facebook Ad,Desktop,3.7,High,1,515.11,2,Self-Care Sena (Facebook One-Timers)
EA-03078,31,Female,Urban,30500,Bargains,Groupon,Mobile,4.5,High,1,289.22,0,Gayab Grahak (Groupon One-Timers)
EA-04502,31,Female,Urban,61500,Bargains,Groupon,Mobile,4.6,High,1,150.0,0,Gayab Grahak (Groupon One-Timers)
EA-03095,29,Female,Suburban,53500,Bargains,Groupon,Mobile,5.9,Medium,1,371.22,0,Gayab Grahak (Groupon One-Timers)
EA-04654,30,Female,Suburban,69000,Bargains,Facebook Ad,Tablet,2.5,High,1,207.38,2,Self-Care Sena (Facebook One-Timers)
EA-00348,29,Female,Rural,40000,Bargains,Facebook Ad,Mobile,5.8,High,1,346.81,2,Self-Care Sena (Facebook One-Timers)
EA-03882,43,Female,Rural,77000,Anti-aging,Referral,Mobile,6.9,High,2,863.56,3,Hamesha 25 Club (Referral Regulars)
EA-04624,44,Female,Urban,67500,Anti-aging,Referral,Desktop,11.4,Medium,3,1079.56,3,Hamesha 25 Club (Referral Regulars)
EA-02563,42,Female,Suburban,62000,Wellness,Organic Search,Mobile,20.0,Low,4,1926.55,1,Glow Ke Nawab (Organic VIPs)
EA-04591,35,Female,Suburban,52500,Bargains,Facebook Ad,Mobile,4.0,High,2,457.66,2,Self-Care Sena (Facebook One-Timers)
EA-01424,25,Female,Rural,26500,Bargains,Facebook Ad,Mobile,5.2,Medium,1,325.17,2,Self-Care Sena (Facebook One-Timers)
EA-00657,53,Female,Urban,105000,Wellness,Organic Search,Mobile,25.1,Low,5,1947.05,1,Glow Ke Nawab (Organic VIPs)
EA-02103,31,Female,Suburban,146000,Anti-aging,Organic Search,Desktop,6.9,Low,3,2094.43,1,Glow Ke Nawab (Organic VIPs)
EA-00633,32,Female,Urban,35500,Skincare,Facebook Ad,Tablet,2.8,High,1,150.0,2,Self-Care Sena (Facebook One-Timers)
EA-02893,26,Female,Urban,78000,Wellness,Groupon,Tablet,2.9,High,1,294.91,0,Gayab Grahak (Groupon One-Timers)
EA-02494,52,Female,Urban,65000,Anti-aging,Referral,Mobile,7.4,Low,2,745.34,3,Hamesha 25 Club (Referral Regulars)
EA-02666,42,Female,Urban,86500,Anti-aging,Organic Search,Mobile,13.4,Low,4,2113.12,1,Glow Ke Nawab (Organic VIPs)
EA-04016,25,Female,Suburban,71000,Anti-aging,Groupon,Mobile,0.8,High,1,265.29,0,Gayab Grahak (Groupon One-Timers)
EA-03663,47,Male,Urban,54000,Skincare,Referral,Desktop,8.5,Low,3,520.51,3,Hamesha 25 Club (Referral Regulars)
EA-03308,37,Female,Suburban,82500,Bargains,Facebook Ad,Mobile,2.4,High,1,272.54,2,Self-Care Sena (Facebook One-Timers)
EA-03097,31,Female,Suburban,81500,Bargains,Facebook Ad,Tablet,2.8,High,1,329.92,2,Self-Care Sena (Facebook One-Timers)
EA-03920,37,Female,Urban,62000,Bargains,Groupon,Mobile,6.0,High,1,352.48,0,Gayab Grahak (Groupon One-Timers)
EA-02501,33,Female,Urban,43500,Bargains,Facebook Ad,Mobile,5.5,Medium,1,527.89,2,Self-Care Sena (Facebook One-Timers)
EA-01466,34,Female,Urban,61500,Skincare,Organic Search,Mobile,6.6,Medium,3,1960.16,1,Glow Ke Nawab (Organic VIPs)
EA-02834,31,Female,Suburban,47000,Skincare,Organic Search,Mobile,12.2,Low,2,1562.72,3,Hamesha 25 Club (Referral Regulars)
EA-00116,39,Female,Urban,59500,Skincare,Organic Search,Mobile,17.6,Medium,3,2146.87,1,Glow Ke Nawab (Organic VIPs)
EA-01822,43,Female,Suburban,77500,Bargains,Groupon,Mobile,3.4,High,1,442.14,0,Gayab Grahak (Groupon One-Timers)
EA-01495,30,Female,Urban,70000,Skincare,Groupon,Mobile,6.8,High,1,404.53,0,Gayab Grahak (Groupon One-Timers)
EA-02402,42,Female,Urban,113000,Skincare,Organic Search,Tablet,11.9,Low,4,2500.0,1,Glow Ke Nawab (Organic VIPs)
EA-01233,30,Female,Rural,40500,Bargains,Facebook Ad,Mobile,4.1,Medium,1,390.2,2,Self-Care Sena (Facebook One-Timers)
EA-02662,23,Female,Suburban,85500,Bargains,Facebook Ad,Tablet,0.4,Medium,1,359.68,2,Self-Care Sena (Facebook One-Timers)
EA-04101,26,Female,Rural,31500,Bargains,Facebook Ad,Mobile,4.7,High,1,246.17,2,Self-Care Sena (Facebook One-Timers)
EA-04574,36,Male,Urban,53500,Bargains,Facebook Ad,Mobile,2.8,High,1,257.19,2,Self-Care Sena (Facebook One-Timers)
EA-01154,33,Female,Suburban,43500,Bargains,Facebook Ad,Mobile,6.3,High,1,268.78,2,Self-Care Sena (Facebook One-Timers)
EA-03849,25,Male,Suburban,45000,Bargains,Facebook Ad,Tablet,3.7,High,1,271.82,2,Self-Care Sena (Facebook One-Timers)
EA-00058,25,Female,Urban,42500,Bargains,Groupon,Tablet,5.0,High,1,212.83,0,Gayab Grahak (Groupon One-Timers)
EA-04105,28,Male,Urban,107500,Skincare,Referral,Mobile,17.1,Medium,2,979.88,3,Hamesha 25 Club (Referral Regulars)
EA-04289,31,Female,Suburban,77000,Wellness,Referral,Mobile,7.3,Low,3,978.01,3,Hamesha 25 Club (Referral Regulars)
EA-04946,46,Female,Rural,99500,Skincare,Organic Search,Desktop,13.0,Low,4,1705.26,1,Glow Ke Nawab (Organic VIPs)
EA-01736,36,Female,Urban,126500,Skincare,Organic Search,Desktop,24.9,Low,5,1917.99,1,Glow Ke Nawab (Organic VIPs)
EA-02197,28,Female,Urban,51500,Bargains,Facebook Ad,Mobile,4.6,Medium,1,412.47,2,Self-Care Sena (Facebook One-Timers)
EA-03554,38,Female,Suburban,86500,Bargains,Groupon,Desktop,5.3,Medium,1,357.82,0,Gayab Grahak (Groupon One-Timers)
EA-02476,23,Female,Suburban,53000,Bargains,Facebook Ad,Mobile,3.5,High,1,335.56,2,Self-Care Sena (Facebook One-Timers)
EA-02565,30,Female,Urban,68000,Skincare,Groupon,Mobile,4.8,High,1,491.56,0,Gayab Grahak (Groupon One-Timers)
EA-03159,57,Female,Urban,94500,Anti-aging,Referral,Tablet,15.6,Low,2,596.63,3,Hamesha 25 Club (Referral Regulars)
EA-04035,29,Female,Urban,48500,Bargains,Facebook Ad,Mobile,0.4,High,1,269.66,2,Self-Care Sena (Facebook One-Timers)
EA-03656,23,Female,Urban,47500,Bargains,Facebook Ad,Mobile,1.9,Low,1,300.11,2,Self-Care Sena (Facebook One-Timers)
EA-00708,59,Female,Urban,106500,Anti-aging,Organic Search,Mobile,16.3,Low,3,2370.15,1,Glow Ke Nawab (Organic VIPs)
EA-04281,26,Female,Suburban,43500,Bargains,Facebook Ad,Mobile,1.7,High,1,365.09,2,Self-Care Sena (Facebook One-Timers)
EA-01094,31,Female,Suburban,45000,Bargains,Facebook Ad,Mobile,0.4,High,1,197.38,2,Self-Care Sena (Facebook One-Timers)
EA-04840,32,Female,Suburban,58500,Bargains,Facebook Ad,Mobile,2.2,High,1,150.0,2,Self-Care Sena (Facebook One-Timers)
EA-01377,41,Female,Urban,125000,Skincare,Organic Search,Desktop,19.0,Low,5,1997.8,1,Glow Ke Nawab (Organic VIPs)
EA-04914,47,Female,Suburban,94500,Skincare,Referral,Desktop,10.2,Low,3,727.88,3,Hamesha 25 Club (Referral Regulars)
EA-00073,34,Female,Suburban,57000,Anti-aging,Organic Search,Mobile,21.1,Low,5,2484.07,1,Glow Ke Nawab (Organic VIPs)
EA-01923,28,Female,Rural,72500,Bargains,Groupon,Mobile,5.3,High,1,266.19,0,Gayab Grahak (Groupon One-Timers)
EA-03174,41,Female,Urban,153500,Wellness,Referral,Mobile,11.9,Low,3,563.16,3,Hamesha 25 Club (Referral Regulars)
EA-01765,24,Female,Urban,44000,Bargains,Facebook Ad,Mobile,2.4,Low,1,150.0,2,Self-Care Sena (Facebook One-Timers)
EA-00744,27,Female,Urban,59500,Bargains,Facebook Ad,Mobile,3.1,High,1,318.11,2,Self-Care Sena (Facebook One-Timers)
EA-04319,38,Female,Suburban,67000,Anti-aging,Organic Search,Desktop,18.1,Medium,5,1819.54,1,Glow Ke Nawab (Organic VIPs)
EA-01006,31,Female,Rural,33000,Bargains,Facebook Ad,Mobile,2.4,Medium,1,673.16,2,Self-Care Sena (Facebook One-Timers)
EA-02669,31,Female,Suburban,37000,Bargains,Groupon,Mobile,4.3,High,3,291.45,0,Gayab Grahak (Groupon One-Timers)
EA-01191,41,Male,Urban,37000,Bargains,Groupon,Mobile,2.1,High,1,224.01,0,Gayab Grahak (Groupon One-Timers)
EA-04632,27,Female,Urban,71500,Bargains,Groupon,Mobile,2.0,High,1,505.86,0,Gayab Grahak (Groupon One-Timers)
EA-02602,46,Female,Suburban,92500,Wellness,Organic Search,Desktop,20.8,Low,5,1493.78,1,Glow Ke Nawab (Organic VIPs)
EA-01126,22,Female,Urban,60000,Bargains,Groupon,Mobile,8.4,Medium,1,274.96,0,Gayab Grahak (Groupon One-Timers)
EA-01242,36,Female,Urban,61500,Anti-aging,Facebook Ad,Desktop,0.8,High,1,183.66,2,Self-Care Sena (Facebook One-Timers)
EA-04607,45,Female,Urban,86000,Anti-aging,Organic Search,Mobile,13.2,Medium,4,2344.9,1,Glow Ke Nawab (Organic VIPs)
EA-04131,42,Female,Urban,117500,Skincare,Organic Search,Desktop,7.7,Low,2,2273.37,1,Glow Ke Nawab (Organic VIPs)
EA-03443,31,Male,Suburban,82000,Bargains,Facebook Ad,Mobile,0.4,High,1,153.0,2,Self-Care Sena (Facebook One-Timers)
EA-00999,37,Female,Rural,67500,Skincare,Referral,Desktop,2.8,Medium,2,1040.61,3,Hamesha 25 Club (Referral Regulars)
EA-03387,32,Female,Urban,53500,Bargains,Groupon,Mobile,4.2,High,1,169.44,0,Gayab Grahak (Groupon One-Timers)
EA-02685,27,Male,Suburban,40500,Bargains,Facebook Ad,Mobile,4.5,High,1,600.12,2,Self-Care Sena (Facebook One-Timers)
EA-01578,48,Female,Suburban,111000,Wellness,Organic Search,Tablet,18.8,Low,4,2212.68,1,Glow Ke Nawab (Organic VIPs)
EA-04791,34,Female,Rural,69000,Skincare,Groupon,Mobile,4.2,High,1,468.66,0,Gayab Grahak (Groupon One-Timers)
EA-01827,23,Female,Urban,42500,Bargains,Groupon,Mobile,2.6,High,1,150.0,0,Gayab Grahak (Groupon One-Timers)
EA-03293,28,Female,Suburban,49500,Bargains,Groupon,Desktop,5.9,Medium,1,450.03,0,Gayab Grahak (Groupon One-Timers)
EA-04990,37,Female,Urban,48000,Bargains,Facebook Ad,Mobile,4.7,High,1,300.19,2,Self-Care Sena (Facebook One-Timers)
EA-03537,32,Female,Suburban,74000,Anti-aging,Facebook Ad,Desktop,3.8,High,1,216.7,2,Self-Care Sena (Facebook One-Timers)
EA-00441,42,Male,Suburban,103000,Anti-aging,Organic Search,Desktop,17.7,Low,5,2029.11,1,Glow Ke Nawab (Organic VIPs)
EA-04952,35,Female,Suburban,58000,Anti-aging,Organic Search,Desktop,23.1,Low,5,1725.16,1,Glow Ke Nawab (Organic VIPs)
EA-01101,30,Female,Urban,50000,Bargains,Facebook Ad,Mobile,2.2,High,1,563.25,2,Self-Care Sena (Facebook One-Timers)
EA-04011,19,Female,Urban,78000,Bargains,Facebook Ad,Mobile,2.4,High,1,415.99,2,Self-Care Sena (Facebook One-Timers)
EA-03059,29,Non-binary,Urban,55000,Bargains,Facebook Ad,Mobile,1.7,Medium,1,370.88,2,Self-Care Sena (Facebook One-Timers)
EA-00650,31,Female,Urban,66000,Bargains,Facebook Ad,Mobile,6.9,High,1,422.77,2,Self-Care Sena (Facebook One-Timers)
EA-01547,30,Female,Urban,63500,Bargains,Facebook Ad,Tablet,3.6,High,1,286.63,2,Self-Care Sena (Facebook One-Timers)
EA-04757,26,Female,Urban,52000,Bargains,Groupon,Mobile,4.3,High,1,527.64,0,Gayab Grahak (Groupon One-Timers)
EA-03561,70,Female,Urban,96000,Anti-aging,Organic Search,Desktop,17.5,Low,4,1992.21,1,Glow Ke Nawab (Organic VIPs)
EA-03887,47,Female,Urban,87500,Wellness,Referral,Mobile,12.3,Low,3,555.48,3,Hamesha 25 Club (Referral Regulars)
EA-03742,30,Female,Suburban,43000,Wellness,Facebook Ad,Tablet,5.0,High,2,579.75,2,Self-Care Sena (Facebook One-Timers)
EA-00631,31,Female,Urban,72000,Anti-aging,Referral,Mobile,4.4,Low,1,1015.99,3,Hamesha 25 Club (Referral Regulars)
EA-00673,48,Non-binary,Urban,82500,Anti-aging,Referral,Mobile,8.0,Medium,3,856.8,3,Hamesha 25 Club (Referral Regulars)
EA-01250,41,Female,Urban,138000,Wellness,Referral,Mobile,6.0,Medium,3,788.05,3,Hamesha 25 Club (Referral Regulars)
EA-00483,23,Female,Suburban,53000,Skincare,Groupon,Desktop,7.2,Medium,1,392.01,0,Gayab Grahak (Groupon One-Timers)
EA-01585,24,Female,Urban,53000,Bargains,Groupon,Mobile,3.1,Medium,1,750.0,0,Gayab Grahak (Groupon One-Timers)
EA-03075,40,Female,Suburban,107500,Wellness,Organic Search,Desktop,15.8,Medium,3,2496.83,1,Glow Ke Nawab (Organic VIPs)
EA-04628,43,Female,Suburban,35500,Anti-aging,Facebook Ad,Tablet,4.1,Medium,1,339.0,2,Self-Care Sena (Facebook One-Timers)
EA-03039,30,Female,Urban,51000,Bargains,Facebook Ad,Mobile,0.9,High,1,331.31,2,Self-Care Sena (Facebook One-Timers)
EA-01463,36,Female,Rural,76000,Skincare,Facebook Ad,Mobile,3.5,High,1,400.61,2,Self-Care Sena (Facebook One-Timers)
EA-03930,39,Female,Urban,91500,Anti-aging,Referral,Desktop,7.4,Medium,2,780.05,3,Hamesha 25 Club (Referral Regulars)
EA-03622,38,Female,Urban,58000,Bargains,Facebook Ad,Desktop,3.5,High,1,375.3,2,Self-Care Sena (Facebook One-Timers)
EA-02579,27,Female,Suburban,57500,Bargains,Facebook Ad,Mobile,2.5,High,1,401.82,2,Self-Care Sena (Facebook One-Timers)
EA-03802,34,Female,Suburban,53500,Skincare,Facebook Ad,Mobile,0.4,High,1,385.4,2,Self-Care Sena (Facebook One-Timers)
EA-00050,35,Female,Urban,53000,Bargains,Facebook Ad,Mobile,3.0,High,1,277.1,2,Self-Care Sena (Facebook One-Timers)
EA-04290,25,Female,Urban,47000,Bargains,Groupon,Desktop,5.3,High,3,150.0,0,Gayab Grahak (Groupon One-Timers)
EA-03345,33,Female,Urban,68500,Bargains,Groupon,Desktop,0.9,High,1,393.15,0,Gayab Grahak (Groupon One-Timers)
EA-00859,26,Female,Urban,47500,Bargains,Facebook Ad,Mobile,5.2,Medium,1,265.56,2,Self-Care Sena (Facebook One-Timers)
EA-01073,34,Female,Suburban,74000,Bargains,Groupon,Mobile,2.8,High,3,468.97,0,Gayab Grahak (Groupon One-Timers)
EA-00720,60,Female,Urban,75500,Anti-aging,Referral,Mobile,7.1,Low,1,443.47,3,Hamesha 25 Club (Referral Regulars)
EA-03718,49,Female,Urban,137500,Skincare,Organic Search,Desktop,14.4,Low,5,1835.85,1,Glow Ke Nawab (Organic VIPs)
EA-02632,28,Female,Urban,53500,Skincare,Groupon,Mobile,1.8,High,1,380.41,0,Gayab Grahak (Groupon One-Timers)
EA-04874,44,Female,Suburban,55000,Bargains,Groupon,Mobile,3.5,High,1,356.73,0,Gayab Grahak (Groupon One-Timers)
EA-01661,35,Female,Urban,60500,Bargains,Facebook Ad,Tablet,6.5,Medium,1,150.0,2,Self-Care Sena (Facebook One-Timers)
EA-01657,29,Female,Suburban,22500,Bargains,Facebook Ad,Mobile,4.5,Medium,1,265.47,2,Self-Care Sena (Facebook One-Timers)
EA-02426,48,Female,Urban,96000,Anti-aging,Organic Search,Desktop,20.8,Low,4,1400.42,1,Glow Ke Nawab (Organic VIPs)
EA-03525,40,Female,Suburban,57000,Bargains,Groupon,Tablet,7.0,High,1,261.49,0,Gayab Grahak (Groupon One-Timers)
EA-04230,19,Female,Urban,69500,Bargains,Facebook Ad,Mobile,4.9,Medium,1,189.11,2,Self-Care Sena (Facebook One-Timers)
EA-04975,33,Female,Urban,57000,Bargains,Groupon,Desktop,3.5,Medium,2,306.22,0,Gayab Grahak (Groupon One-Timers)
EA-03310,31,Female,Urban,47500,Skincare,Facebook Ad,Mobile,6.8,High,1,236.58,2,Self-Care Sena (Facebook One-Timers)
EA-04477,22,Female,Rural,51500,Bargains,Groupon,Desktop,4.4,Medium,1,602.05,0,Gayab Grahak (Groupon One-Timers)
EA-03306,34,Female,Suburban,84500,Skincare,Facebook Ad,Tablet,2.6,High,3,347.72,2,Self-Care Sena (Facebook One-Timers)
EA-04752,31,Female,Urban,46500,Bargains,Groupon,Desktop,0.4,High,1,421.52,0,Gayab Grahak (Groupon One-Timers)
EA-04127,30,Female,Suburban,84500,Bargains,Groupon,Mobile,0.4,High,1,457.72,0,Gayab Grahak (Groupon One-Timers)
EA-02607,27,Female,Suburban,56500,Anti-aging,Groupon,Mobile,2.5,High,1,331.37,0,Gayab Grahak (Groupon One-Timers)
EA-01386,39,Non-binary,Urban,73000,Skincare,Facebook Ad,Mobile,3.3,High,1,247.51,2,Self-Care Sena (Facebook One-Timers)
EA-03836,25,Female,Urban,40000,Bargains,Groupon,Mobile,0.4,High,1,403.62,0,Gayab Grahak (Groupon One-Timers)
EA-01400,33,Non-binary,Rural,66500,Skincare,Facebook Ad,Mobile,2.4,High,1,506.57,2,Self-Care Sena (Facebook One-Timers)
EA-01196,19,Male,Urban,57000,Bargains,Facebook Ad,Desktop,4.8,Medium,1,471.57,2,Self-Care Sena (Facebook One-Timers)
EA-01409,52,Female,Urban,64000,Anti-aging,Organic Search,Desktop,14.0,Low,3,1415.78,1,Glow Ke Nawab (Organic VIPs)
EA-03825,35,Male,Rural,140500,Wellness,Organic Search,Tablet,10.5,Low,3,2236.19,1,Glow Ke Nawab (Organic VIPs)
EA-01799,34,Male,Rural,49500,Bargains,Groupon,Desktop,1.6,High,1,451.95,0,Gayab Grahak (Groupon One-Timers)
EA-01476,19,Female,Suburban,76500,Bargains,Groupon,Tablet,2.0,Low,1,427.49,0,Gayab Grahak (Groupon One-Timers)
EA-04966,34,Female,Suburban,37500,Bargains,Facebook Ad,Mobile,5.7,High,1,322.41,2,Self-Care Sena (Facebook One-Timers)
EA-00036,32,Female,Urban,77000,Wellness,Facebook Ad,Mobile,3.0,High,1,433.09,2,Self-Care Sena (Facebook One-Timers)
EA-03542,35,Female,Suburban,50500,Bargains,Groupon,Mobile,1.4,Medium,1,574.96,0,Gayab Grahak (Groupon One-Timers)
EA-02346,23,Female,Suburban,22000,Skincare,Facebook Ad,Mobile,0.4,Medium,1,150.0,2,Self-Care Sena (Facebook One-Timers)
EA-04679,34,Female,Suburban,60000,Bargains,Facebook Ad,Mobile,4.9,High,1,359.61,2,Self-Care Sena (Facebook One-Timers)
EA-02360,29,Female,Urban,63000,Bargains,Facebook Ad,Mobile,7.6,High,1,532.16,2,Self-Care Sena (Facebook One-Timers)
EA-02207,47,Female,Urban,89500,Wellness,Organic Search,Mobile,16.4,Medium,4,2440.17,1,Glow Ke Nawab (Organic VIPs)
EA-03768,46,Female,Rural,72500,Skincare,Facebook Ad,Mobile,1.6,High,1,291.17,2,Self-Care Sena (Facebook One-Timers)
EA-01287,19,Female,Urban,70500,Bargains,Facebook Ad,Mobile,3.6,Medium,1,318.82,2,Self-Care Sena (Facebook One-Timers)
EA-00350,25,Female,Suburban,84500,Bargains,Facebook Ad,Mobile,3.5,High,1,406.04,2,Self-Care Sena (Facebook One-Timers)
EA-02138,48,Female,Suburban,125500,Skincare,Organic Search,Mobile,11.6,Low,5,2500.0,1,Glow Ke Nawab (Organic VIPs)
EA-02692,27,Female,Urban,52000,Skincare,Facebook Ad,Mobile,4.9,High,1,418.36,2,Self-Care Sena (Facebook One-Timers)
EA-04561,25,Female,Urban,63000,Anti-aging,Referral,Mobile,2.6,Medium,1,737.1,0,Gayab Grahak (Groupon One-Timers)
EA-03968,33,Female,Rural,32000,Bargains,Facebook Ad,Mobile,5.3,Medium,1,502.61,2,Self-Care Sena (Facebook One-Timers)
EA-01682,37,Female,Suburban,124000,Skincare,Organic Search,Desktop,20.3,Low,5,2395.02,1,Glow Ke Nawab (Organic VIPs)
EA-04835,19,Female,Urban,36000,Bargains,Facebook Ad,Mobile,2.1,High,1,150.0,2,Self-Care Sena (Facebook One-Timers)
EA-01444,36,Female,Suburban,55500,Bargains,Facebook Ad,Mobile,3.5,Medium,1,464.1,2,Self-Care Sena (Facebook One-Timers)
EA-03244,28,Female,Suburban,46500,Bargains,Facebook Ad,Mobile,1.0,High,1,379.91,2,Self-Care Sena (Facebook One-Timers)
EA-01672,30,Female,Urban,66500,Bargains,Groupon,Mobile,2.0,High,1,150.0,0,Gayab Grahak (Groupon One-Timers)
EA-03837,40,Male,Rural,113000,Wellness,Organic Search,Desktop,19.7,Low,3,1887.88,1,Glow Ke Nawab (Organic VIPs)
EA-01180,33,Female,Urban,72500,Bargains,Facebook Ad,Mobile,1.3,Medium,1,406.14,2,Self-Care Sena (Facebook One-Timers)
EA-02799,51,Female,Suburban,157000,Bargains,Organic Search,Desktop,10.3,Low,3,2500.0,1,Glow Ke Nawab (Organic VIPs)
EA-01693,38,Female,Suburban,59000,Bargains,Facebook Ad,Mobile,4.2,High,1,544.86,2,Self-Care Sena (Facebook One-Timers)
EA-03957,59,Female,Urban,104000,Wellness,Referral,Mobile,7.4,High,2,980.98,3,Hamesha 25 Club (Referral Regulars)
EA-00373,31,Female,Urban,63000,Bargains,Facebook Ad,Tablet,0.4,High,1,526.42,2,Self-Care Sena (Facebook One-Timers)
EA-03611,47,Female,Urban,113500,Skincare,Organic Search,Mobile,8.1,Medium,2,2006.7,1,Glow Ke Nawab (Organic VIPs)
EA-01917,54,Female,Suburban,104500,Skincare,Organic Search,Mobile,2.0,Medium,2,1475.94,3,Hamesha 25 Club (Referral Regulars)
EA-01358,19,Female,Suburban,53500,Bargains,Groupon,Mobile,3.0,High,1,394.55,0,Gayab Grahak (Groupon One-Timers)
EA-01826,27,Non-binary,Suburban,51500,Anti-aging,Facebook Ad,Mobile,5.6,High,1,397.19,2,Self-Care Sena (Facebook One-Timers)
EA-00787,38,Female,Urban,116500,Anti-aging,Organic Search,Mobile,18.5,Medium,4,2128.04,1,Glow Ke Nawab (Organic VIPs)
EA-00470,44,Female,Suburban,70500,Skincare,Groupon,Mobile,3.0,High,1,345.27,0,Gayab Grahak (Groupon One-Timers)
EA-00141,21,Male,Urban,33000,Bargains,Groupon,Desktop,6.2,High,1,312.62,0,Gayab Grahak (Groupon One-Timers)
EA-00789,28,Female,Urban,106000,Skincare,Organic Search,Desktop,20.7,Medium,2,2346.81,1,Glow Ke Nawab (Organic VIPs)
EA-00324,21,Non-binary,Suburban,48000,Bargains,Groupon,Mobile,3.9,High,1,338.94,0,Gayab Grahak (Groupon One-Timers)
EA-00051,24,Female,Urban,51500,Bargains,Facebook Ad,Tablet,0.6,High,1,449.21,2,Self-Care Sena (Facebook One-Timers)
EA-00715,34,Female,Suburban,100000,Anti-aging,Organic Search,Desktop,12.5,Medium,4,1997.35,1,Glow Ke Nawab (Organic VIPs)
EA-04890,43,Female,Urban,100000,Skincare,Referral,Tablet,3.1,Low,1,673.89,3,Hamesha 25 Club (Referral Regulars)
EA-02841,28,Female,Suburban,74000,Wellness,Organic Search,Mobile,20.3,Medium,3,1449.68,1,Glow Ke Nawab (Organic VIPs)
EA-02447,31,Female,Suburban,55000,Wellness,Facebook Ad,Mobile,1.7,High,1,398.29,2,Self-Care Sena (Facebook One-Timers)
EA-04814,45,Female,Urban,97500,Wellness,Referral,Desktop,12.6,Medium,2,990.67,3,Hamesha 25 Club (Referral Regulars)
EA-04420,39,Female,Urban,56500,Bargains,Groupon,Mobile,3.1,High,1,341.45,0,Gayab Grahak (Groupon One-Timers)
EA-04597,35,Female,Suburban,49500,Anti-aging,Groupon,Mobile,1.7,Medium,1,352.01,0,Gayab Grahak (Groupon One-Timers)
EA-03016,47,Female,Suburban,93500,Skincare,Organic Search,Desktop,14.1,Low,3,2355.18,1,Glow Ke Nawab (Organic VIPs)
EA-02667,46,Female,Rural,45000,Skincare,Referral,Mobile,11.8,Low,4,801.95,3,Hamesha 25 Club (Referral Regulars)
EA-00407,29,Female,Suburban,45000,Bargains,Facebook Ad,Desktop,1.1,Medium,1,363.67,2,Self-Care Sena (Facebook One-Timers)
EA-03725,33,Female,Urban,72500,Anti-aging,Organic Search,Mobile,6.9,Medium,3,2274.26,1,Glow Ke Nawab (Organic VIPs)
EA-01005,30,Female,Suburban,59500,Bargains,Groupon,Mobile,4.9,Medium,1,499.65,0,Gayab Grahak (Groupon One-Timers)
EA-03788,27,Female,Urban,52000,Wellness,Facebook Ad,Desktop,4.3,High,1,412.62,2,Self-Care Sena (Facebook One-Timers)
EA-00891,34,Male,Suburban,24000,Bargains,Facebook Ad,Mobile,2.4,Medium,1,301.05,2,Self-Care Sena (Facebook One-Timers)
EA-02412,43,Female,Suburban,88500,Bargains,Referral,Mobile,6.2,High,2,300.0,3,Hamesha 25 Club (Referral Regulars)
EA-02546,34,Female,Suburban,54000,Bargains,Facebook Ad,Mobile,4.1,High,1,252.94,2,Self-Care Sena (Facebook One-Timers)
EA-04834,45,Female,Urban,102000,Anti-aging,Organic Search,Desktop,13.2,Low,2,1965.53,1,Glow Ke Nawab (Organic VIPs)
EA-02391,35,Female,Urban,49500,Bargains,Groupon,Mobile,1.0,Medium,1,470.8,0,Gayab Grahak (Groupon One-Timers)
EA-03941,31,Male,Urban,57000,Bargains,Facebook Ad,Mobile,1.6,Medium,1,354.94,2,Self-Care Sena (Facebook One-Timers)
EA-00043,34,Female,Urban,68000,Anti-aging,Organic Search,Desktop,13.2,Low,3,1360.75,1,Glow Ke Nawab (Organic VIPs)
EA-02831,23,Female,Urban,47000,Bargains,Facebook Ad,Desktop,2.7,High,1,457.88,2,Self-Care Sena (Facebook One-Timers)
EA-03966,25,Female,Urban,44000,Wellness,Facebook Ad,Mobile,2.4,High,1,569.96,2,Self-Care Sena (Facebook One-Timers)
EA-00304,33,Male,Urban,38500,Skincare,Groupon,Mobile,5.5,High,1,359.72,0,Gayab Grahak (Groupon One-Timers)
EA-04514,32,Female,Urban,46000,Bargains,Facebook Ad,Mobile,1.1,High,1,561.33,2,Self-Care Sena (Facebook One-Timers)
EA-03748,44,Male,Suburban,99500,Wellness,Organic Search,Desktop,17.4,Medium,4,1471.17,1,Glow Ke Nawab (Organic VIPs)
EA-00665,40,Male,Suburban,32500,Skincare,Facebook Ad,Tablet,2.0,Medium,1,549.52,2,Self-Care Sena (Facebook One-Timers)
EA-01178,30,Female,Urban,23000,Skincare,Facebook Ad,Mobile,4.7,High,1,388.84,2,Self-Care Sena (Facebook One-Timers)
EA-02677,25,Female,Suburban,60000,Bargains,Groupon,Mobile,3.2,High,1,440.19,0,Gayab Grahak (Groupon One-Timers)
EA-01948,25,Female,Suburban,90500,Anti-aging,Referral,Mobile,3.5,Low,2,941.9,3,Hamesha 25 Club (Referral Regulars)
EA-02502,29,Female,Urban,64000,Wellness,Organic Search,Mobile,12.1,Medium,3,2044.44,1,Glow Ke Nawab (Organic VIPs)
EA-01474,25,Male,Urban,47000,Bargains,Groupon,Mobile,3.9,High,1,348.65,0,Gayab Grahak (Groupon One-Timers)
EA-03484,31,Female,Suburban,84000,Anti-aging,Groupon,Mobile,3.9,Medium,1,380.57,0,Gayab Grahak (Groupon One-Timers)
EA-03521,29,Male,Urban,54000,Bargains,Groupon,Desktop,0.4,High,1,472.44,0,Gayab Grahak (Groupon One-Timers)
EA-02133,35,Male,Suburban,102000,Skincare,Referral,Mobile,12.2,High,3,988.59,3,Hamesha 25 Club (Referral Regulars)
EA-01027,43,Female,Suburban,119000,Skincare,Referral,Mobile,4.1,Low,3,1004.46,3,Hamesha 25 Club (Referral Regulars)
EA-00962,19,Female,Rural,61500,Anti-aging,Groupon,Mobile,3.7,High,1,346.12,0,Gayab Grahak (Groupon One-Timers)
EA-02890,39,Female,Urban,54000,Bargains,Facebook Ad,Tablet,5.3,Medium,1,367.81,2,Self-Care Sena (Facebook One-Timers)
EA-03135,31,Male,Rural,95500,Wellness,Organic Search,Desktop,16.0,Low,4,2001.77,1,Glow Ke Nawab (Organic VIPs)
EA-02010,28,Female,Suburban,109500,Wellness,Organic Search,Desktop,16.4,Medium,4,2500.0,1,Glow Ke Nawab (Organic VIPs)
EA-02150,29,Female,Urban,58500,Wellness,Facebook Ad,Mobile,1.8,High,1,476.56,2,Self-Care Sena (Facebook One-Timers)
EA-03324,44,Female,Suburban,81500,Wellness,Organic Search,Mobile,13.0,Low,3,1803.77,1,Glow Ke Nawab (Organic VIPs)
EA-02339,21,Female,Urban,54500,Bargains,Groupon,Mobile,0.4,High,1,294.81,0,Gayab Grahak (Groupon One-Timers)
EA-03889,25,Female,Urban,112000,Skincare,Referral,Mobile,4.9,Low,3,682.82,3,Hamesha 25 Club (Referral Regulars)
EA-00305,47,Female,Rural,106500,Anti-aging,Organic Search,Desktop,15.0,Medium,5,1777.67,1,Glow Ke Nawab (Organic VIPs)
EA-01441,42,Female,Suburban,54000,Bargains,Facebook Ad,Tablet,2.1,Medium,2,154.3,2,Self-Care Sena (Facebook One-Timers)
EA-01497,53,Female,Suburban,88000,Anti-aging,Organic Search,Desktop,9.8,Medium,4,1588.73,1,Glow Ke Nawab (Organic VIPs)
EA-02653,60,Female,Urban,91500,Skincare,Organic Search,Desktop,10.7,Low,5,2275.23,1,Glow Ke Nawab (Organic VIPs)
EA-02876,35,Female,Urban,73500,Bargains,Facebook Ad,Mobile,5.2,High,1,150.0,2,Self-Care Sena (Facebook One-Timers)
EA-00917,28,Female,Rural,94000,Wellness,Facebook Ad,Tablet,3.8,High,1,444.68,2,Self-Care Sena (Facebook One-Timers)
EA-04183,41,Female,Suburban,59000,Wellness,Organic Search,Desktop,14.1,Low,4,1674.37,1,Glow Ke Nawab (Organic VIPs)
EA-03722,29,Male,Urban,60000,Bargains,Groupon,Desktop,5.5,High,1,253.22,0,Gayab Grahak (Groupon One-Timers)
EA-02773,43,Male,Urban,86000,Anti-aging,Organic Search,Desktop,14.8,Low,4,2500.0,1,Glow Ke Nawab (Organic VIPs)
EA-01625,30,Female,Urban,25500,Bargains,Facebook Ad,Mobile,4.5,High,1,482.74,2,Self-Care Sena (Facebook One-Timers)
EA-03838,23,Female,Rural,60500,Bargains,Facebook Ad,Mobile,8.6,High,1,341.16,2,Self-Care Sena (Facebook One-Timers)
EA-00822,36,Female,Suburban,67000,Bargains,Groupon,Mobile,6.8,High,1,304.1,0,Gayab Grahak (Groupon One-Timers)
EA-03965,37,Female,Rural,50500,Bargains,Facebook Ad,Desktop,3.2,Low,1,498.61,2,Self-Care Sena (Facebook One-Timers)
EA-01355,47,Female,Urban,70500,Anti-aging,Organic Search,Desktop,8.1,Medium,4,2212.26,1,Glow Ke Nawab (Organic VIPs)
EA-04498,30,Male,Urban,55000,Bargains,Groupon,Mobile,1.9,Medium,1,491.18,0,Gayab Grahak (Groupon One-Timers)
EA-00851,32,Male,Suburban,58500,Bargains,Facebook Ad,Mobile,3.5,High,1,418.36,2,Self-Care Sena (Facebook One-Timers)
EA-01001,29,Female,Rural,50000,Bargains,Facebook Ad,Mobile,3.4,High,1,435.95,2,Self-Care Sena (Facebook One-Timers)
EA-03378,25,Non-binary,Suburban,108000,Wellness,Referral,Mobile,5.5,High,1,961.16,3,Hamesha 25 Club (Referral Regulars)
EA-00019,33,Male,Suburban,80500,Skincare,Organic Search,Mobile,20.2,Low,3,2500.0,1,Glow Ke Nawab (Organic VIPs)
EA-01638,31,Female,Urban,108500,Skincare,Referral,Mobile,6.7,Low,1,590.34,3,Hamesha 25 Club (Referral Regulars)
EA-01668,27,Male,Suburban,50000,Bargains,Facebook Ad,Mobile,2.6,High,1,232.59,2,Self-Care Sena (Facebook One-Timers)
EA-00494,26,Female,Urban,48000,Bargains,Facebook Ad,Mobile,4.3,Medium,1,283.78,2,Self-Care Sena (Facebook One-Timers)
EA-01348,37,Female,Urban,61000,Bargains,Facebook Ad,Mobile,0.9,High,1,439.19,2,Self-Care Sena (Facebook One-Timers)
EA-03728,27,Female,Rural,36000,Bargains,Facebook Ad,Mobile,5.1,Medium,1,414.04,2,Self-Care Sena (Facebook One-Timers)
EA-04826,31,Female,Urban,70000,Bargains,Facebook Ad,Mobile,4.8,High,1,316.8,2,Self-Care Sena (Facebook One-Timers)
EA-03615,28,Female,Urban,62000,Bargains,Groupon,Mobile,3.9,High,1,295.91,0,Gayab Grahak (Groupon One-Timers)
EA-03482,40,Female,Urban,109000,Anti-aging,Organic Search,Mobile,4.9,Medium,4,1474.0,1,Glow Ke Nawab (Organic VIPs)
EA-00688,33,Male,Suburban,94500,Skincare,Referral,Mobile,10.1,Medium,3,349.49,3,Hamesha 25 Club (Referral Regulars)
EA-03732,46,Female,Suburban,109500,Skincare,Referral,Desktop,11.2,Medium,2,677.85,3,Hamesha 25 Club (Referral Regulars)
EA-01609,48,Female,Suburban,47000,Bargains,Groupon,Mobile,5.9,High,1,509.9,0,Gayab Grahak (Groupon One-Timers)
EA-04085,32,Female,Suburban,42500,Anti-aging,Groupon,Mobile,3.0,Low,1,396.44,0,Gayab Grahak (Groupon One-Timers)
EA-03403,37,Female,Suburban,32000,Bargains,Groupon,Mobile,0.4,High,1,510.16,0,Gayab Grahak (Groupon One-Timers)
EA-01010,22,Female,Suburban,34000,Bargains,Groupon,Mobile,4.6,High,3,362.71,0,Gayab Grahak (Groupon One-Timers)
EA-02409,35,Female,Urban,50500,Bargains,Facebook Ad,Mobile,2.2,Medium,1,308.07,2,Self-Care Sena (Facebook One-Timers)
EA-01093,26,Female,Urban,65500,Bargains,Facebook Ad,Mobile,4.4,High,1,402.37,2,Self-Care Sena (Facebook One-Timers)
EA-01328,37,Male,Rural,59000,Bargains,Groupon,Desktop,2.9,High,1,551.41,0,Gayab Grahak (Groupon One-Timers)
EA-01678,38,Female,Suburban,56000,Bargains,Groupon,Mobile,0.4,High,1,478.41,0,Gayab Grahak (Groupon One-Timers)
EA-02000,19,Female,Urban,34500,Skincare,Groupon,Mobile,5.0,High,1,277.86,0,Gayab Grahak (Groupon One-Timers)
EA-01311,37,Female,Urban,27500,Bargains,Facebook Ad,Mobile,2.4,High,1,371.16,2,Self-Care Sena (Facebook One-Timers)
EA-03259,29,Female,Urban,32500,Bargains,Groupon,Mobile,7.3,High,1,150.0,0,Gayab Grahak (Groupon One-Timers)
EA-01988,47,Female,Rural,105500,Wellness,Organic Search,Desktop,26.8,Medium,4,1723.42,1,Glow Ke Nawab (Organic VIPs)
EA-03649,29,Female,Urban,49500,Wellness,Facebook Ad,Mobile,3.0,Medium,1,468.58,2,Self-Care Sena (Facebook One-Timers)
EA-00345,35,Female,Suburban,110000,Skincare,Organic Search,Desktop,21.2,Medium,4,2156.49,1,Glow Ke Nawab (Organic VIPs)
EA-04483,45,Female,Suburban,86500,Skincare,Organic Search,Desktop,12.5,Low,3,2008.84,1,Glow Ke Nawab (Organic VIPs)
EA-00987,24,Female,Urban,84000,Bargains,Facebook Ad,Mobile,2.7,High,1,234.06,2,Self-Care Sena (Facebook One-Timers)
EA-04545,44,Non-binary,Urban,50000,Skincare,Facebook Ad,Mobile,2.8,High,1,366.58,2,Self-Care Sena (Facebook One-Timers)
EA-03808,31,Male,Urban,38000,Bargains,Groupon,Tablet,3.0,High,1,300.26,0,Gayab Grahak (Groupon One-Timers)
EA-04524,46,Female,Suburban,90500,Anti-aging,Organic Search,Mobile,16.0,Low,3,1384.51,1,Glow Ke Nawab (Organic VIPs)
EA-04003,50,Female,Suburban,116000,Skincare,Organic Search,Desktop,8.5,Low,1,1754.52,1,Glow Ke Nawab (Organic VIPs)
EA-03092,51,Female,Urban,68000,Anti-aging,Referral,Desktop,11.7,Low,1,678.27,3,Hamesha 25 Club (Referral Regulars)
EA-03962,32,Female,Urban,71500,Bargains,Facebook Ad,Mobile,5.8,High,1,428.9,2,Self-Care Sena (Facebook One-Timers)
EA-01143,36,Female,Suburban,79000,Skincare,Organic Search,Desktop,13.5,Medium,4,1609.67,1,Glow Ke Nawab (Organic VIPs)
EA-02359,47,Female,Urban,96500,Skincare,Referral,Desktop,6.8,Medium,3,835.33,3,Hamesha 25 Club (Referral Regulars)
EA-01199,25,Female,Suburban,53000,Bargains,Facebook Ad,Mobile,2.4,High,1,369.24,2,Self-Care Sena (Facebook One-Timers)
EA-00086,24,Female,Suburban,57000,Bargains,Facebook Ad,Mobile,3.3,High,3,356.7,2,Self-Care Sena (Facebook One-Timers)
EA-01519,33,Female,Rural,46500,Bargains,Facebook Ad,Mobile,0.5,Medium,3,353.86,2,Self-Care Sena (Facebook One-Timers)
EA-00517,33,Male,Suburban,58500,Skincare,Facebook Ad,Mobile,4.5,High,1,283.57,2,Self-Care Sena (Facebook One-Timers)
EA-01382,31,Female,Rural,50500,Bargains,Facebook Ad,Mobile,5.8,High,1,464.06,2,Self-Care Sena (Facebook One-Timers)
EA-02717,25,Female,Urban,59000,Bargains,Groupon,Mobile,3.6,High,1,356.85,0,Gayab Grahak (Groupon One-Timers)
EA-03085,34,Male,Urban,105000,Wellness,Organic Search,Mobile,4.0,Medium,2,1354.58,3,Hamesha 25 Club (Referral Regulars)
EA-01015,34,Female,Suburban,61500,Anti-aging,Facebook Ad,Mobile,3.2,Medium,3,258.21,2,Self-Care Sena (Facebook One-Timers)
EA-00129,32,Female,Urban,47000,Skincare,Facebook Ad,Mobile,4.8,Medium,1,412.99,2,Self-Care Sena (Facebook One-Timers)
EA-01365,28,Female,Urban,69000,Skincare,Groupon,Mobile,3.9,High,1,169.48,0,Gayab Grahak (Groupon One-Timers)
EA-03624,49,Female,Suburban,98500,Skincare,Organic Search,Desktop,22.7,Medium,4,1922.13,1,Glow Ke Nawab (Organic VIPs)
EA-04971,40,Female,Urban,52500,Bargains,Groupon,Mobile,2.5,High,1,199.05,0,Gayab Grahak (Groupon One-Timers)
EA-00892,27,Male,Urban,77500,Skincare,Referral,Desktop,7.5,High,3,673.85,3,Hamesha 25 Club (Referral Regulars)
EA-02794,41,Male,Urban,80500,Skincare,Referral,Mobile,5.1,High,2,854.37,3,Hamesha 25 Club (Referral Regulars)
EA-04239,20,Female,Suburban,44500,Bargains,Groupon,Mobile,6.4,High,1,463.59,0,Gayab Grahak (Groupon One-Timers)
EA-01360,46,Female,Urban,60500,Bargains,Facebook Ad,Mobile,3.9,High,1,420.53,2,Self-Care Sena (Facebook One-Timers)
EA-00308,26,Female,Urban,85000,Skincare,Groupon,Mobile,3.4,Medium,1,212.85,0,Gayab Grahak (Groupon One-Timers)
EA-01662,21,Female,Urban,49000,Bargains,Groupon,Mobile,1.4,High,1,443.86,0,Gayab Grahak (Groupon One-Timers)
EA-02432,48,Female,Suburban,153500,Skincare,Organic Search,Mobile,12.5,Low,6,1359.35,1,Glow Ke Nawab (Organic VIPs)
EA-03935,24,Non-binary,Suburban,38000,Bargains,Groupon,Desktop,1.6,High,1,260.5,0,Gayab Grahak (Groupon One-Timers)
EA-01318,30,Male,Suburban,76000,Bargains,Facebook Ad,Mobile,4.5,High,1,420.24,2,Self-Care Sena (Facebook One-Timers)
EA-04304,25,Female,Suburban,57000,Bargains,Facebook Ad,Tablet,1.8,High,1,248.69,2,Self-Care Sena (Facebook One-Timers)
EA-02475,27,Female,Rural,42500,Bargains,Facebook Ad,Desktop,2.8,High,1,572.7,2,Self-Care Sena (Facebook One-Timers)
EA-02543,28,Female,Rural,51000,Bargains,Facebook Ad,Mobile,1.3,High,1,301.68,2,Self-Care Sena (Facebook One-Timers)
EA-01247,24,Female,Rural,69500,Bargains,Groupon,Mobile,3.8,Medium,1,386.08,0,Gayab Grahak (Groupon One-Timers)
EA-01209,26,Female,Rural,26500,Bargains,Facebook Ad,Mobile,3.9,High,1,382.27,2,Self-Care Sena (Facebook One-Timers)
EA-00217,27,Female,Urban,59500,Bargains,Facebook Ad,Desktop,4.2,High,1,264.4,2,Self-Care Sena (Facebook One-Timers)
EA-04293,29,Male,Suburban,62500,Bargains,Facebook Ad,Mobile,4.4,Medium,1,422.07,2,Self-Care Sena (Facebook One-Timers)
EA-03063,27,Female,Urban,69500,Anti-aging,Facebook Ad,Mobile,2.3,Medium,3,414.35,2,Self-Care Sena (Facebook One-Timers)
EA-01240,32,Female,Suburban,60000,Bargains,Facebook Ad,Mobile,8.4,Low,4,475.76,3,Hamesha 25 Club (Referral Regulars)
EA-02290,24,Female,Rural,68500,Wellness,Facebook Ad,Mobile,6.5,High,1,336.18,2,Self-Care Sena (Facebook One-Timers)
EA-02741,25,Female,Rural,57500,Bargains,Facebook Ad,Mobile,4.1,High,1,340.6,2,Self-Care Sena (Facebook One-Timers)
EA-00276,30,Female,Urban,68000,Bargains,Facebook Ad,Tablet,3.3,High,1,306.49,2,Self-Care Sena (Facebook One-Timers)
EA-00490,30,Female,Urban,60000,Bargains,Groupon,Tablet,7.3,High,1,399.29,0,Gayab Grahak (Groupon One-Timers)
EA-01036,23,Female,Urban,55000,Wellness,Groupon,Mobile,6.0,High,1,285.19,0,Gayab Grahak (Groupon One-Timers)
EA-01230,33,Female,Urban,56000,Bargains,Facebook Ad,Mobile,5.7,High,1,273.93,2,Self-Care Sena (Facebook One-Timers)
EA-04586,44,Female,Suburban,120000,Wellness,Organic Search,Desktop,14.4,Medium,3,1635.77,1,Glow Ke Nawab (Organic VIPs)
EA-01009,51,Male,Suburban,87500,Skincare,Organic Search,Mobile,20.0,Medium,5,2216.35,1,Glow Ke Nawab (Organic VIPs)
EA-04690,30,Female,Urban,133000,Anti-aging,Organic Search,Mobile,24.3,Medium,6,1342.42,1,Glow Ke Nawab (Organic VIPs)
EA-04027,44,Female,Urban,74000,Anti-aging,Organic Search,Mobile,14.8,Medium,3,1776.54,1,Glow Ke Nawab (Organic VIPs)
EA-03183,41,Female,Urban,49000,Bargains,Groupon,Mobile,5.2,High,2,383.48,0,Gayab Grahak (Groupon One-Timers)
EA-02533,53,Female,Suburban,99000,Anti-aging,Organic Search,Desktop,2.0,Low,1,1996.91,3,Hamesha 25 Club (Referral Regulars)
EA-04170,42,Female,Urban,56000,Bargains,Groupon,Tablet,4.3,High,1,183.42,0,Gayab Grahak (Groupon One-Timers)
EA-01059,25,Female,Rural,48000,Bargains,Groupon,Mobile,0.8,Medium,1,256.08,0,Gayab Grahak (Groupon One-Timers)
EA-02167,40,Female,Urban,80000,Anti-aging,Referral,Mobile,11.4,Low,2,300.0,3,Hamesha 25 Club (Referral Regulars)
EA-04579,29,Male,Rural,76000,Wellness,Groupon,Mobile,3.2,High,1,540.93,0,Gayab Grahak (Groupon One-Timers)
EA-00282,24,Female,Urban,43500,Skincare,Facebook Ad,Mobile,4.0,High,1,496.59,2,Self-Care Sena (Facebook One-Timers)
EA-03566,49,Female,Urban,78500,Anti-aging,Organic Search,Mobile,11.5,Medium,3,1660.3,1,Glow Ke Nawab (Organic VIPs)
EA-01317,39,Female,Suburban,84500,Bargains,Groupon,Desktop,4.8,High,1,454.27,0,Gayab Grahak (Groupon One-Timers)
EA-04979,41,Female,Urban,57000,Anti-aging,Organic Search,Desktop,16.7,Medium,6,2022.75,1,Glow Ke Nawab (Organic VIPs)
EA-00969,27,Female,Rural,64000,Bargains,Groupon,Mobile,6.5,Medium,1,584.72,0,Gayab Grahak (Groupon One-Timers)
EA-03127,28,Female,Urban,61500,Bargains,Groupon,Tablet,5.2,High,1,327.91,0,Gayab Grahak (Groupon One-Timers)
EA-03921,25,Female,Urban,36500,Wellness,Facebook Ad,Mobile,1.0,Low,1,435.5,2,Self-Care Sena (Facebook One-Timers)
EA-03167,19,Female,Urban,50500,Anti-aging,Facebook Ad,Mobile,4.9,High,1,259.22,2,Self-Care Sena (Facebook One-Timers)
EA-03520,53,Male,Suburban,80500,Skincare,Organic Search,Mobile,21.5,Medium,4,2178.96,1,Glow Ke Nawab (Organic VIPs)
EA-00620,43,Female,Suburban,37000,Skincare,Facebook Ad,Mobile,3.5,High,1,508.06,2,Self-Care Sena (Facebook One-Timers)
EA-03347,42,Female,Suburban,92500,Skincare,Organic Search,Mobile,5.2,Low,3,1396.51,3,Hamesha 25 Club (Referral Regulars)
EA-01743,30,Female,Urban,37500,Skincare,Facebook Ad,Mobile,2.4,High,1,330.46,2,Self-Care Sena (Facebook One-Timers)
EA-01391,25,Female,Suburban,76500,Wellness,Referral,Mobile,9.4,Medium,3,706.34,3,Hamesha 25 Club (Referral Regulars)
EA-04051,39,Male,Urban,91500,Wellness,Referral,Desktop,3.7,Medium,1,864.72,3,Hamesha 25 Club (Referral Regulars)
EA-01848,32,Female,Suburban,54000,Skincare,Groupon,Desktop,3.6,High,1,323.04,0,Gayab Grahak (Groupon One-Timers)
EA-01580,63,Female,Suburban,130500,Wellness,Organic Search,Desktop,24.4,Low,4,1437.86,1,Glow Ke Nawab (Organic VIPs)
EA-01656,33,Female,Suburban,55000,Skincare,Facebook Ad,Mobile,0.5,High,1,188.86,2,Self-Care Sena (Facebook One-Timers)
EA-02353,23,Male,Suburban,34500,Bargains,Facebook Ad,Mobile,5.2,High,1,348.24,2,Self-Care Sena (Facebook One-Timers)
EA-02213,46,Female,Suburban,61500,Wellness,Organic Search,Mobile,12.5,Medium,4,1612.46,1,Glow Ke Nawab (Organic VIPs)
EA-02021,49,Female,Suburban,115500,Wellness,Organic Search,Mobile,10.7,Medium,2,1786.34,1,Glow Ke Nawab (Organic VIPs)
EA-04973,37,Female,Suburban,47500,Bargains,Facebook Ad,Desktop,3.5,High,1,176.96,2,Self-Care Sena (Facebook One-Timers)
EA-01957,36,Female,Urban,52500,Wellness,Groupon,Tablet,1.8,High,1,402.17,0,Gayab Grahak (Groupon One-Timers)
EA-01308,33,Male,Suburban,105500,Wellness,Organic Search,Mobile,16.3,High,5,2271.31,1,Glow Ke Nawab (Organic VIPs)
EA-02004,61,Female,Suburban,134500,Wellness,Organic Search,Desktop,8.1,Low,1,2147.44,1,Glow Ke Nawab (Organic VIPs)
EA-04456,20,Female,Rural,73500,Bargains,Facebook Ad,Mobile,2.7,Medium,1,240.41,2,Self-Care Sena (Facebook One-Timers)
EA-00576,40,Male,Suburban,69000,Bargains,Groupon,Mobile,2.3,Medium,1,378.79,0,Gayab Grahak (Groupon One-Timers)
EA-04090,35,Male,Urban,83500,Bargains,Facebook Ad,Mobile,4.6,High,3,389.74,2,Self-Care Sena (Facebook One-Timers)
EA-04320,34,Female,Urban,59000,Bargains,Facebook Ad,Desktop,2.3,High,1,247.37,2,Self-Care Sena (Facebook One-Timers)
EA-04437,53,Female,Urban,127500,Skincare,Organic Search,Mobile,15.2,Low,5,2233.21,1,Glow Ke Nawab (Organic VIPs)
EA-01707,25,Female,Suburban,34500,Skincare,Facebook Ad,Mobile,4.3,Medium,1,323.42,2,Self-Care Sena (Facebook One-Timers)
EA-03743,63,Female,Urban,140000,Skincare,Organic Search,Mobile,13.0,High,3,1815.37,1,Glow Ke Nawab (Organic VIPs)
EA-03471,27,Female,Urban,71500,Skincare,Groupon,Tablet,6.1,High,3,438.59,0,Gayab Grahak (Groupon One-Timers)
EA-01281,33,Female,Urban,48500,Bargains,Facebook Ad,Mobile,9.7,High,1,430.33,2,Self-Care Sena (Facebook One-Timers)
EA-00862,43,Female,Suburban,110000,Wellness,Organic Search,Tablet,7.6,Medium,3,1941.25,1,Glow Ke Nawab (Organic VIPs)
EA-04146,24,Female,Urban,36500,Bargains,Facebook Ad,Mobile,2.1,Medium,1,193.81,2,Self-Care Sena (Facebook One-Timers)
EA-01802,44,Female,Suburban,49000,Bargains,Groupon,Mobile,2.0,High,1,304.12,0,Gayab Grahak (Groupon One-Timers)
EA-01629,23,Female,Rural,26500,Bargains,Facebook Ad,Mobile,2.5,High,1,335.14,2,Self-Care Sena (Facebook One-Timers)
EA-01994,19,Female,Urban,23500,Wellness,Facebook Ad,Mobile,4.7,Low,2,373.39,2,Self-Care Sena (Facebook One-Timers)
EA-02640,34,Female,Rural,65000,Wellness,Facebook Ad,Tablet,0.4,High,1,329.45,2,Self-Care Sena (Facebook One-Timers)
EA-00270,25,Female,Urban,65500,Wellness,Facebook Ad,Mobile,5.9,Medium,1,337.16,2,Self-Care Sena (Facebook One-Timers)
EA-00630,28,Female,Suburban,88500,Skincare,Organic Search,Mobile,13.3,Low,3,1887.27,1,Glow Ke Nawab (Organic VIPs)
EA-03082,36,Female,Suburban,37500,Skincare,Facebook Ad,Mobile,3.3,High,1,543.09,2,Self-Care Sena (Facebook One-Timers)
EA-02335,24,Female,Suburban,66500,Wellness,Groupon,Mobile,4.3,High,1,316.6,0,Gayab Grahak (Groupon One-Timers)
EA-02967,23,Female,Rural,35000,Skincare,Facebook Ad,Mobile,2.8,High,1,574.59,2,Self-Care Sena (Facebook One-Timers)
EA-00301,41,Female,Rural,113500,Skincare,Organic Search,Desktop,9.4,Medium,2,1607.03,1,Glow Ke Nawab (Organic VIPs)
EA-00460,45,Female,Rural,60500,Bargains,Groupon,Mobile,2.5,Low,1,287.31,0,Gayab Grahak (Groupon One-Timers)
EA-01448,32,Female,Suburban,44000,Bargains,Groupon,Mobile,0.5,High,1,341.54,0,Gayab Grahak (Groupon One-Timers)
EA-01473,31,Male,Rural,58500,Bargains,Facebook Ad,Mobile,3.7,Low,1,447.54,2,Self-Care Sena (Facebook One-Timers)
EA-02047,19,Female,Rural,66000,Bargains,Groupon,Mobile,1.0,High,1,553.51,0,Gayab Grahak (Groupon One-Timers)
EA-04229,38,Female,Suburban,50000,Wellness,Groupon,Mobile,3.4,High,2,385.02,0,Gayab Grahak (Groupon One-Timers)
EA-03765,37,Female,Rural,60500,Bargains,Facebook Ad,Desktop,7.0,High,3,150.0,2,Self-Care Sena (Facebook One-Timers)
EA-02114,37,Female,Urban,68000,Skincare,Groupon,Mobile,0.4,Medium,1,250.67,0,Gayab Grahak (Groupon One-Timers)
EA-00028,25,Female,Suburban,40000,Bargains,Facebook Ad,Mobile,5.8,Medium,1,437.75,2,Self-Care Sena (Facebook One-Timers)
EA-03840,19,Female,Urban,35000,Bargains,Facebook Ad,Mobile,3.8,High,3,263.24,2,Self-Care Sena (Facebook One-Timers)
EA-04523,49,Female,Suburban,110000,Skincare,Organic Search,Mobile,14.2,Low,3,2058.9,1,Glow Ke Nawab (Organic VIPs)
EA-00838,34,Female,Urban,80000,Anti-aging,Referral,Mobile,14.5,Low,3,975.26,3,Hamesha 25 Club (Referral Regulars)
EA-03827,33,Female,Suburban,63500,Bargains,Facebook Ad,Mobile,2.5,High,1,568.51,2,Self-Care Sena (Facebook One-Timers)
EA-02009,25,Female,Urban,42000,Bargains,Facebook Ad,Mobile,5.0,High,1,445.56,2,Self-Care Sena (Facebook One-Timers)
EA-04908,27,Female,Suburban,53000,Bargains,Facebook Ad,Mobile,2.7,Low,1,216.54,2,Self-Care Sena (Facebook One-Timers)
EA-00504,19,Female,Suburban,62000,Bargains,Groupon,Tablet,6.1,High,1,396.81,0,Gayab Grahak (Groupon One-Timers)
EA-03207,39,Female,Suburban,61500,Bargains,Facebook Ad,Mobile,0.9,Medium,1,296.01,2,Self-Care Sena (Facebook One-Timers)
EA-04305,32,Male,Urban,59000,Bargains,Facebook Ad,Mobile,4.0,Medium,1,296.46,2,Self-Care Sena (Facebook One-Timers)
EA-00381,33,Male,Rural,64000,Bargains,Groupon,Mobile,5.4,Medium,1,341.64,0,Gayab Grahak (Groupon One-Timers)
EA-01852,37,Female,Suburban,85500,Bargains,Referral,Desktop,8.7,High,3,468.48,3,Hamesha 25 Club (Referral Regulars)
EA-01526,39,Female,Urban,46500,Skincare,Facebook Ad,Mobile,8.2,High,1,494.21,2,Self-Care Sena (Facebook One-Timers)
EA-02366,40,Female,Urban,100500,Skincare,Organic Search,Desktop,10.4,Low,3,1880.19,1,Glow Ke Nawab (Organic VIPs)
EA-04148,50,Male,Rural,67500,Anti-aging,Organic Search,Tablet,19.8,Medium,5,1906.57,1,Glow Ke Nawab (Organic VIPs)
EA-03053,21,Female,Suburban,59500,Anti-aging,Groupon,Mobile,3.1,Medium,1,407.48,0,Gayab Grahak (Groupon One-Timers)
EA-02885,40,Male,Urban,60500,Anti-aging,Groupon,Mobile,4.7,Medium,1,522.03,0,Gayab Grahak (Groupon One-Timers)
EA-02341,35,Female,Rural,70500,Bargains,Facebook Ad,Mobile,1.8,High,1,598.01,2,Self-Care Sena (Facebook One-Timers)
EA-00375,28,Female,Suburban,57000,Bargains,Facebook Ad,Mobile,3.7,Medium,1,374.82,2,Self-Care Sena (Facebook One-Timers)
EA-03261,35,Female,Urban,74000,Bargains,Facebook Ad,Mobile,3.9,High,1,439.0,2,Self-Care Sena (Facebook One-Timers)
EA-02382,29,Female,Suburban,62000,Bargains,Facebook Ad,Desktop,5.3,High,1,150.0,2,Self-Care Sena (Facebook One-Timers)
EA-04310,35,Female,Urban,45000,Bargains,Groupon,Mobile,2.6,High,1,337.23,0,Gayab Grahak (Groupon One-Timers)
EA-00940,42,Female,Urban,60000,Skincare,Facebook Ad,Mobile,4.7,Medium,1,346.31,2,Self-Care Sena (Facebook One-Timers)
EA-04199,32,Female,Suburban,70500,Bargains,Facebook Ad,Mobile,3.4,High,1,256.25,2,Self-Care Sena (Facebook One-Timers)
EA-04166,26,Female,Urban,72500,Bargains,Facebook Ad,Desktop,1.4,High,1,359.21,2,Self-Care Sena (Facebook One-Timers)
EA-02800,30,Female,Suburban,85500,Wellness,Organic Search,Desktop,23.2,Low,6,1667.83,1,Glow Ke Nawab (Organic VIPs)
EA-02148,37,Female,Suburban,64500,Anti-aging,Referral,Desktop,12.6,High,2,947.54,3,Hamesha 25 Club (Referral Regulars)
EA-03818,27,Female,Suburban,52000,Bargains,Facebook Ad,Mobile,2.0,Medium,2,431.68,2,Self-Care Sena (Facebook One-Timers)
EA-04541,34,Female,Suburban,53500,Bargains,Facebook Ad,Mobile,3.9,High,2,513.35,2,Self-Care Sena (Facebook One-Timers)
EA-04217,47,Male,Urban,108000,Wellness,Organic Search,Desktop,12.1,Low,2,1710.85,1,Glow Ke Nawab (Organic VIPs)
EA-02069,28,Female,Suburban,71000,Bargains,Facebook Ad,Mobile,1.3,High,1,434.87,2,Self-Care Sena (Facebook One-Timers)
EA-00530,19,Female,Urban,59000,Bargains,Facebook Ad,Desktop,4.8,Medium,1,317.48,2,Self-Care Sena (Facebook One-Timers)
EA-04605,50,Female,Urban,82500,Skincare,Organic Search,Mobile,15.3,Low,3,1734.63,1,Glow Ke Nawab (Organic VIPs)
EA-00637,50,Female,Suburban,93000,Anti-aging,Organic Search,Mobile,11.3,Low,2,2087.28,1,Glow Ke Nawab (Organic VIPs)
EA-01270,26,Female,Urban,24500,Bargains,Groupon,Tablet,0.7,Medium,1,442.66,0,Gayab Grahak (Groupon One-Timers)
EA-00186,37,Female,Urban,82500,Anti-aging,Organic Search,Mobile,27.5,Low,3,1512.54,1,Glow Ke Nawab (Organic VIPs)
EA-04350,45,Female,Urban,77500,Anti-aging,Organic Search,Mobile,24.9,Low,5,1475.95,1,Glow Ke Nawab (Organic VIPs)
EA-03180,39,Female,Suburban,66500,Bargains,Groupon,Mobile,0.7,High,1,344.11,0,Gayab Grahak (Groupon One-Timers)
EA-03455,42,Female,Suburban,85500,Skincare,Referral,Mobile,16.2,Low,2,838.48,3,Hamesha 25 Club (Referral Regulars)
EA-01798,28,Female,Urban,36500,Bargains,Facebook Ad,Mobile,2.1,High,1,263.3,2,Self-Care Sena (Facebook One-Timers)
EA-02980,45,Female,Suburban,97000,Anti-aging,Organic Search,Mobile,5.3,Low,4,1925.74,1,Glow Ke Nawab (Organic VIPs)
EA-01442,33,Female,Urban,64500,Bargains,Facebook Ad,Mobile,2.1,High,1,320.31,2,Self-Care Sena (Facebook One-Timers)
EA-03428,42,Male,Urban,106500,Skincare,Organic Search,Mobile,4.8,Medium,2,1789.35,3,Hamesha 25 Club (Referral Regulars)
EA-04875,24,Male,Suburban,25000,Skincare,Groupon,Mobile,6.1,Medium,1,150.0,0,Gayab Grahak (Groupon One-Timers)
EA-01536,27,Female,Suburban,68500,Bargains,Groupon,Mobile,6.6,High,1,150.0,0,Gayab Grahak (Groupon One-Timers)
EA-03444,29,Female,Urban,28500,Bargains,Facebook Ad,Mobile,2.0,High,1,325.51,2,Self-Care Sena (Facebook One-Timers)
EA-01274,37,Female,Suburban,62000,Bargains,Groupon,Mobile,0.9,High,1,433.52,0,Gayab Grahak (Groupon One-Timers)
EA-02468,30,Female,Urban,51000,Bargains,Groupon,Desktop,2.7,High,1,423.93,0,Gayab Grahak (Groupon One-Timers)
EA-00608,34,Female,Urban,74000,Skincare,Facebook Ad,Mobile,3.2,High,1,325.06,2,Self-Care Sena (Facebook One-Timers)
EA-03514,50,Female,Urban,104500,Skincare,Referral,Desktop,11.8,Low,2,1107.89,3,Hamesha 25 Club (Referral Regulars)
EA-01713,41,Female,Suburban,112000,Wellness,Referral,Mobile,8.1,Medium,1,1081.13,3,Hamesha 25 Club (Referral Regulars)
EA-02200,33,Female,Suburban,76000,Wellness,Organic Search,Desktop,5.3,Medium,4,1511.8,1,Glow Ke Nawab (Organic VIPs)
EA-00956,39,Female,Suburban,63000,Wellness,Organic Search,Mobile,8.0,Medium,3,1957.7,1,Glow Ke Nawab (Organic VIPs)
EA-02580,46,Female,Suburban,67500,Anti-aging,Referral,Tablet,7.7,Low,2,389.53,3,Hamesha 25 Club (Referral Regulars)
EA-03898,21,Female,Suburban,72000,Bargains,Facebook Ad,Mobile,4.6,High,1,466.39,2,Self-Care Sena (Facebook One-Timers)
EA-04426,38,Non-binary,Suburban,31500,Bargains,Facebook Ad,Mobile,3.0,High,1,322.81,2,Self-Care Sena (Facebook One-Timers)
EA-03381,19,Female,Rural,40500,Bargains,Facebook Ad,Tablet,1.0,Medium,1,360.6,2,Self-Care Sena (Facebook One-Timers)
EA-03686,38,Female,Rural,66500,Bargains,Facebook Ad,Mobile,5.6,High,3,460.03,2,Self-Care Sena (Facebook One-Timers)
EA-00404,33,Female,Urban,64500,Wellness,Facebook Ad,Mobile,4.9,High,1,503.15,2,Self-Care Sena (Facebook One-Timers)
EA-02072,35,Female,Suburban,45000,Bargains,Groupon,Desktop,3.1,Low,1,311.56,0,Gayab Grahak (Groupon One-Timers)
EA-04756,21,Female,Suburban,68000,Bargains,Groupon,Tablet,2.1,High,1,378.29,0,Gayab Grahak (Groupon One-Timers)
EA-01978,36,Female,Suburban,72000,Anti-aging,Referral,Mobile,2.0,Medium,1,1051.77,3,Hamesha 25 Club (Referral Regulars)
EA-00159,49,Female,Suburban,86000,Skincare,Organic Search,Desktop,21.7,Low,4,1799.69,1,Glow Ke Nawab (Organic VIPs)
EA-01749,19,Male,Suburban,40000,Skincare,Groupon,Desktop,6.5,High,3,364.55,0,Gayab Grahak (Groupon One-Timers)
EA-02910,25,Female,Suburban,53500,Skincare,Groupon,Mobile,4.3,High,3,462.97,0,Gayab Grahak (Groupon One-Timers)
EA-03535,58,Female,Suburban,92500,Anti-aging,Organic Search,Desktop,6.7,Low,3,2157.82,1,Glow Ke Nawab (Organic VIPs)
EA-00903,24,Male,Rural,36000,Skincare,Facebook Ad,Mobile,3.9,Medium,3,379.74,2,Self-Care Sena (Facebook One-Timers)
EA-00353,28,Female,Urban,79000,Wellness,Groupon,Mobile,2.0,High,1,344.09,0,Gayab Grahak (Groupon One-Timers)
EA-01231,26,Female,Suburban,55000,Bargains,Facebook Ad,Mobile,7.7,High,1,462.11,2,Self-Care Sena (Facebook One-Timers)
EA-04671,19,Female,Suburban,42000,Bargains,Facebook Ad,Mobile,4.1,High,1,295.11,2,Self-Care Sena (Facebook One-Timers)
EA-02141,46,Female,Urban,114000,Skincare,Referral,Mobile,8.5,Low,2,1136.1,3,Hamesha 25 Club (Referral Regulars)
EA-00445,30,Female,Rural,39500,Bargains,Facebook Ad,Tablet,1.4,High,1,414.91,2,Self-Care Sena (Facebook One-Timers)
EA-04949,41,Female,Rural,112500,Wellness,Organic Search,Desktop,13.6,Medium,3,1839.67,1,Glow Ke Nawab (Organic VIPs)
EA-00755,37,Female,Suburban,79000,Wellness,Organic Search,Desktop,17.0,Low,3,1387.31,1,Glow Ke Nawab (Organic VIPs)
EA-01738,40,Female,Urban,47000,Skincare,Facebook Ad,Mobile,1.2,Medium,1,394.48,2,Self-Care Sena (Facebook One-Timers)
EA-02972,59,Female,Urban,97500,Bargains,Organic Search,Mobile,16.9,Low,3,2450.89,1,Glow Ke Nawab (Organic VIPs)
EA-04980,31,Female,Urban,87000,Skincare,Referral,Desktop,12.0,Medium,3,460.05,3,Hamesha 25 Club (Referral Regulars)
EA-02921,36,Female,Urban,87500,Wellness,Referral,Mobile,10.1,Low,2,749.38,3,Hamesha 25 Club (Referral Regulars)
EA-00312,29,Female,Urban,28500,Bargains,Groupon,Mobile,3.2,Low,1,150.0,0,Gayab Grahak (Groupon One-Timers)
EA-00549,40,Female,Rural,86500,Skincare,Organic Search,Mobile,17.9,High,5,1343.84,1,Glow Ke Nawab (Organic VIPs)
EA-04053,34,Female,Urban,83000,Bargains,Groupon,Tablet,2.5,High,1,240.61,0,Gayab Grahak (Groupon One-Timers)
EA-04762,21,Female,Urban,75000,Bargains,Groupon,Mobile,1.0,High,1,366.41,0,Gayab Grahak (Groupon One-Timers)
EA-01990,40,Female,Urban,33500,Bargains,Facebook Ad,Desktop,4.5,Medium,1,397.1,2,Self-Care Sena (Facebook One-Timers)
EA-00307,36,Female,Suburban,52500,Bargains,Facebook Ad,Mobile,2.4,High,1,468.12,2,Self-Care Sena (Facebook One-Timers)
EA-02336,41,Female,Urban,96500,Wellness,Organic Search,Mobile,12.8,Low,4,1792.97,1,Glow Ke Nawab (Organic VIPs)
EA-00695,39,Female,Rural,64500,Wellness,Referral,Mobile,1.0,High,2,880.79,3,Hamesha 25 Club (Referral Regulars)
EA-02357,23,Female,Urban,38000,Bargains,Groupon,Mobile,2.1,High,1,204.76,0,Gayab Grahak (Groupon One-Timers)
EA-01928,43,Female,Suburban,111500,Wellness,Organic Search,Desktop,4.6,Medium,5,2344.66,1,Glow Ke Nawab (Organic VIPs)
EA-00685,19,Female,Urban,81500,Bargains,Groupon,Tablet,4.5,High,1,385.98,0,Gayab Grahak (Groupon One-Timers)
EA-00750,48,Female,Suburban,116000,Anti-aging,Organic Search,Mobile,10.8,High,4,1974.66,1,Glow Ke Nawab (Organic VIPs)
EA-04009,19,Female,Urban,56000,Bargains,Facebook Ad,Mobile,3.8,High,1,219.02,2,Self-Care Sena (Facebook One-Timers)
EA-01267,32,Female,Suburban,32000,Bargains,Facebook Ad,Mobile,2.0,High,1,221.76,2,Self-Care Sena (Facebook One-Timers)
EA-03286,26,Female,Suburban,47500,Anti-aging,Groupon,Mobile,2.3,Medium,1,326.48,0,Gayab Grahak (Groupon One-Timers)
EA-03530,34,Female,Rural,59500,Anti-aging,Groupon,Desktop,4.0,High,1,200.0,0,Gayab Grahak (Groupon One-Timers)
EA-04424,32,Female,Rural,73500,Bargains,Facebook Ad,Mobile,4.0,Medium,1,472.48,2,Self-Care Sena (Facebook One-Timers)
EA-03985,36,Female,Urban,84000,Bargains,Facebook Ad,Mobile,4.6,High,1,411.5,2,Self-Care Sena (Facebook One-Timers)
EA-03084,51,Female,Suburban,132000,Wellness,Organic Search,Tablet,22.3,Medium,4,1722.36,1,Glow Ke Nawab (Organic VIPs)
EA-03062,24,Female,Urban,58500,Bargains,Groupon,Mobile,5.9,High,1,171.91,0,Gayab Grahak (Groupon One-Timers)
EA-03026,42,Female,Suburban,36500,Skincare,Facebook Ad,Mobile,3.7,High,1,449.5,2,Self-Care Sena (Facebook One-Timers)
EA-00971,31,Female,Urban,49000,Bargains,Facebook Ad,Mobile,2.0,Medium,1,229.5,2,Self-Care Sena (Facebook One-Timers)
EA-00014,35,Female,Suburban,76000,Skincare,Organic Search,Mobile,14.9,Low,4,2091.5,1,Glow Ke Nawab (Organic VIPs)
EA-00874,35,Female,Suburban,34500,Bargains,Facebook Ad,Mobile,3.7,High,1,395.72,2,Self-Care Sena (Facebook One-Timers)
EA-00809,32,Female,Suburban,69000,Skincare,Groupon,Mobile,5.9,High,1,405.91,0,Gayab Grahak (Groupon One-Timers)
EA-03199,33,Female,Urban,50500,Bargains,Facebook Ad,Mobile,5.7,Medium,1,254.05,2,Self-Care Sena (Facebook One-Timers)
EA-00515,26,Female,Urban,59500,Skincare,Facebook Ad,Tablet,2.8,Medium,1,245.83,2,Self-Care Sena (Facebook One-Timers)
EA-04473,21,Female,Urban,36500,Bargains,Groupon,Mobile,4.4,High,1,298.83,0,Gayab Grahak (Groupon One-Timers)
EA-00410,66,Female,Urban,109500,Skincare,Referral,Desktop,16.2,High,3,300.0,3,Hamesha 25 Club (Referral Regulars)
EA-03409,33,Female,Urban,54000,Anti-aging,Groupon,Mobile,5.4,High,1,307.75,0,Gayab Grahak (Groupon One-Timers)
EA-04343,22,Female,Rural,39000,Bargains,Groupon,Mobile,3.1,Medium,1,175.3,0,Gayab Grahak (Groupon One-Timers)
EA-00208,36,Female,Urban,102000,Skincare,Organic Search,Tablet,3.2,Low,3,2500.0,1,Glow Ke Nawab (Organic VIPs)
EA-03692,40,Female,Suburban,57000,Skincare,Groupon,Mobile,2.4,High,1,348.94,0,Gayab Grahak (Groupon One-Timers)
EA-00459,49,Female,Suburban,78000,Anti-aging,Organic Search,Desktop,4.1,Medium,3,1652.68,3,Hamesha 25 Club (Referral Regulars)
EA-03472,40,Female,Suburban,36500,Bargains,Groupon,Mobile,4.5,High,1,437.7,0,Gayab Grahak (Groupon One-Timers)
EA-02431,45,Female,Urban,76000,Skincare,Organic Search,Desktop,19.8,Low,4,1700.27,1,Glow Ke Nawab (Organic VIPs)
EA-03658,38,Female,Urban,77000,Bargains,Groupon,Mobile,1.1,High,1,393.01,0,Gayab Grahak (Groupon One-Timers)
EA-00111,32,Female,Urban,52000,Bargains,Groupon,Mobile,5.2,High,1,390.83,0,Gayab Grahak (Groupon One-Timers)
EA-04590,52,Female,Urban,143500,Wellness,Organic Search,Mobile,11.7,Medium,6,1936.79,1,Glow Ke Nawab (Organic VIPs)
EA-04045,33,Female,Urban,45000,Bargains,Groupon,Mobile,1.8,High,1,229.97,0,Gayab Grahak (Groupon One-Timers)
EA-01884,46,Female,Suburban,105000,Skincare,Organic Search,Mobile,16.6,Medium,3,1757.25,1,Glow Ke Nawab (Organic VIPs)
EA-01714,28,Female,Suburban,55000,Anti-aging,Organic Search,Mobile,17.5,Low,3,1975.14,1,Glow Ke Nawab (Organic VIPs)
EA-03959,26,Female,Suburban,73000,Bargains,Facebook Ad,Mobile,1.4,High,1,279.95,2,Self-Care Sena (Facebook One-Timers)
EA-03400,21,Female,Suburban,66000,Skincare,Groupon,Mobile,3.6,High,1,322.69,0,Gayab Grahak (Groupon One-Timers)
EA-00553,32,Female,Suburban,80000,Bargains,Facebook Ad,Mobile,1.2,Medium,1,412.55,2,Self-Care Sena (Facebook One-Timers)
EA-01440,31,Male,Urban,103000,Wellness,Referral,Mobile,14.8,Medium,3,712.97,3,Hamesha 25 Club (Referral Regulars)
EA-02271,35,Female,Urban,66000,Bargains,Groupon,Mobile,0.4,Medium,1,288.71,0,Gayab Grahak (Groupon One-Timers)
EA-03145,47,Female,Urban,119500,Anti-aging,Organic Search,Desktop,14.5,Medium,4,1700.35,1,Glow Ke Nawab (Organic VIPs)
EA-02822,35,Female,Suburban,154000,Wellness,Organic Search,Desktop,10.3,Low,4,2500.0,1,Glow Ke Nawab (Organic VIPs)
EA-04782,47,Male,Urban,86500,Skincare,Referral,Desktop,9.1,Low,2,738.66,3,Hamesha 25 Club (Referral Regulars)
EA-01926,35,Female,Urban,60500,Bargains,Facebook Ad,Tablet,2.6,High,1,491.91,2,Self-Care Sena (Facebook One-Timers)
EA-00635,25,Female,Suburban,50000,Anti-aging,Facebook Ad,Mobile,6.2,High,1,373.0,2,Self-Care Sena (Facebook One-Timers)
EA-04806,37,Female,Urban,88000,Bargains,Organic Search,Desktop,13.9,Medium,4,2004.32,1,Glow Ke Nawab (Organic VIPs)
EA-00317,21,Female,Rural,29000,Skincare,Facebook Ad,Mobile,1.9,Medium,1,172.06,2,Self-Care Sena (Facebook One-Timers)
EA-04218,34,Female,Suburban,63000,Bargains,Facebook Ad,Mobile,0.4,High,1,408.9,2,Self-Care Sena (Facebook One-Timers)
EA-04700,50,Female,Urban,77500,Skincare,Organic Search,Mobile,13.2,Low,5,1543.36,1,Glow Ke Nawab (Organic VIPs)
EA-01329,35,Female,Rural,24000,Skincare,Facebook Ad,Tablet,4.6,High,1,336.21,2,Self-Care Sena (Facebook One-Timers)
EA-00428,51,Male,Rural,90500,Anti-aging,Organic Search,Desktop,15.7,Medium,6,2500.0,1,Glow Ke Nawab (Organic VIPs)
EA-04375,40,Female,Urban,45500,Bargains,Groupon,Desktop,3.5,High,1,449.27,0,Gayab Grahak (Groupon One-Timers)
EA-00106,55,Female,Urban,113500,Skincare,Organic Search,Mobile,16.2,Low,4,1834.34,1,Glow Ke Nawab (Organic VIPs)
EA-03042,25,Female,Urban,55000,Wellness,Referral,Mobile,14.3,Medium,3,388.56,3,Hamesha 25 Club (Referral Regulars)
EA-00143,45,Female,Suburban,75500,Skincare,Referral,Mobile,5.7,Medium,2,803.73,3,Hamesha 25 Club (Referral Regulars)
EA-02170,24,Male,Rural,52500,Bargains,Groupon,Mobile,4.5,High,2,255.46,0,Gayab Grahak (Groupon One-Timers)
EA-03459,51,Female,Urban,47500,Bargains,Facebook Ad,Mobile,2.0,High,1,525.1,2,Self-Care Sena (Facebook One-Timers)
EA-00090,27,Female,Urban,61500,Bargains,Groupon,Mobile,3.5,High,3,226.47,0,Gayab Grahak (Groupon One-Timers)
EA-02919,22,Female,Suburban,22000,Bargains,Facebook Ad,Mobile,2.0,High,1,275.44,2,Self-Care Sena (Facebook One-Timers)
EA-03238,26,Female,Urban,52500,Bargains,Facebook Ad,Mobile,6.4,High,3,150.0,2,Self-Care Sena (Facebook One-Timers)
EA-02242,32,Female,Suburban,62500,Bargains,Facebook Ad,Mobile,4.0,High,1,308.35,2,Self-Care Sena (Facebook One-Timers)
EA-03175,50,Male,Suburban,69000,Skincare,Organic Search,Tablet,13.0,Low,5,2014.07,1,Glow Ke Nawab (Organic VIPs)
EA-03413,34,Female,Urban,60500,Bargains,Groupon,Mobile,2.4,Medium,1,250.04,0,Gayab Grahak (Groupon One-Timers)
EA-02164,22,Female,Urban,44000,Bargains,Groupon,Mobile,1.2,High,1,150.0,0,Gayab Grahak (Groupon One-Timers)
EA-02637,36,Female,Urban,43500,Bargains,Groupon,Mobile,2.1,High,1,364.26,0,Gayab Grahak (Groupon One-Timers)
EA-01950,29,Female,Urban,118500,Skincare,Referral,Mobile,1.0,High,1,684.04,3,Hamesha 25 Club (Referral Regulars)
EA-01769,37,Female,Suburban,73000,Skincare,Facebook Ad,Mobile,2.5,Medium,1,286.18,2,Self-Care Sena (Facebook One-Timers)
EA-04291,28,Male,Rural,59000,Bargains,Facebook Ad,Mobile,2.7,High,1,636.79,2,Self-Care Sena (Facebook One-Timers)
EA-02273,44,Female,Rural,96500,Skincare,Organic Search,Mobile,16.6,Medium,4,1649.81,1,Glow Ke Nawab (Organic VIPs)
EA-00002,23,Male,Rural,33500,Bargains,Groupon,Mobile,2.6,High,1,330.08,0,Gayab Grahak (Groupon One-Timers)
EA-03283,31,Female,Urban,23000,Anti-aging,Facebook Ad,Mobile,5.1,Low,1,322.55,2,Self-Care Sena (Facebook One-Timers)
EA-04958,39,Female,Suburban,25000,Bargains,Facebook Ad,Mobile,5.9,Medium,1,318.39,2,Self-Care Sena (Facebook One-Timers)
EA-01952,30,Female,Suburban,42500,Bargains,Facebook Ad,Mobile,0.4,High,1,354.95,2,Self-Care Sena (Facebook One-Timers)
EA-00936,35,Female,Urban,81000,Bargains,Facebook Ad,Mobile,0.9,Medium,1,150.0,2,Self-Care Sena (Facebook One-Timers)
EA-04297,20,Female,Urban,55500,Bargains,Groupon,Mobile,2.7,Medium,3,286.24,0,Gayab Grahak (Groupon One-Timers)
EA-02721,19,Female,Suburban,51500,Skincare,Groupon,Mobile,1.5,High,1,514.89,0,Gayab Grahak (Groupon One-Timers)
EA-04448,34,Female,Urban,67000,Bargains,Groupon,Mobile,5.0,High,1,373.15,0,Gayab Grahak (Groupon One-Timers)
EA-01110,32,Female,Suburban,60000,Skincare,Facebook Ad,Tablet,3.8,High,1,394.4,2,Self-Care Sena (Facebook One-Timers)
EA-03961,30,Female,Urban,26000,Bargains,Facebook Ad,Mobile,8.8,High,1,350.64,2,Self-Care Sena (Facebook One-Timers)
EA-00592,29,Female,Rural,67500,Bargains,Groupon,Mobile,1.4,High,2,338.21,0,Gayab Grahak (Groupon One-Timers)
EA-01696,30,Female,Suburban,65000,Bargains,Groupon,Mobile,3.1,Medium,1,503.66,0,Gayab Grahak (Groupon One-Timers)
EA-03451,44,Female,Rural,91500,Wellness,Organic Search,Mobile,12.8,Low,3,1594.21,1,Glow Ke Nawab (Organic VIPs)
EA-02937,25,Male,Rural,84000,Bargains,Facebook Ad,Mobile,2.9,High,1,150.0,2,Self-Care Sena (Facebook One-Timers)
EA-04205,35,Female,Rural,104500,Wellness,Organic Search,Mobile,11.2,Medium,4,2180.51,1,Glow Ke Nawab (Organic VIPs)
EA-03412,34,Female,Urban,70500,Skincare,Facebook Ad,Desktop,7.8,High,1,489.68,2,Self-Care Sena (Facebook One-Timers)
EA-01577,40,Female,Suburban,105000,Anti-aging,Organic Search,Mobile,10.6,Low,2,1601.85,1,Glow Ke Nawab (Organic VIPs)
EA-03955,32,Male,Suburban,60000,Bargains,Facebook Ad,Mobile,3.5,High,1,423.44,2,Self-Care Sena (Facebook One-Timers)
EA-00214,49,Female,Urban,158000,Wellness,Organic Search,Mobile,16.5,Medium,6,2408.55,1,Glow Ke Nawab (Organic VIPs)
EA-00779,53,Female,Urban,151500,Skincare,Organic Search,Desktop,27.2,Low,5,1684.34,1,Glow Ke Nawab (Organic VIPs)
EA-01416,32,Female,Suburban,126000,Wellness,Organic Search,Tablet,10.4,Low,2,2385.53,1,Glow Ke Nawab (Organic VIPs)
EA-03760,39,Female,Rural,53500,Bargains,Facebook Ad,Mobile,6.1,High,1,234.48,2,Self-Care Sena (Facebook One-Timers)
EA-02044,38,Female,Suburban,45500,Bargains,Referral,Desktop,2.4,Medium,1,622.61,2,Self-Care Sena (Facebook One-Timers)
EA-02849,36,Female,Rural,99000,Anti-aging,Organic Search,Mobile,11.1,Low,2,759.17,3,Hamesha 25 Club (Referral Regulars)
EA-04538,44,Female,Urban,115000,Wellness,Organic Search,Desktop,15.0,Medium,5,2215.54,1,Glow Ke Nawab (Organic VIPs)
EA-03506,35,Non-binary,Suburban,40500,Bargains,Groupon,Mobile,0.4,High,1,335.73,0,Gayab Grahak (Groupon One-Timers)
EA-03814,21,Female,Urban,34000,Skincare,Facebook Ad,Mobile,2.4,High,1,150.0,2,Self-Care Sena (Facebook One-Timers)
EA-01568,34,Female,Suburban,68000,Bargains,Facebook Ad,Mobile,7.2,High,1,436.92,2,Self-Care Sena (Facebook One-Timers)
EA-00166,27,Female,Rural,52500,Bargains,Facebook Ad,Tablet,4.8,High,1,343.35,2,Self-Care Sena (Facebook One-Timers)
EA-04715,19,Male,Urban,46500,Bargains,Groupon,Mobile,5.1,High,1,271.98,0,Gayab Grahak (Groupon One-Timers)
EA-04273,66,Female,Urban,62500,Anti-aging,Organic Search,Tablet,12.6,Medium,4,1226.63,1,Glow Ke Nawab (Organic VIPs)
EA-04927,25,Female,Urban,34000,Wellness,Facebook Ad,Tablet,3.8,High,1,207.11,2,Self-Care Sena (Facebook One-Timers)
EA-01344,29,Female,Urban,44500,Bargains,Groupon,Mobile,3.3,High,1,156.02,0,Gayab Grahak (Groupon One-Timers)
EA-02014,30,Female,Suburban,73500,Bargains,Groupon,Mobile,3.8,High,1,461.34,0,Gayab Grahak (Groupon One-Timers)
EA-00274,27,Female,Urban,37500,Bargains,Groupon,Tablet,2.1,High,3,160.23,0,Gayab Grahak (Groupon One-Timers)
EA-00072,31,Female,Urban,76000,Wellness,Facebook Ad,Mobile,0.4,High,1,205.56,2,Self-Care Sena (Facebook One-Timers)
EA-03888,30,Female,Suburban,80500,Anti-aging,Organic Search,Desktop,11.2,Low,4,1797.03,1,Glow Ke Nawab (Organic VIPs)
EA-01088,50,Female,Rural,94000,Skincare,Organic Search,Desktop,14.8,Medium,3,2085.47,1,Glow Ke Nawab (Organic VIPs)
EA-00395,21,Female,Urban,52000,Bargains,Facebook Ad,Mobile,1.8,High,1,299.28,2,Self-Care Sena (Facebook One-Timers)
EA-00584,32,Female,Urban,53500,Bargains,Facebook Ad,Mobile,1.9,High,1,243.77,2,Self-Care Sena (Facebook One-Timers)
EA-01368,41,Male,Urban,25500,Skincare,Facebook Ad,Desktop,6.3,Medium,1,318.96,2,Self-Care Sena (Facebook One-Timers)
EA-04988,25,Female,Urban,38500,Skincare,Facebook Ad,Mobile,0.6,High,1,311.22,2,Self-Care Sena (Facebook One-Timers)
EA-04089,34,Female,Urban,66500,Anti-aging,Facebook Ad,Mobile,0.4,High,1,192.48,2,Self-Care Sena (Facebook One-Timers)
EA-02549,37,Male,Urban,61500,Bargains,Facebook Ad,Mobile,2.7,High,1,397.59,2,Self-Care Sena (Facebook One-Timers)
EA-01014,38,Female,Urban,77000,Wellness,Referral,Desktop,15.9,Low,4,495.72,3,Hamesha 25 Club (Referral Regulars)
EA-04898,34,Female,Urban,53500,Bargains,Groupon,Mobile,4.8,High,1,330.86,0,Gayab Grahak (Groupon One-Timers)
EA-03004,58,Female,Suburban,112500,Anti-aging,Organic Search,Mobile,9.1,Low,3,1870.65,1,Glow Ke Nawab (Organic VIPs)
EA-04789,38,Female,Suburban,45000,Bargains,Facebook Ad,Mobile,5.7,High,1,446.92,2,Self-Care Sena (Facebook One-Timers)
EA-04408,28,Female,Suburban,37000,Skincare,Facebook Ad,Desktop,2.1,High,1,389.79,2,Self-Care Sena (Facebook One-Timers)
EA-03533,32,Female,Urban,60000,Bargains,Groupon,Mobile,8.0,Medium,1,427.99,0,Gayab Grahak (Groupon One-Timers)
EA-01764,24,Female,Urban,70000,Anti-aging,Facebook Ad,Mobile,5.0,High,1,644.15,2,Self-Care Sena (Facebook One-Timers)
EA-01876,42,Female,Suburban,55500,Anti-aging,Organic Search,Mobile,7.9,Low,1,1415.57,3,Hamesha 25 Club (Referral Regulars)
EA-01260,42,Female,Urban,83000,Anti-aging,Referral,Mobile,6.9,Medium,1,671.74,3,Hamesha 25 Club (Referral Regulars)
EA-04531,45,Female,Suburban,109500,Wellness,Organic Search,Desktop,8.2,Low,2,2155.33,1,Glow Ke Nawab (Organic VIPs)
EA-02254,28,Male,Urban,49000,Skincare,Groupon,Mobile,3.5,High,1,150.0,0,Gayab Grahak (Groupon One-Timers)
EA-02782,35,Female,Rural,24000,Bargains,Facebook Ad,Mobile,4.8,Medium,1,364.56,2,Self-Care Sena (Facebook One-Timers)
EA-03593,39,Female,Urban,111000,Anti-aging,Organic Search,Desktop,2.0,Low,3,2044.28,1,Glow Ke Nawab (Organic VIPs)
EA-00527,33,Female,Suburban,118000,Anti-aging,Referral,Mobile,13.8,Low,2,724.41,3,Hamesha 25 Club (Referral Regulars)
EA-04264,53,Female,Suburban,83000,Skincare,Organic Search,Mobile,3.6,Low,2,2325.28,1,Glow Ke Nawab (Organic VIPs)
EA-02947,37,Female,Suburban,74000,Skincare,Facebook Ad,Mobile,1.9,High,1,281.24,2,Self-Care Sena (Facebook One-Timers)
EA-00378,27,Female,Suburban,60000,Bargains,Groupon,Mobile,2.3,High,1,370.2,0,Gayab Grahak (Groupon One-Timers)
EA-01560,52,Female,Urban,86000,Anti-aging,Organic Search,Mobile,11.0,Low,3,1805.5,1,Glow Ke Nawab (Organic VIPs)
EA-03821,41,Female,Urban,139500,Anti-aging,Organic Search,Mobile,9.7,Low,4,2500.0,1,Glow Ke Nawab (Organic VIPs)
EA-01964,26,Non-binary,Urban,50500,Skincare,Facebook Ad,Mobile,0.7,High,1,338.47,2,Self-Care Sena (Facebook One-Timers)
EA-04733,41,Female,Suburban,78000,Bargains,Facebook Ad,Tablet,3.4,High,1,339.75,2,Self-Care Sena (Facebook One-Timers)
EA-00349,30,Male,Urban,51000,Bargains,Groupon,Mobile,0.4,High,1,560.84,0,Gayab Grahak (Groupon One-Timers)
EA-02435,44,Male,Urban,80000,Wellness,Organic Search,Desktop,11.0,Medium,4,2067.46,1,Glow Ke Nawab (Organic VIPs)
EA-02247,25,Male,Suburban,22000,Bargains,Facebook Ad,Mobile,2.2,Medium,1,225.07,2,Self-Care Sena (Facebook One-Timers)
EA-04167,35,Female,Suburban,35500,Bargains,Facebook Ad,Mobile,2.5,High,1,426.55,2,Self-Care Sena (Facebook One-Timers)
EA-01710,29,Female,Urban,54500,Skincare,Facebook Ad,Tablet,0.4,High,1,285.23,2,Self-Care Sena (Facebook One-Timers)
EA-01051,53,Female,Suburban,164000,Skincare,Organic Search,Tablet,4.2,Low,4,1734.35,1,Glow Ke Nawab (Organic VIPs)
EA-00591,26,Female,Urban,110000,Bargains,Referral,Desktop,8.8,Low,1,856.21,3,Hamesha 25 Club (Referral Regulars)
EA-00520,59,Female,Suburban,97000,Wellness,Organic Search,Desktop,18.5,Medium,5,2500.0,1,Glow Ke Nawab (Organic VIPs)
EA-04753,26,Female,Suburban,61500,Bargains,Facebook Ad,Mobile,0.9,High,3,316.59,2,Self-Care Sena (Facebook One-Timers)
EA-04309,28,Male,Urban,85000,Anti-aging,Referral,Mobile,16.2,Low,2,926.7,3,Hamesha 25 Club (Referral Regulars)
EA-02478,31,Female,Suburban,64000,Bargains,Facebook Ad,Mobile,3.3,High,1,208.59,2,Self-Care Sena (Facebook One-Timers)
EA-01084,47,Female,Suburban,118500,Skincare,Organic Search,Desktop,20.1,Medium,3,2035.62,1,Glow Ke Nawab (Organic VIPs)
EA-03589,41,Male,Suburban,105500,Skincare,Organic Search,Desktop,14.7,Low,5,2153.02,1,Glow Ke Nawab (Organic VIPs)
EA-04779,19,Non-binary,Urban,39000,Bargains,Facebook Ad,Mobile,5.6,High,4,330.92,2,Self-Care Sena (Facebook One-Timers)
EA-04510,27,Female,Suburban,66500,Bargains,Facebook Ad,Mobile,5.4,Medium,1,317.35,2,Self-Care Sena (Facebook One-Timers)
EA-01295,37,Female,Urban,81000,Bargains,Facebook Ad,Mobile,2.9,Medium,1,367.62,2,Self-Care Sena (Facebook One-Timers)
EA-01810,30,Female,Suburban,48000,Skincare,Facebook Ad,Mobile,2.9,High,1,425.98,2,Self-Care Sena (Facebook One-Timers)
EA-00792,19,Female,Urban,48000,Skincare,Groupon,Desktop,0.4,Medium,1,159.58,0,Gayab Grahak (Groupon One-Timers)
EA-00793,25,Female,Rural,45500,Bargains,Facebook Ad,Mobile,4.0,Medium,1,574.23,2,Self-Care Sena (Facebook One-Timers)
EA-04115,38,Female,Suburban,93000,Skincare,Organic Search,Mobile,6.2,Medium,2,2405.95,1,Glow Ke Nawab (Organic VIPs)
EA-01856,47,Female,Suburban,122000,Skincare,Referral,Mobile,15.9,Low,2,1010.08,3,Hamesha 25 Club (Referral Regulars)
EA-04758,25,Female,Urban,72500,Anti-aging,Referral,Mobile,7.1,Low,3,610.58,3,Hamesha 25 Club (Referral Regulars)
EA-01981,39,Female,Urban,135000,Anti-aging,Organic Search,Mobile,21.9,Medium,5,1451.79,1,Glow Ke Nawab (Organic VIPs)
EA-03234,33,Male,Urban,59500,Skincare,Facebook Ad,Mobile,2.2,High,1,544.35,2,Self-Care Sena (Facebook One-Timers)
EA-03909,29,Female,Rural,87500,Bargains,Groupon,Desktop,4.1,Low,1,408.82,0,Gayab Grahak (Groupon One-Timers)
EA-04985,34,Female,Suburban,50000,Wellness,Facebook Ad,Mobile,6.3,High,1,444.76,2,Self-Care Sena (Facebook One-Timers)
EA-03329,33,Female,Urban,40500,Skincare,Groupon,Mobile,2.5,High,1,409.8,0,Gayab Grahak (Groupon One-Timers)
EA-01531,31,Female,Rural,23000,Bargains,Facebook Ad,Mobile,4.0,High,1,212.94,2,Self-Care Sena (Facebook One-Timers)
EA-01411,47,Male,Rural,119500,Anti-aging,Organic Search,Desktop,8.4,Low,2,2500.0,1,Glow Ke Nawab (Organic VIPs)
EA-04295,42,Female,Urban,50500,Anti-aging,Organic Search,Desktop,14.2,Medium,3,1899.0,1,Glow Ke Nawab (Organic VIPs)
EA-04649,31,Female,Suburban,77000,Bargains,Facebook Ad,Mobile,0.9,High,2,239.21,2,Self-Care Sena (Facebook One-Timers)
EA-00084,37,Male,Suburban,58000,Bargains,Facebook Ad,Tablet,2.8,High,1,461.79,2,Self-Care Sena (Facebook One-Timers)
EA-00869,33,Female,Urban,64500,Skincare,Facebook Ad,Tablet,2.1,High,1,384.61,2,Self-Care Sena (Facebook One-Timers)
EA-02351,30,Female,Suburban,76000,Wellness,Facebook Ad,Tablet,0.4,High,1,377.1,2,Self-Care Sena (Facebook One-Timers)
EA-00021,41,Female,Suburban,88000,Anti-aging,Organic Search,Mobile,4.6,Low,3,1913.79,1,Glow Ke Nawab (Organic VIPs)
EA-03425,23,Female,Suburban,70000,Bargains,Facebook Ad,Mobile,2.3,High,2,380.02,2,Self-Care Sena (Facebook One-Timers)
EA-02796,34,Female,Urban,36000,Bargains,Groupon,Desktop,1.8,Medium,1,397.36,0,Gayab Grahak (Groupon One-Timers)
EA-04573,25,Female,Urban,29000,Skincare,Facebook Ad,Tablet,0.4,Medium,1,571.13,2,Self-Care Sena (Facebook One-Timers)
EA-01563,48,Female,Suburban,106000,Anti-aging,Organic Search,Desktop,19.7,Low,5,2168.84,1,Glow Ke Nawab (Organic VIPs)
EA-03094,47,Female,Suburban,85000,Anti-aging,Referral,Desktop,6.7,Medium,2,576.54,3,Hamesha 25 Club (Referral Regulars)
EA-03156,27,Female,Suburban,46000,Bargains,Facebook Ad,Mobile,2.8,High,1,356.21,2,Self-Care Sena (Facebook One-Timers)
EA-00974,61,Non-binary,Rural,77500,Bargains,Referral,Mobile,11.1,Medium,1,955.99,3,Hamesha 25 Club (Referral Regulars)
EA-01711,36,Female,Suburban,123500,Wellness,Organic Search,Mobile,17.4,Medium,5,2084.9,1,Glow Ke Nawab (Organic VIPs)
EA-03202,44,Female,Rural,89000,Anti-aging,Referral,Desktop,7.9,Medium,2,944.8,3,Hamesha 25 Club (Referral Regulars)
EA-04372,29,Female,Suburban,23500,Bargains,Facebook Ad,Mobile,4.2,High,1,514.2,2,Self-Care Sena (Facebook One-Timers)
EA-04820,32,Female,Rural,63500,Bargains,Groupon,Mobile,6.5,High,3,347.68,0,Gayab Grahak (Groupon One-Timers)
EA-01099,46,Female,Urban,77000,Wellness,Organic Search,Desktop,11.6,Medium,3,1703.33,1,Glow Ke Nawab (Organic VIPs)
EA-04162,20,Non-binary,Rural,53500,Bargains,Facebook Ad,Mobile,1.4,High,1,315.33,2,Self-Care Sena (Facebook One-Timers)
EA-02845,37,Female,Urban,103000,Skincare,Facebook Ad,Tablet,5.3,High,1,474.92,2,Self-Care Sena (Facebook One-Timers)
EA-00887,41,Female,Urban,49000,Anti-aging,Facebook Ad,Mobile,1.2,High,1,425.14,2,Self-Care Sena (Facebook One-Timers)
EA-04932,27,Female,Suburban,55500,Bargains,Groupon,Tablet,0.6,Medium,1,282.9,0,Gayab Grahak (Groupon One-Timers)
EA-03679,44,Female,Suburban,60000,Bargains,Facebook Ad,Mobile,5.4,High,1,568.02,2,Self-Care Sena (Facebook One-Timers)
EA-04581,51,Female,Urban,103000,Anti-aging,Organic Search,Desktop,18.6,Low,4,1881.09,1,Glow Ke Nawab (Organic VIPs)
EA-03567,39,Female,Suburban,89000,Anti-aging,Organic Search,Mobile,14.6,Medium,3,2001.38,1,Glow Ke Nawab (Organic VIPs)
EA-04402,55,Female,Suburban,158500,Wellness,Organic Search,Tablet,10.9,Low,3,1969.52,1,Glow Ke Nawab (Organic VIPs)
EA-00516,27,Female,Urban,59500,Bargains,Facebook Ad,Mobile,0.4,High,1,150.0,2,Self-Care Sena (Facebook One-Timers)
EA-04621,25,Female,Urban,37000,Bargains,Facebook Ad,Mobile,3.6,Medium,1,311.5,2,Self-Care Sena (Facebook One-Timers)
EA-00738,25,Female,Suburban,61500,Bargains,Facebook Ad,Mobile,2.4,High,1,434.97,2,Self-Care Sena (Facebook One-Timers)
EA-01454,38,Female,Suburban,104500,Skincare,Referral,Mobile,1.9,Medium,1,469.77,3,Hamesha 25 Club (Referral Regulars)
EA-03972,31,Female,Suburban,55000,Skincare,Facebook Ad,Mobile,4.1,Medium,1,343.93,2,Self-Care Sena (Facebook One-Timers)
EA-04701,25,Male,Urban,94000,Wellness,Referral,Mobile,10.1,High,1,970.02,3,Hamesha 25 Club (Referral Regulars)
EA-02507,48,Female,Suburban,60500,Anti-aging,Referral,Mobile,13.3,Low,1,448.65,3,Hamesha 25 Club (Referral Regulars)
EA-02995,36,Male,Suburban,48000,Bargains,Groupon,Mobile,5.4,High,1,621.64,0,Gayab Grahak (Groupon One-Timers)
EA-02127,30,Male,Suburban,86000,Bargains,Facebook Ad,Mobile,5.9,High,1,450.98,2,Self-Care Sena (Facebook One-Timers)
EA-02927,49,Female,Suburban,89500,Wellness,Organic Search,Tablet,4.7,High,4,1795.98,1,Glow Ke Nawab (Organic VIPs)
EA-04746,31,Female,Urban,63500,Bargains,Facebook Ad,Desktop,4.0,High,1,428.23,2,Self-Care Sena (Facebook One-Timers)
EA-00907,35,Female,Suburban,52500,Bargains,Groupon,Mobile,1.4,High,1,449.35,0,Gayab Grahak (Groupon One-Timers)
EA-03648,24,Female,Urban,47500,Skincare,Facebook Ad,Mobile,1.5,Medium,3,612.94,2,Self-Care Sena (Facebook One-Timers)
EA-01031,41,Female,Suburban,85000,Anti-aging,Groupon,Mobile,3.1,High,3,399.42,0,Gayab Grahak (Groupon One-Timers)
EA-02508,57,Non-binary,Suburban,74500,Bargains,Referral,Mobile,11.3,Medium,1,822.46,3,Hamesha 25 Club (Referral Regulars)
EA-02429,28,Female,Rural,52000,Bargains,Groupon,Mobile,3.8,Medium,1,360.38,0,Gayab Grahak (Groupon One-Timers)
EA-00948,49,Female,Suburban,147500,Skincare,Organic Search,Mobile,13.9,Medium,4,740.08,1,Glow Ke Nawab (Organic VIPs)
EA-03807,28,Female,Rural,119500,Wellness,Organic Search,Desktop,15.0,Medium,4,1710.9,1,Glow Ke Nawab (Organic VIPs)
EA-04755,42,Female,Urban,98500,Skincare,Referral,Mobile,15.2,Low,2,604.86,3,Hamesha 25 Club (Referral Regulars)
EA-00716,23,Female,Suburban,50500,Bargains,Facebook Ad,Tablet,5.6,Medium,1,405.92,2,Self-Care Sena (Facebook One-Timers)
EA-04056,28,Female,Urban,102500,Skincare,Organic Search,Desktop,7.8,Low,3,2327.22,1,Glow Ke Nawab (Organic VIPs)
EA-00687,35,Male,Urban,58500,Bargains,Groupon,Mobile,5.5,Medium,1,427.83,0,Gayab Grahak (Groupon One-Timers)
EA-00704,44,Female,Suburban,98500,Anti-aging,Organic Search,Mobile,14.1,Low,4,1688.36,1,Glow Ke Nawab (Organic VIPs)
EA-03342,61,Female,Urban,144500,Skincare,Organic Search,Tablet,10.6,Medium,3,1545.28,1,Glow Ke Nawab (Organic VIPs)
EA-02354,28,Female,Urban,26000,Bargains,Groupon,Mobile,0.8,High,1,334.68,0,Gayab Grahak (Groupon One-Timers)
EA-02258,40,Female,Suburban,104500,Anti-aging,Organic Search,Mobile,15.9,Low,3,2274.64,1,Glow Ke Nawab (Organic VIPs)
EA-03552,24,Female,Urban,78000,Bargains,Groupon,Desktop,2.9,High,1,544.38,0,Gayab Grahak (Groupon One-Timers)
EA-00474,26,Female,Urban,50000,Anti-aging,Facebook Ad,Mobile,4.1,High,1,477.5,2,Self-Care Sena (Facebook One-Timers)
EA-00022,34,Male,Suburban,56500,Bargains,Facebook Ad,Mobile,5.9,Medium,1,465.48,2,Self-Care Sena (Facebook One-Timers)
EA-02753,49,Female,Suburban,127000,Anti-aging,Organic Search,Mobile,19.7,Medium,7,1855.81,1,Glow Ke Nawab (Organic VIPs)
EA-00886,24,Female,Suburban,68000,Skincare,Facebook Ad,Mobile,1.4,High,2,213.86,2,Self-Care Sena (Facebook One-Timers)
EA-02449,19,Female,Urban,29500,Bargains,Groupon,Mobile,4.2,Medium,1,150.02,0,Gayab Grahak (Groupon One-Timers)
EA-00918,27,Male,Suburban,50000,Bargains,Facebook Ad,Mobile,6.5,High,1,150.0,2,Self-Care Sena (Facebook One-Timers)
EA-03758,39,Male,Suburban,25000,Skincare,Facebook Ad,Mobile,2.9,Medium,2,313.34,2,Self-Care Sena (Facebook One-Timers)
EA-03752,28,Female,Rural,53500,Bargains,Groupon,Mobile,3.2,Medium,1,462.6,0,Gayab Grahak (Groupon One-Timers)
EA-02240,19,Female,Urban,73000,Bargains,Groupon,Desktop,6.5,High,1,685.75,0,Gayab Grahak (Groupon One-Timers)
EA-03845,52,Female,Suburban,123000,Skincare,Referral,Mobile,15.1,Low,3,497.67,3,Hamesha 25 Club (Referral Regulars)
EA-03396,53,Female,Rural,98500,Anti-aging,Referral,Mobile,9.1,Medium,1,888.79,3,Hamesha 25 Club (Referral Regulars)
EA-01266,48,Female,Urban,126500,Wellness,Organic Search,Desktop,17.0,Medium,5,1715.52,1,Glow Ke Nawab (Organic VIPs)
EA-00484,31,Female,Suburban,49500,Wellness,Facebook Ad,Mobile,4.9,High,2,274.04,2,Self-Care Sena (Facebook One-Timers)
EA-04338,37,Female,Suburban,39500,Anti-aging,Facebook Ad,Mobile,3.5,High,1,150.0,2,Self-Care Sena (Facebook One-Timers)
EA-02964,32,Male,Suburban,99500,Bargains,Groupon,Mobile,2.6,Medium,1,369.91,0,Gayab Grahak (Groupon One-Timers)
EA-01220,28,Male,Rural,39000,Bargains,Facebook Ad,Mobile,2.3,High,1,402.2,2,Self-Care Sena (Facebook One-Timers)
EA-00278,23,Female,Suburban,76000,Skincare,Groupon,Mobile,2.6,Medium,1,204.25,0,Gayab Grahak (Groupon One-Timers)
EA-00989,34,Male,Urban,40500,Wellness,Facebook Ad,Mobile,4.1,High,3,563.77,2,Self-Care Sena (Facebook One-Timers)
EA-02085,34,Female,Urban,130500,Anti-aging,Organic Search,Mobile,11.0,Medium,2,2153.72,1,Glow Ke Nawab (Organic VIPs)
EA-01246,24,Male,Urban,93500,Skincare,Facebook Ad,Tablet,2.5,High,1,387.58,2,Self-Care Sena (Facebook One-Timers)
EA-02383,40,Female,Suburban,56000,Bargains,Facebook Ad,Mobile,5.4,High,1,504.96,2,Self-Care Sena (Facebook One-Timers)
EA-00572,50,Male,Suburban,78000,Anti-aging,Organic Search,Mobile,5.9,Low,3,1553.33,1,Glow Ke Nawab (Organic VIPs)
EA-01436,52,Female,Suburban,68000,Anti-aging,Referral,Desktop,9.4,Medium,2,753.81,3,Hamesha 25 Club (Referral Regulars)
EA-00994,36,Female,Suburban,71500,Bargains,Facebook Ad,Mobile,5.6,Medium,1,481.67,2,Self-Care Sena (Facebook One-Timers)
EA-03931,37,Female,Urban,37000,Skincare,Groupon,Mobile,3.5,High,1,549.26,0,Gayab Grahak (Groupon One-Timers)
EA-03448,48,Female,Suburban,93500,Skincare,Organic Search,Tablet,18.7,Low,5,1671.8,1,Glow Ke Nawab (Organic VIPs)
EA-00586,33,Female,Suburban,98500,Skincare,Groupon,Mobile,1.6,Medium,1,380.7,0,Gayab Grahak (Groupon One-Timers)
EA-03659,58,Male,Urban,127500,Wellness,Organic Search,Mobile,4.9,Low,2,1723.03,1,Glow Ke Nawab (Organic VIPs)
EA-02515,33,Female,Rural,48000,Bargains,Facebook Ad,Mobile,4.1,High,2,279.85,2,Self-Care Sena (Facebook One-Timers)
EA-01350,24,Female,Suburban,35000,Bargains,Facebook Ad,Mobile,3.5,High,1,409.05,2,Self-Care Sena (Facebook One-Timers)
EA-01008,32,Female,Suburban,37000,Skincare,Facebook Ad,Mobile,2.0,Low,1,319.15,2,Self-Care Sena (Facebook One-Timers)
EA-00675,35,Female,Suburban,59500,Bargains,Groupon,Mobile,0.4,High,1,373.23,0,Gayab Grahak (Groupon One-Timers)
EA-02413,32,Female,Urban,63000,Bargains,Groupon,Mobile,2.2,High,1,457.71,0,Gayab Grahak (Groupon One-Timers)
EA-02904,41,Female,Urban,78000,Skincare,Referral,Mobile,12.7,High,4,684.59,3,Hamesha 25 Club (Referral Regulars)
EA-00448,20,Male,Urban,49500,Bargains,Groupon,Mobile,2.2,Medium,1,506.2,0,Gayab Grahak (Groupon One-Timers)
EA-03835,29,Female,Rural,73000,Bargains,Facebook Ad,Mobile,2.0,High,1,458.21,2,Self-Care Sena (Facebook One-Timers)
EA-03759,25,Female,Urban,89500,Skincare,Referral,Desktop,5.8,Low,1,610.58,3,Hamesha 25 Club (Referral Regulars)
EA-03704,40,Male,Urban,90000,Anti-aging,Organic Search,Desktop,13.0,Low,3,2175.9,1,Glow Ke Nawab (Organic VIPs)
EA-00360,35,Female,Rural,88000,Bargains,Groupon,Mobile,1.3,High,1,311.07,0,Gayab Grahak (Groupon One-Timers)
EA-02065,25,Female,Suburban,54500,Bargains,Groupon,Mobile,7.2,High,1,442.36,0,Gayab Grahak (Groupon One-Timers)
EA-04450,28,Male,Rural,53500,Bargains,Facebook Ad,Mobile,0.9,Low,1,200.55,2,Self-Care Sena (Facebook One-Timers)
EA-03811,23,Female,Suburban,31500,Skincare,Groupon,Mobile,2.0,High,1,456.75,0,Gayab Grahak (Groupon One-Timers)
EA-01691,45,Female,Suburban,147500,Anti-aging,Organic Search,Desktop,16.0,Medium,4,1676.12,1,Glow Ke Nawab (Organic VIPs)
EA-04327,27,Female,Urban,33000,Bargains,Facebook Ad,Mobile,2.9,Medium,1,493.85,2,Self-Care Sena (Facebook One-Timers)
EA-01549,35,Female,Urban,46000,Bargains,Facebook Ad,Mobile,4.6,High,1,292.01,2,Self-Care Sena (Facebook One-Timers)
EA-01248,19,Female,Suburban,54500,Skincare,Facebook Ad,Mobile,0.6,High,1,367.03,2,Self-Care Sena (Facebook One-Timers)
EA-01986,50,Female,Suburban,50000,Anti-aging,Referral,Mobile,12.0,Medium,1,548.95,3,Hamesha 25 Club (Referral Regulars)
EA-00295,46,Female,Suburban,99000,Anti-aging,Organic Search,Desktop,10.9,Low,3,2124.79,1,Glow Ke Nawab (Organic VIPs)
EA-01548,50,Non-binary,Urban,101000,Anti-aging,Organic Search,Mobile,8.5,Low,4,1619.68,1,Glow Ke Nawab (Organic VIPs)
EA-02013,23,Non-binary,Suburban,48000,Bargains,Facebook Ad,Mobile,1.6,High,1,468.75,2,Self-Care Sena (Facebook One-Timers)
EA-00589,33,Female,Suburban,38500,Skincare,Facebook Ad,Tablet,3.3,Medium,1,474.17,2,Self-Care Sena (Facebook One-Timers)
EA-03330,43,Female,Urban,61000,Bargains,Facebook Ad,Mobile,4.1,High,1,347.49,2,Self-Care Sena (Facebook One-Timers)
EA-02404,44,Female,Rural,64000,Wellness,Referral,Desktop,7.4,Medium,4,864.98,3,Hamesha 25 Club (Referral Regulars)
EA-02130,37,Female,Suburban,26500,Bargains,Facebook Ad,Mobile,4.7,High,1,424.98,2,Self-Care Sena (Facebook One-Timers)
EA-04389,36,Female,Suburban,141000,Wellness,Organic Search,Desktop,21.2,Medium,3,1652.49,1,Glow Ke Nawab (Organic VIPs)
EA-02411,57,Male,Suburban,155500,Wellness,Organic Search,Desktop,11.9,Low,3,2190.17,1,Glow Ke Nawab (Organic VIPs)
EA-02720,24,Female,Urban,36500,Bargains,Groupon,Mobile,7.6,Medium,1,443.02,0,Gayab Grahak (Groupon One-Timers)
EA-00426,42,Female,Suburban,82000,Anti-aging,Organic Search,Desktop,11.7,Low,3,2112.28,1,Glow Ke Nawab (Organic VIPs)
EA-02583,34,Female,Rural,70000,Bargains,Facebook Ad,Mobile,3.5,High,1,443.56,2,Self-Care Sena (Facebook One-Timers)
EA-01055,33,Female,Suburban,45500,Skincare,Facebook Ad,Mobile,5.5,High,1,208.04,2,Self-Care Sena (Facebook One-Timers)
EA-03967,31,Female,Urban,45000,Bargains,Groupon,Mobile,2.3,High,1,254.58,0,Gayab Grahak (Groupon One-Timers)
EA-04563,23,Male,Urban,51000,Skincare,Facebook Ad,Mobile,5.3,High,1,328.83,2,Self-Care Sena (Facebook One-Timers)
EA-00557,36,Female,Rural,44500,Bargains,Facebook Ad,Tablet,4.9,High,1,366.3,2,Self-Care Sena (Facebook One-Timers)
EA-04359,34,Female,Urban,78500,Anti-aging,Groupon,Mobile,1.0,High,1,521.75,0,Gayab Grahak (Groupon One-Timers)
EA-03939,29,Female,Suburban,29500,Bargains,Groupon,Mobile,4.1,High,1,258.02,0,Gayab Grahak (Groupon One-Timers)
EA-04713,29,Female,Rural,60500,Bargains,Groupon,Mobile,1.4,Medium,1,396.71,0,Gayab Grahak (Groupon One-Timers)
EA-02470,25,Female,Suburban,62500,Bargains,Facebook Ad,Mobile,6.5,High,3,416.65,2,Self-Care Sena (Facebook One-Timers)
EA-04711,29,Female,Urban,47000,Skincare,Organic Search,Desktop,20.7,Low,6,1915.64,1,Glow Ke Nawab (Organic VIPs)
EA-00356,28,Female,Urban,47000,Bargains,Groupon,Mobile,4.6,High,1,354.8,0,Gayab Grahak (Groupon One-Timers)
EA-01194,65,Female,Suburban,61000,Skincare,Referral,Tablet,3.0,Medium,2,1246.54,3,Hamesha 25 Club (Referral Regulars)
EA-01717,34,Female,Suburban,62000,Bargains,Facebook Ad,Mobile,4.4,High,1,314.23,2,Self-Care Sena (Facebook One-Timers)
EA-03417,31,Female,Rural,39000,Bargains,Groupon,Tablet,2.2,High,1,337.21,0,Gayab Grahak (Groupon One-Timers)
EA-02605,33,Female,Suburban,66000,Skincare,Facebook Ad,Mobile,2.0,High,1,387.82,2,Self-Care Sena (Facebook One-Timers)
EA-04130,27,Female,Urban,100000,Skincare,Referral,Mobile,6.3,High,2,975.3,3,Hamesha 25 Club (Referral Regulars)
EA-02829,46,Female,Rural,51000,Anti-aging,Organic Search,Desktop,20.6,Low,4,1974.76,1,Glow Ke Nawab (Organic VIPs)
EA-01705,21,Female,Urban,61500,Bargains,Groupon,Mobile,3.4,High,1,390.16,0,Gayab Grahak (Groupon One-Timers)
EA-02864,23,Female,Urban,42500,Skincare,Facebook Ad,Desktop,7.1,High,1,290.6,2,Self-Care Sena (Facebook One-Timers)
EA-02619,30,Male,Suburban,70000,Skincare,Organic Search,Mobile,13.4,Low,3,1821.54,1,Glow Ke Nawab (Organic VIPs)
EA-02401,41,Female,Suburban,62500,Bargains,Groupon,Mobile,3.9,High,1,441.09,0,Gayab Grahak (Groupon One-Timers)
EA-02140,50,Female,Urban,132500,Anti-aging,Organic Search,Desktop,12.1,Medium,3,2500.0,1,Glow Ke Nawab (Organic VIPs)
EA-03240,27,Male,Suburban,52000,Anti-aging,Facebook Ad,Mobile,3.9,High,1,324.23,2,Self-Care Sena (Facebook One-Timers)
EA-02384,32,Male,Suburban,66500,Anti-aging,Facebook Ad,Mobile,2.6,Medium,1,408.18,2,Self-Care Sena (Facebook One-Timers)
EA-03219,19,Female,Suburban,24500,Bargains,Facebook Ad,Mobile,2.1,High,1,403.73,2,Self-Care Sena (Facebook One-Timers)
EA-03936,27,Male,Suburban,87500,Bargains,Facebook Ad,Tablet,0.4,Medium,1,285.58,2,Self-Care Sena (Facebook One-Timers)
EA-01286,45,Female,Suburban,57000,Wellness,Referral,Mobile,1.0,Low,3,1133.69,3,Hamesha 25 Club (Referral Regulars)
EA-03797,19,Female,Urban,46000,Bargains,Groupon,Mobile,5.3,High,1,442.93,0,Gayab Grahak (Groupon One-Timers)
EA-04895,52,Female,Suburban,113000,Anti-aging,Organic Search,Mobile,15.7,Low,4,2249.76,1,Glow Ke Nawab (Organic VIPs)
EA-04469,35,Female,Urban,60000,Skincare,Referral,Mobile,8.8,Medium,1,582.59,3,Hamesha 25 Club (Referral Regulars)
EA-02088,28,Female,Suburban,60500,Bargains,Facebook Ad,Mobile,2.8,High,1,229.6,2,Self-Care Sena (Facebook One-Timers)
EA-01890,30,Female,Suburban,41000,Bargains,Groupon,Tablet,1.5,High,3,462.91,0,Gayab Grahak (Groupon One-Timers)
EA-04623,21,Female,Suburban,67000,Bargains,Groupon,Desktop,3.3,High,1,168.83,0,Gayab Grahak (Groupon One-Timers)
EA-01592,29,Female,Suburban,48000,Bargains,Facebook Ad,Tablet,3.4,Medium,1,383.6,2,Self-Care Sena (Facebook One-Timers)
EA-01347,32,Male,Urban,71000,Bargains,Groupon,Mobile,0.5,High,1,278.61,0,Gayab Grahak (Groupon One-Timers)
EA-04432,37,Male,Urban,73000,Wellness,Referral,Tablet,7.1,Medium,1,1061.66,3,Hamesha 25 Club (Referral Regulars)
EA-02163,32,Female,Rural,23500,Skincare,Facebook Ad,Mobile,4.1,High,1,294.76,2,Self-Care Sena (Facebook One-Timers)
EA-02397,38,Male,Urban,71000,Anti-aging,Facebook Ad,Mobile,3.0,High,1,213.01,2,Self-Care Sena (Facebook One-Timers)
EA-04769,38,Female,Rural,75500,Bargains,Facebook Ad,Desktop,4.5,High,1,596.18,2,Self-Care Sena (Facebook One-Timers)
EA-02272,35,Female,Suburban,63000,Bargains,Groupon,Mobile,5.0,High,1,501.89,0,Gayab Grahak (Groupon One-Timers)
EA-04491,19,Female,Suburban,30500,Bargains,Groupon,Mobile,1.3,Medium,1,319.62,0,Gayab Grahak (Groupon One-Timers)
EA-03112,23,Female,Suburban,49000,Bargains,Facebook Ad,Mobile,3.6,High,1,374.28,2,Self-Care Sena (Facebook One-Timers)
EA-01138,26,Female,Urban,80000,Skincare,Groupon,Mobile,4.3,Medium,1,362.42,0,Gayab Grahak (Groupon One-Timers)
EA-03896,36,Male,Rural,47000,Bargains,Groupon,Mobile,4.7,High,1,150.0,0,Gayab Grahak (Groupon One-Timers)
EA-00973,33,Female,Rural,63000,Bargains,Facebook Ad,Mobile,0.4,High,2,386.06,2,Self-Care Sena (Facebook One-Timers)
EA-00796,33,Female,Suburban,87000,Bargains,Facebook Ad,Mobile,0.4,Medium,2,287.75,2,Self-Care Sena (Facebook One-Timers)
EA-03021,19,Female,Suburban,64000,Bargains,Facebook Ad,Mobile,1.9,Medium,1,404.23,2,Self-Care Sena (Facebook One-Timers)
EA-01712,35,Female,Suburban,65500,Bargains,Facebook Ad,Mobile,5.7,Medium,1,559.97,2,Self-Care Sena (Facebook One-Timers)
EA-03388,25,Female,Suburban,79500,Anti-aging,Referral,Mobile,10.7,Medium,1,898.44,3,Hamesha 25 Club (Referral Regulars)
EA-00037,27,Female,Urban,52500,Bargains,Facebook Ad,Mobile,4.3,High,1,430.87,2,Self-Care Sena (Facebook One-Timers)
EA-00454,25,Female,Suburban,37500,Wellness,Facebook Ad,Desktop,3.6,Medium,1,393.41,2,Self-Care Sena (Facebook One-Timers)
EA-00914,53,Female,Suburban,96000,Skincare,Referral,Desktop,1.9,High,2,853.64,3,Hamesha 25 Club (Referral Regulars)
EA-04082,35,Male,Suburban,37000,Bargains,Facebook Ad,Mobile,0.4,Medium,1,499.48,2,Self-Care Sena (Facebook One-Timers)
EA-01200,40,Female,Suburban,74000,Anti-aging,Organic Search,Mobile,12.6,Medium,3,2126.94,1,Glow Ke Nawab (Organic VIPs)
EA-01275,34,Female,Suburban,51000,Bargains,Facebook Ad,Mobile,1.2,Medium,1,436.54,2,Self-Care Sena (Facebook One-Timers)
EA-02376,28,Female,Urban,65500,Bargains,Facebook Ad,Mobile,2.2,High,1,150.0,2,Self-Care Sena (Facebook One-Timers)
EA-00038,19,Female,Suburban,22500,Bargains,Groupon,Mobile,6.6,High,1,241.22,0,Gayab Grahak (Groupon One-Timers)
EA-00975,30,Female,Urban,23000,Bargains,Facebook Ad,Desktop,4.6,High,1,476.21,2,Self-Care Sena (Facebook One-Timers)
EA-03196,19,Female,Urban,22000,Bargains,Facebook Ad,Mobile,6.4,Medium,1,427.37,2,Self-Care Sena (Facebook One-Timers)
EA-00984,39,Female,Urban,73500,Skincare,Groupon,Tablet,2.6,High,1,150.0,0,Gayab Grahak (Groupon One-Timers)
EA-03905,31,Female,Urban,48000,Bargains,Facebook Ad,Mobile,0.4,Medium,2,348.14,2,Self-Care Sena (Facebook One-Timers)
EA-04070,50,Female,Suburban,71500,Bargains,Facebook Ad,Mobile,2.5,Medium,1,356.88,3,Hamesha 25 Club (Referral Regulars)
EA-01419,38,Female,Rural,93500,Skincare,Referral,Mobile,15.6,Medium,3,586.56,3,Hamesha 25 Club (Referral Regulars)
EA-03333,19,Female,Urban,45500,Bargains,Facebook Ad,Mobile,3.8,High,1,416.34,2,Self-Care Sena (Facebook One-Timers)
EA-01561,47,Female,Urban,86500,Skincare,Referral,Mobile,5.0,Medium,1,1001.26,3,Hamesha 25 Club (Referral Regulars)
EA-00040,44,Male,Urban,125500,Skincare,Organic Search,Desktop,9.9,Medium,2,1634.29,1,Glow Ke Nawab (Organic VIPs)
EA-01487,42,Female,Urban,104000,Skincare,Referral,Desktop,1.0,Medium,1,614.14,3,Hamesha 25 Club (Referral Regulars)
EA-03884,26,Female,Urban,42500,Anti-aging,Groupon,Mobile,2.3,High,1,421.1,0,Gayab Grahak (Groupon One-Timers)
EA-00170,36,Male,Suburban,71000,Anti-aging,Referral,Mobile,9.6,Medium,2,777.45,3,Hamesha 25 Club (Referral Regulars)
EA-01356,29,Female,Urban,43500,Anti-aging,Facebook Ad,Mobile,3.6,High,1,375.45,2,Self-Care Sena (Facebook One-Timers)
EA-02786,52,Female,Suburban,100000,Anti-aging,Organic Search,Mobile,15.4,Low,3,2500.0,1,Glow Ke Nawab (Organic VIPs)
EA-03633,24,Female,Suburban,48500,Bargains,Groupon,Mobile,4.2,Low,1,465.29,0,Gayab Grahak (Groupon One-Timers)
EA-04749,52,Female,Urban,114500,Anti-aging,Organic Search,Tablet,12.7,Low,4,2052.63,1,Glow Ke Nawab (Organic VIPs)
EA-04005,40,Male,Suburban,88500,Skincare,Groupon,Mobile,2.1,High,1,282.62,0,Gayab Grahak (Groupon One-Timers)
EA-02683,33,Female,Urban,49000,Bargains,Facebook Ad,Mobile,2.2,High,1,533.21,2,Self-Care Sena (Facebook One-Timers)
EA-04705,30,Female,Suburban,38000,Wellness,Facebook Ad,Mobile,3.1,High,1,246.95,2,Self-Care Sena (Facebook One-Timers)
EA-04026,25,Male,Rural,93000,Wellness,Referral,Mobile,9.3,Medium,2,880.31,3,Hamesha 25 Club (Referral Regulars)
EA-01641,42,Female,Urban,99500,Anti-aging,Organic Search,Desktop,7.2,Medium,4,1632.7,1,Glow Ke Nawab (Organic VIPs)
EA-01291,28,Female,Urban,49000,Skincare,Groupon,Mobile,4.6,High,3,456.01,0,Gayab Grahak (Groupon One-Timers)
EA-01381,32,Female,Rural,43500,Bargains,Groupon,Mobile,5.6,High,1,337.16,0,Gayab Grahak (Groupon One-Timers)
EA-01934,35,Female,Urban,74500,Anti-aging,Organic Search,Desktop,10.2,Low,3,1851.07,1,Glow Ke Nawab (Organic VIPs)
EA-00580,22,Female,Urban,34500,Bargains,Facebook Ad,Mobile,1.6,High,1,363.65,2,Self-Care Sena (Facebook One-Timers)
EA-04221,27,Female,Suburban,74000,Bargains,Facebook Ad,Mobile,2.1,Medium,1,354.41,2,Self-Care Sena (Facebook One-Timers)
EA-03161,36,Male,Urban,112500,Anti-aging,Referral,Tablet,12.7,Medium,1,811.48,3,Hamesha 25 Club (Referral Regulars)
EA-02031,29,Male,Suburban,74500,Skincare,Facebook Ad,Tablet,3.6,High,1,193.07,2,Self-Care Sena (Facebook One-Timers)
EA-00893,19,Female,Suburban,59000,Wellness,Facebook Ad,Desktop,1.3,High,1,407.21,2,Self-Care Sena (Facebook One-Timers)
EA-03952,44,Female,Urban,104500,Wellness,Referral,Desktop,7.9,Low,1,1233.45,3,Hamesha 25 Club (Referral Regulars)
EA-00781,37,Male,Rural,71500,Bargains,Facebook Ad,Mobile,2.7,Low,1,356.33,2,Self-Care Sena (Facebook One-Timers)
EA-00160,38,Male,Suburban,108000,Wellness,Organic Search,Mobile,24.5,High,5,2083.03,1,Glow Ke Nawab (Organic VIPs)
EA-00003,51,Female,Suburban,61500,Anti-aging,Organic Search,Mobile,19.1,Medium,3,1737.25,1,Glow Ke Nawab (Organic VIPs)
EA-02264,43,Female,Urban,62000,Skincare,Facebook Ad,Mobile,3.1,High,1,330.98,2,Self-Care Sena (Facebook One-Timers)
EA-03217,28,Female,Urban,55500,Bargains,Facebook Ad,Mobile,7.8,Medium,1,358.29,2,Self-Care Sena (Facebook One-Timers)
EA-02110,42,Female,Urban,46000,Skincare,Facebook Ad,Desktop,6.1,High,1,470.22,2,Self-Care Sena (Facebook One-Timers)
EA-00850,33,Female,Suburban,99000,Skincare,Referral,Mobile,13.6,Low,1,849.14,3,Hamesha 25 Club (Referral Regulars)
EA-02738,19,Female,Urban,74000,Bargains,Groupon,Mobile,5.8,Medium,1,414.97,0,Gayab Grahak (Groupon One-Timers)
EA-02467,31,Female,Suburban,143500,Skincare,Organic Search,Desktop,22.3,Low,5,1955.54,1,Glow Ke Nawab (Organic VIPs)
EA-03651,31,Female,Rural,50000,Bargains,Facebook Ad,Mobile,5.8,Medium,1,382.8,2,Self-Care Sena (Facebook One-Timers)
EA-01597,32,Female,Urban,52000,Bargains,Facebook Ad,Mobile,3.9,Medium,1,325.79,2,Self-Care Sena (Facebook One-Timers)
EA-01777,46,Female,Urban,87500,Anti-aging,Organic Search,Desktop,21.0,Low,4,1765.36,1,Glow Ke Nawab (Organic VIPs)
EA-01914,23,Female,Suburban,70000,Bargains,Groupon,Mobile,2.9,Medium,1,379.09,0,Gayab Grahak (Groupon One-Timers)
EA-01044,37,Female,Suburban,88000,Anti-aging,Organic Search,Mobile,14.4,Medium,3,2136.28,1,Glow Ke Nawab (Organic VIPs)
EA-04714,45,Female,Urban,97000,Skincare,Referral,Tablet,3.7,Medium,1,1264.31,3,Hamesha 25 Club (Referral Regulars)
EA-01545,28,Female,Suburban,47000,Bargains,Groupon,Mobile,3.0,High,1,344.69,0,Gayab Grahak (Groupon One-Timers)
EA-02737,46,Female,Urban,63500,Skincare,Facebook Ad,Mobile,4.6,Medium,1,409.05,2,Self-Care Sena (Facebook One-Timers)
EA-03707,30,Female,Suburban,74500,Bargains,Facebook Ad,Desktop,3.2,Medium,1,248.37,2,Self-Care Sena (Facebook One-Timers)
EA-04618,27,Female,Urban,97000,Skincare,Groupon,Desktop,3.5,High,1,331.67,0,Gayab Grahak (Groupon One-Timers)
EA-00054,47,Male,Suburban,122000,Anti-aging,Organic Search,Desktop,12.5,Low,3,2045.77,1,Glow Ke Nawab (Organic VIPs)
EA-01797,26,Female,Suburban,46500,Bargains,Groupon,Mobile,3.1,High,1,397.53,0,Gayab Grahak (Groupon One-Timers)
EA-01912,21,Female,Suburban,45000,Bargains,Facebook Ad,Mobile,4.9,High,1,326.23,2,Self-Care Sena (Facebook One-Timers)
EA-02307,30,Female,Urban,72500,Bargains,Groupon,Mobile,6.5,High,1,262.81,0,Gayab Grahak (Groupon One-Timers)
EA-02554,36,Female,Urban,51500,Skincare,Referral,Desktop,17.0,Medium,2,499.67,3,Hamesha 25 Club (Referral Regulars)
EA-02801,42,Female,Suburban,84500,Wellness,Referral,Mobile,10.8,Medium,1,821.69,3,Hamesha 25 Club (Referral Regulars)
EA-04087,34,Male,Suburban,72500,Bargains,Groupon,Mobile,0.5,High,1,423.2,0,Gayab Grahak (Groupon One-Timers)
EA-04128,29,Female,Urban,56500,Bargains,Groupon,Mobile,2.2,High,1,269.68,0,Gayab Grahak (Groupon One-Timers)
EA-00825,53,Female,Urban,70500,Anti-aging,Organic Search,Desktop,15.6,Low,2,1642.81,1,Glow Ke Nawab (Organic VIPs)
EA-04734,26,Female,Suburban,24000,Bargains,Facebook Ad,Mobile,3.5,High,2,210.85,2,Self-Care Sena (Facebook One-Timers)
EA-03179,35,Female,Urban,46000,Skincare,Facebook Ad,Mobile,3.3,High,1,409.85,2,Self-Care Sena (Facebook One-Timers)
EA-03402,43,Female,Urban,129500,Anti-aging,Organic Search,Desktop,14.2,Medium,4,1771.71,1,Glow Ke Nawab (Organic VIPs)
EA-01390,28,Female,Suburban,54000,Bargains,Facebook Ad,Mobile,0.4,High,1,382.84,2,Self-Care Sena (Facebook One-Timers)
EA-03565,25,Female,Suburban,91500,Bargains,Referral,Tablet,7.6,Medium,3,313.8,3,Hamesha 25 Club (Referral Regulars)
EA-04877,39,Female,Urban,51000,Skincare,Facebook Ad,Mobile,6.8,High,1,380.53,2,Self-Care Sena (Facebook One-Timers)
EA-00885,29,Female,Rural,68500,Bargains,Facebook Ad,Desktop,7.6,High,1,347.97,2,Self-Care Sena (Facebook One-Timers)
EA-03806,30,Female,Urban,56000,Bargains,Facebook Ad,Mobile,1.3,High,1,403.73,2,Self-Care Sena (Facebook One-Timers)
EA-01608,41,Non-binary,Rural,56500,Bargains,Facebook Ad,Mobile,6.1,High,4,353.58,2,Self-Care Sena (Facebook One-Timers)
EA-01595,48,Female,Rural,101000,Wellness,Organic Search,Mobile,5.7,Medium,5,2168.51,1,Glow Ke Nawab (Organic VIPs)
EA-00772,38,Male,Suburban,63500,Bargains,Groupon,Mobile,5.7,Medium,1,297.0,0,Gayab Grahak (Groupon One-Timers)
EA-02612,54,Male,Suburban,101000,Wellness,Organic Search,Mobile,12.0,High,4,1429.06,1,Glow Ke Nawab (Organic VIPs)
EA-04662,46,Female,Urban,90500,Skincare,Referral,Mobile,12.5,High,3,819.85,3,Hamesha 25 Club (Referral Regulars)
EA-02274,41,Female,Suburban,128000,Anti-aging,Organic Search,Mobile,2.0,Low,3,1642.3,1,Glow Ke Nawab (Organic VIPs)
EA-01869,21,Female,Suburban,64500,Skincare,Groupon,Mobile,2.7,High,1,150.0,0,Gayab Grahak (Groupon One-Timers)
EA-01086,56,Female,Suburban,122500,Skincare,Organic Search,Desktop,24.0,Low,4,2055.64,1,Glow Ke Nawab (Organic VIPs)
EA-00011,28,Female,Rural,98500,Bargains,Facebook Ad,Mobile,5.3,High,1,450.75,2,Self-Care Sena (Facebook One-Timers)
EA-03612,24,Female,Suburban,47500,Bargains,Facebook Ad,Tablet,2.8,High,3,258.36,2,Self-Care Sena (Facebook One-Timers)
EA-01326,55,Female,Suburban,103500,Skincare,Organic Search,Mobile,10.4,Low,4,2137.66,1,Glow Ke Nawab (Organic VIPs)
EA-03391,30,Female,Suburban,70000,Bargains,Facebook Ad,Mobile,3.3,High,1,392.55,2,Self-Care Sena (Facebook One-Timers)
EA-01464,46,Female,Urban,53500,Bargains,Facebook Ad,Mobile,1.4,High,1,200.7,2,Self-Care Sena (Facebook One-Timers)
EA-00807,46,Female,Urban,73000,Skincare,Organic Search,Desktop,7.8,Medium,4,1196.04,1,Glow Ke Nawab (Organic VIPs)
EA-04261,45,Male,Rural,87500,Anti-aging,Referral,Tablet,6.8,Low,2,362.77,3,Hamesha 25 Club (Referral Regulars)
EA-03986,29,Female,Suburban,55000,Skincare,Facebook Ad,Mobile,3.6,Low,1,150.0,2,Self-Care Sena (Facebook One-Timers)
EA-03772,50,Female,Suburban,126000,Anti-aging,Referral,Desktop,4.6,Low,1,893.93,3,Hamesha 25 Club (Referral Regulars)
EA-02109,27,Female,Urban,51000,Bargains,Facebook Ad,Mobile,6.2,High,1,338.46,2,Self-Care Sena (Facebook One-Timers)
EA-04236,19,Male,Urban,45000,Bargains,Facebook Ad,Mobile,4.5,High,1,310.82,2,Self-Care Sena (Facebook One-Timers)
EA-04957,46,Female,Suburban,84500,Anti-aging,Organic Search,Mobile,9.5,Low,4,1983.04,1,Glow Ke Nawab (Organic VIPs)
EA-02235,66,Female,Rural,129500,Skincare,Organic Search,Mobile,12.5,Low,2,1614.67,1,Glow Ke Nawab (Organic VIPs)
EA-03212,35,Non-binary,Urban,65500,Wellness,Organic Search,Mobile,14.4,Low,4,1852.14,1,Glow Ke Nawab (Organic VIPs)
EA-00964,25,Female,Suburban,50500,Wellness,Facebook Ad,Mobile,3.1,High,1,476.18,2,Self-Care Sena (Facebook One-Timers)
EA-03416,38,Female,Rural,65000,Bargains,Facebook Ad,Mobile,2.7,High,1,385.88,2,Self-Care Sena (Facebook One-Timers)
EA-03754,51,Female,Urban,124000,Anti-aging,Organic Search,Mobile,16.3,Low,6,2268.84,1,Glow Ke Nawab (Organic VIPs)
EA-00399,33,Female,Suburban,44500,Anti-aging,Groupon,Mobile,0.4,High,1,337.01,0,Gayab Grahak (Groupon One-Timers)
EA-02633,51,Male,Suburban,93000,Anti-aging,Organic Search,Mobile,16.2,Low,6,1815.08,1,Glow Ke Nawab (Organic VIPs)
EA-04852,46,Male,Rural,63000,Anti-aging,Organic Search,Mobile,18.6,Low,5,1967.48,1,Glow Ke Nawab (Organic VIPs)
EA-02997,40,Female,Urban,104000,Wellness,Organic Search,Tablet,11.5,Low,4,2025.71,1,Glow Ke Nawab (Organic VIPs)
EA-00705,33,Female,Urban,41000,Bargains,Facebook Ad,Mobile,6.1,High,1,315.48,2,Self-Care Sena (Facebook One-Timers)
EA-00432,49,Female,Urban,122000,Anti-aging,Organic Search,Desktop,15.0,Medium,3,2062.59,1,Glow Ke Nawab (Organic VIPs)
EA-00293,45,Female,Suburban,88500,Skincare,Referral,Mobile,18.6,Medium,2,945.75,3,Hamesha 25 Club (Referral Regulars)
EA-04868,39,Female,Suburban,81000,Bargains,Facebook Ad,Desktop,6.9,High,1,473.15,2,Self-Care Sena (Facebook One-Timers)
EA-00146,26,Female,Urban,68000,Skincare,Facebook Ad,Mobile,0.8,High,1,464.69,2,Self-Care Sena (Facebook One-Timers)
EA-04394,61,Female,Suburban,123500,Wellness,Organic Search,Desktop,9.8,Low,5,1900.59,1,Glow Ke Nawab (Organic VIPs)
EA-02034,25,Female,Rural,25500,Bargains,Groupon,Mobile,4.2,High,1,457.68,0,Gayab Grahak (Groupon One-Timers)
EA-04284,29,Female,Rural,57000,Bargains,Facebook Ad,Mobile,3.1,High,1,196.34,2,Self-Care Sena (Facebook One-Timers)
EA-01166,33,Female,Suburban,89000,Skincare,Organic Search,Mobile,20.7,Medium,5,1548.37,1,Glow Ke Nawab (Organic VIPs)
EA-03501,31,Female,Suburban,47000,Bargains,Groupon,Mobile,3.1,Medium,1,364.25,0,Gayab Grahak (Groupon One-Timers)
EA-02051,31,Female,Rural,43500,Skincare,Referral,Desktop,9.5,Medium,2,925.01,3,Hamesha 25 Club (Referral Regulars)
EA-02625,30,Female,Suburban,63500,Bargains,Groupon,Mobile,2.8,High,1,294.11,0,Gayab Grahak (Groupon One-Timers)
EA-04379,37,Female,Suburban,88000,Skincare,Referral,Mobile,3.1,Medium,1,1116.29,3,Hamesha 25 Club (Referral Regulars)
EA-00340,49,Male,Suburban,88500,Skincare,Referral,Mobile,9.0,Medium,3,721.84,3,Hamesha 25 Club (Referral Regulars)
EA-03880,19,Female,Suburban,61500,Bargains,Groupon,Mobile,5.7,High,1,461.48,0,Gayab Grahak (Groupon One-Timers)
EA-04633,25,Male,Urban,39500,Wellness,Facebook Ad,Tablet,0.8,High,1,208.22,2,Self-Care Sena (Facebook One-Timers)
EA-02974,40,Female,Suburban,96000,Skincare,Referral,Desktop,1.0,Medium,2,809.57,3,Hamesha 25 Club (Referral Regulars)
EA-00266,37,Female,Suburban,75500,Bargains,Facebook Ad,Mobile,8.3,High,1,150.0,2,Self-Care Sena (Facebook One-Timers)
EA-02425,45,Female,Suburban,58000,Anti-aging,Referral,Desktop,10.2,High,4,552.65,3,Hamesha 25 Club (Referral Regulars)
EA-01263,34,Female,Urban,48500,Bargains,Facebook Ad,Mobile,2.3,Medium,1,571.54,2,Self-Care Sena (Facebook One-Timers)
EA-01772,38,Male,Urban,59000,Skincare,Organic Search,Desktop,20.5,High,4,2267.07,1,Glow Ke Nawab (Organic VIPs)
EA-03512,58,Non-binary,Suburban,98000,Wellness,Organic Search,Mobile,18.9,Low,6,1775.05,1,Glow Ke Nawab (Organic VIPs)
EA-00272,30,Female,Suburban,55500,Bargains,Facebook Ad,Desktop,0.6,High,1,327.73,2,Self-Care Sena (Facebook One-Timers)
EA-00697,44,Female,Urban,146000,Anti-aging,Organic Search,Desktop,16.2,Medium,4,1387.94,1,Glow Ke Nawab (Organic VIPs)
EA-00748,43,Female,Urban,57000,Wellness,Groupon,Tablet,4.7,High,1,216.72,0,Gayab Grahak (Groupon One-Timers)
EA-00245,20,Female,Urban,28000,Bargains,Groupon,Mobile,4.5,High,1,267.65,0,Gayab Grahak (Groupon One-Timers)
EA-00318,49,Female,Urban,85500,Anti-aging,Organic Search,Desktop,9.1,Low,3,2280.17,1,Glow Ke Nawab (Organic VIPs)
EA-00477,49,Female,Urban,64500,Skincare,Groupon,Mobile,1.6,High,1,425.77,0,Gayab Grahak (Groupon One-Timers)
EA-02033,34,Female,Urban,61000,Bargains,Facebook Ad,Desktop,3.0,High,1,335.7,2,Self-Care Sena (Facebook One-Timers)
EA-00958,34,Female,Suburban,32500,Bargains,Groupon,Mobile,5.2,High,3,393.81,0,Gayab Grahak (Groupon One-Timers)
EA-03817,27,Female,Urban,56000,Anti-aging,Groupon,Mobile,7.5,High,1,380.6,0,Gayab Grahak (Groupon One-Timers)
EA-00814,30,Female,Suburban,53000,Bargains,Groupon,Mobile,7.8,Medium,1,380.61,0,Gayab Grahak (Groupon One-Timers)
EA-04533,52,Female,Rural,52500,Skincare,Organic Search,Mobile,17.7,Low,3,1726.01,1,Glow Ke Nawab (Organic VIPs)
EA-01915,27,Male,Rural,86500,Bargains,Facebook Ad,Mobile,2.7,High,1,150.0,2,Self-Care Sena (Facebook One-Timers)
EA-04603,39,Female,Suburban,58000,Skincare,Referral,Desktop,17.0,Low,3,979.09,3,Hamesha 25 Club (Referral Regulars)
EA-03488,48,Female,Suburban,78500,Skincare,Organic Search,Mobile,11.9,Medium,4,2058.81,1,Glow Ke Nawab (Organic VIPs)
EA-01298,35,Female,Urban,65500,Bargains,Facebook Ad,Desktop,0.5,High,2,408.91,2,Self-Care Sena (Facebook One-Timers)
EA-04031,31,Female,Urban,80000,Skincare,Groupon,Mobile,3.9,High,1,228.6,0,Gayab Grahak (Groupon One-Timers)
EA-01805,49,Female,Suburban,159000,Anti-aging,Organic Search,Desktop,17.3,Low,4,1517.23,1,Glow Ke Nawab (Organic VIPs)
EA-00759,42,Female,Suburban,36000,Wellness,Facebook Ad,Tablet,1.9,High,1,554.83,2,Self-Care Sena (Facebook One-Timers)
EA-00251,53,Female,Urban,66000,Skincare,Organic Search,Desktop,8.1,Low,3,1965.12,1,Glow Ke Nawab (Organic VIPs)
EA-02462,49,Female,Suburban,64000,Wellness,Organic Search,Desktop,19.4,Low,4,2290.19,1,Glow Ke Nawab (Organic VIPs)
EA-00546,20,Female,Suburban,66500,Bargains,Groupon,Mobile,1.4,High,1,393.03,0,Gayab Grahak (Groupon One-Timers)
EA-03242,32,Female,Suburban,51000,Bargains,Groupon,Tablet,0.4,High,1,150.0,0,Gayab Grahak (Groupon One-Timers)
EA-00739,30,Female,Rural,45500,Bargains,Facebook Ad,Mobile,3.9,High,1,473.99,2,Self-Care Sena (Facebook One-Timers)
EA-00311,31,Female,Urban,51500,Wellness,Groupon,Mobile,4.0,High,1,515.35,0,Gayab Grahak (Groupon One-Timers)
EA-03781,39,Male,Urban,70500,Wellness,Facebook Ad,Tablet,6.6,Medium,1,273.86,2,Self-Care Sena (Facebook One-Timers)
EA-02942,32,Female,Rural,48500,Bargains,Facebook Ad,Desktop,4.6,High,1,380.32,2,Self-Care Sena (Facebook One-Timers)
EA-01132,31,Female,Urban,60000,Anti-aging,Groupon,Tablet,4.0,Low,1,448.51,0,Gayab Grahak (Groupon One-Timers)
EA-01450,33,Female,Urban,60000,Bargains,Facebook Ad,Mobile,4.7,High,1,358.13,2,Self-Care Sena (Facebook One-Timers)
EA-04920,39,Female,Suburban,79500,Bargains,Facebook Ad,Mobile,1.4,High,1,399.57,2,Self-Care Sena (Facebook One-Timers)
EA-00016,31,Male,Suburban,75500,Bargains,Facebook Ad,Mobile,2.0,High,1,308.25,2,Self-Care Sena (Facebook One-Timers)
EA-03233,23,Female,Urban,28500,Bargains,Groupon,Desktop,0.5,High,1,304.34,0,Gayab Grahak (Groupon One-Timers)
EA-02770,38,Female,Urban,66500,Skincare,Referral,Desktop,2.6,Medium,2,829.39,3,Hamesha 25 Club (Referral Regulars)
EA-03469,29,Female,Urban,52500,Bargains,Facebook Ad,Mobile,3.6,High,1,357.98,2,Self-Care Sena (Facebook One-Timers)
EA-00921,32,Non-binary,Urban,41500,Bargains,Facebook Ad,Mobile,1.4,High,1,306.17,2,Self-Care Sena (Facebook One-Timers)
EA-03030,27,Female,Rural,71000,Bargains,Facebook Ad,Mobile,2.8,High,1,398.87,2,Self-Care Sena (Facebook One-Timers)
EA-01373,34,Female,Suburban,60500,Bargains,Facebook Ad,Mobile,4.0,Medium,1,187.41,2,Self-Care Sena (Facebook One-Timers)
EA-03588,27,Female,Urban,69000,Skincare,Groupon,Mobile,4.2,High,1,318.16,0,Gayab Grahak (Groupon One-Timers)
EA-02545,20,Female,Suburban,65500,Bargains,Groupon,Mobile,1.5,High,1,486.71,0,Gayab Grahak (Groupon One-Timers)
EA-03599,33,Female,Suburban,75000,Anti-aging,Referral,Desktop,10.9,Medium,2,799.46,3,Hamesha 25 Club (Referral Regulars)
EA-00039,30,Female,Urban,97000,Skincare,Facebook Ad,Mobile,3.2,High,1,407.57,2,Self-Care Sena (Facebook One-Timers)
EA-00364,35,Female,Urban,51500,Bargains,Facebook Ad,Mobile,3.5,High,1,370.04,2,Self-Care Sena (Facebook One-Timers)
EA-04102,40,Female,Suburban,73000,Bargains,Organic Search,Mobile,19.8,Low,5,1663.96,1,Glow Ke Nawab (Organic VIPs)
EA-00183,28,Female,Urban,49000,Bargains,Groupon,Mobile,5.7,High,1,439.6,0,Gayab Grahak (Groupon One-Timers)
EA-03034,41,Female,Urban,65500,Bargains,Facebook Ad,Mobile,2.4,Medium,1,385.43,2,Self-Care Sena (Facebook One-Timers)
EA-02984,37,Female,Urban,72500,Bargains,Groupon,Mobile,6.1,Medium,1,359.25,0,Gayab Grahak (Groupon One-Timers)
EA-01195,35,Female,Suburban,89500,Skincare,Organic Search,Mobile,9.5,Medium,4,1905.67,1,Glow Ke Nawab (Organic VIPs)
EA-02853,40,Female,Rural,49500,Wellness,Organic Search,Desktop,12.0,Low,3,1919.39,1,Glow Ke Nawab (Organic VIPs)
EA-04543,39,Female,Urban,88000,Bargains,Referral,Desktop,12.1,High,1,321.7,3,Hamesha 25 Club (Referral Regulars)
EA-01122,34,Female,Suburban,57000,Bargains,Facebook Ad,Mobile,3.4,High,1,457.67,2,Self-Care Sena (Facebook One-Timers)
EA-02236,47,Female,Suburban,77500,Wellness,Organic Search,Desktop,16.8,High,2,1946.81,1,Glow Ke Nawab (Organic VIPs)
EA-02668,34,Female,Urban,59000,Bargains,Facebook Ad,Mobile,7.9,Medium,1,396.88,2,Self-Care Sena (Facebook One-Timers)
EA-03700,24,Female,Suburban,54000,Bargains,Groupon,Mobile,3.5,High,1,207.71,0,Gayab Grahak (Groupon One-Timers)
EA-03224,34,Female,Suburban,96500,Anti-aging,Organic Search,Mobile,14.6,Low,3,2275.25,1,Glow Ke Nawab (Organic VIPs)
EA-01183,32,Female,Urban,67000,Skincare,Facebook Ad,Mobile,1.6,High,1,565.99,2,Self-Care Sena (Facebook One-Timers)
EA-04185,27,Female,Urban,82500,Skincare,Referral,Desktop,8.5,High,3,599.46,3,Hamesha 25 Club (Referral Regulars)
EA-04294,19,Male,Suburban,50500,Bargains,Groupon,Desktop,5.6,High,3,453.95,0,Gayab Grahak (Groupon One-Timers)
EA-00615,31,Female,Urban,51500,Skincare,Facebook Ad,Mobile,3.8,High,1,150.0,2,Self-Care Sena (Facebook One-Timers)
EA-04909,51,Male,Suburban,86000,Skincare,Organic Search,Mobile,18.4,Medium,4,1518.9,1,Glow Ke Nawab (Organic VIPs)
EA-01467,27,Female,Rural,77000,Bargains,Groupon,Mobile,3.4,Medium,1,359.03,0,Gayab Grahak (Groupon One-Timers)
EA-00402,40,Female,Urban,64500,Skincare,Referral,Tablet,8.2,Medium,2,697.82,3,Hamesha 25 Club (Referral Regulars)
EA-03043,44,Male,Suburban,109000,Anti-aging,Organic Search,Mobile,17.3,Medium,3,2273.23,1,Glow Ke Nawab (Organic VIPs)
EA-00935,38,Male,Suburban,98500,Anti-aging,Organic Search,Desktop,2.4,Medium,5,2194.91,1,Glow Ke Nawab (Organic VIPs)
EA-02420,42,Female,Urban,85000,Wellness,Referral,Desktop,1.0,Medium,1,775.48,3,Hamesha 25 Club (Referral Regulars)
EA-04861,26,Female,Suburban,83500,Bargains,Groupon,Mobile,4.0,High,1,150.0,0,Gayab Grahak (Groupon One-Timers)
EA-04911,42,Female,Rural,91000,Bargains,Facebook Ad,Mobile,2.8,High,1,401.01,2,Self-Care Sena (Facebook One-Timers)
EA-02642,46,Female,Urban,106000,Skincare,Organic Search,Mobile,19.6,Medium,4,2040.7,1,Glow Ke Nawab (Organic VIPs)
EA-04018,25,Female,Suburban,69000,Bargains,Groupon,Mobile,2.6,High,1,392.94,0,Gayab Grahak (Groupon One-Timers)
EA-00727,19,Female,Urban,63500,Bargains,Facebook Ad,Desktop,1.5,High,1,312.92,2,Self-Care Sena (Facebook One-Timers)
EA-00827,34,Female,Rural,67500,Bargains,Groupon,Mobile,4.6,High,1,405.45,0,Gayab Grahak (Groupon One-Timers)
EA-01522,28,Female,Urban,52500,Bargains,Groupon,Tablet,3.4,High,1,380.83,0,Gayab Grahak (Groupon One-Timers)
EA-04857,24,Female,Suburban,42500,Bargains,Groupon,Mobile,0.4,High,1,198.99,0,Gayab Grahak (Groupon One-Timers)
EA-02931,26,Female,Suburban,68500,Bargains,Groupon,Mobile,5.7,High,1,395.84,0,Gayab Grahak (Groupon One-Timers)
EA-00137,29,Female,Suburban,62500,Skincare,Referral,Desktop,7.5,Medium,2,581.02,3,Hamesha 25 Club (Referral Regulars)
EA-03591,46,Female,Urban,126500,Anti-aging,Organic Search,Mobile,12.3,Low,5,2211.83,1,Glow Ke Nawab (Organic VIPs)
EA-00629,32,Male,Suburban,73500,Bargains,Groupon,Mobile,2.3,Medium,1,409.53,0,Gayab Grahak (Groupon One-Timers)
EA-00335,45,Male,Rural,59000,Bargains,Facebook Ad,Mobile,5.3,High,1,191.83,2,Self-Care Sena (Facebook One-Timers)
EA-00391,24,Female,Rural,66000,Bargains,Groupon,Mobile,0.6,Low,1,467.38,0,Gayab Grahak (Groupon One-Timers)
EA-04388,33,Male,Urban,75500,Wellness,Facebook Ad,Mobile,2.5,High,1,537.79,2,Self-Care Sena (Facebook One-Timers)
EA-04905,65,Female,Urban,138000,Wellness,Organic Search,Mobile,15.5,Low,2,1425.73,1,Glow Ke Nawab (Organic VIPs)
EA-03833,21,Female,Suburban,38500,Skincare,Groupon,Mobile,3.5,High,1,362.52,0,Gayab Grahak (Groupon One-Timers)
EA-01818,25,Female,Suburban,43500,Bargains,Groupon,Mobile,0.8,Medium,1,205.7,0,Gayab Grahak (Groupon One-Timers)
EA-00401,26,Female,Suburban,52000,Bargains,Facebook Ad,Mobile,2.1,High,1,269.18,2,Self-Care Sena (Facebook One-Timers)
EA-00711,48,Female,Suburban,75500,Wellness,Referral,Tablet,10.0,High,3,443.63,3,Hamesha 25 Club (Referral Regulars)
EA-01040,26,Female,Suburban,42500,Skincare,Facebook Ad,Mobile,0.4,Medium,1,381.12,2,Self-Care Sena (Facebook One-Timers)
EA-03990,51,Female,Rural,117500,Bargains,Referral,Tablet,8.6,High,2,727.14,3,Hamesha 25 Club (Referral Regulars)
EA-03360,57,Female,Urban,162500,Skincare,Organic Search,Desktop,10.6,Medium,3,1350.37,1,Glow Ke Nawab (Organic VIPs)
EA-00047,44,Female,Urban,76500,Bargains,Facebook Ad,Mobile,1.8,Medium,1,619.86,2,Self-Care Sena (Facebook One-Timers)
EA-01562,38,Female,Urban,51000,Skincare,Groupon,Mobile,0.8,High,1,238.24,0,Gayab Grahak (Groupon One-Timers)
EA-04800,45,Female,Urban,54500,Anti-aging,Organic Search,Desktop,9.3,Low,3,1608.05,1,Glow Ke Nawab (Organic VIPs)
EA-03643,51,Female,Suburban,99500,Wellness,Organic Search,Mobile,19.3,Medium,3,1812.12,1,Glow Ke Nawab (Organic VIPs)
EA-03727,58,Female,Urban,111000,Skincare,Referral,Mobile,5.6,Low,2,873.88,3,Hamesha 25 Club (Referral Regulars)
EA-04983,28,Female,Urban,72500,Bargains,Facebook Ad,Mobile,4.5,High,1,485.86,2,Self-Care Sena (Facebook One-Timers)
EA-01113,32,Female,Rural,46500,Bargains,Groupon,Mobile,3.1,High,1,234.91,0,Gayab Grahak (Groupon One-Timers)
EA-02514,24,Female,Suburban,45000,Bargains,Facebook Ad,Mobile,2.9,High,1,274.1,2,Self-Care Sena (Facebook One-Timers)
EA-03609,22,Female,Suburban,61000,Bargains,Facebook Ad,Mobile,5.6,High,1,370.97,2,Self-Care Sena (Facebook One-Timers)
EA-01224,29,Female,Suburban,49500,Bargains,Groupon,Mobile,3.0,High,1,175.56,0,Gayab Grahak (Groupon One-Timers)
EA-04061,41,Female,Rural,95500,Wellness,Referral,Mobile,11.4,Medium,1,812.39,3,Hamesha 25 Club (Referral Regulars)
EA-03024,38,Male,Suburban,59500,Bargains,Groupon,Tablet,4.9,High,1,401.77,0,Gayab Grahak (Groupon One-Timers)
EA-02422,36,Female,Urban,52000,Bargains,Facebook Ad,Mobile,3.6,High,1,307.71,2,Self-Care Sena (Facebook One-Timers)
EA-01509,30,Female,Urban,43500,Bargains,Facebook Ad,Mobile,4.9,Medium,1,565.16,2,Self-Care Sena (Facebook One-Timers)
EA-01751,23,Female,Rural,68000,Wellness,Groupon,Mobile,2.2,High,1,420.61,0,Gayab Grahak (Groupon One-Timers)
EA-04838,37,Female,Urban,82000,Bargains,Facebook Ad,Mobile,1.1,Medium,1,236.6,2,Self-Care Sena (Facebook One-Timers)
EA-04097,33,Female,Suburban,31000,Bargains,Groupon,Mobile,0.4,High,2,492.09,0,Gayab Grahak (Groupon One-Timers)
EA-01800,25,Male,Suburban,85000,Bargains,Groupon,Desktop,1.4,High,1,390.6,0,Gayab Grahak (Groupon One-Timers)
EA-00339,24,Female,Suburban,43500,Bargains,Facebook Ad,Mobile,4.1,High,1,303.7,2,Self-Care Sena (Facebook One-Timers)
EA-00216,35,Female,Urban,111000,Anti-aging,Organic Search,Desktop,13.5,Medium,4,1944.13,1,Glow Ke Nawab (Organic VIPs)
EA-03664,56,Female,Suburban,112500,Anti-aging,Organic Search,Desktop,17.8,Low,4,1554.75,1,Glow Ke Nawab (Organic VIPs)
EA-01342,42,Female,Suburban,117000,Anti-aging,Organic Search,Tablet,11.9,Low,4,1487.23,1,Glow Ke Nawab (Organic VIPs)
EA-00012,38,Female,Urban,82500,Anti-aging,Referral,Desktop,9.8,High,2,300.01,3,Hamesha 25 Club (Referral Regulars)
EA-01521,19,Female,Suburban,52500,Bargains,Facebook Ad,Mobile,5.8,High,1,444.94,2,Self-Care Sena (Facebook One-Timers)
EA-03641,33,Male,Suburban,55000,Bargains,Facebook Ad,Mobile,5.4,High,1,600.16,2,Self-Care Sena (Facebook One-Timers)
EA-03938,23,Female,Rural,22000,Bargains,Groupon,Mobile,5.5,Medium,1,259.07,0,Gayab Grahak (Groupon One-Timers)
EA-04428,28,Female,Urban,62500,Anti-aging,Facebook Ad,Mobile,6.7,High,1,226.65,2,Self-Care Sena (Facebook One-Timers)
EA-03005,39,Female,Urban,81500,Bargains,Facebook Ad,Mobile,6.4,Medium,1,406.45,2,Self-Care Sena (Facebook One-Timers)
EA-02865,21,Female,Rural,36000,Skincare,Groupon,Mobile,3.2,High,1,389.35,0,Gayab Grahak (Groupon One-Timers)
EA-03116,30,Female,Suburban,64500,Skincare,Groupon,Mobile,1.0,High,1,150.0,0,Gayab Grahak (Groupon One-Timers)
EA-04841,44,Female,Urban,106500,Anti-aging,Organic Search,Mobile,12.7,High,4,2500.0,1,Glow Ke Nawab (Organic VIPs)
EA-02323,21,Female,Urban,73000,Skincare,Facebook Ad,Mobile,8.1,High,4,311.76,2,Self-Care Sena (Facebook One-Timers)
EA-02572,30,Female,Urban,48000,Skincare,Groupon,Mobile,0.4,High,1,335.28,0,Gayab Grahak (Groupon One-Timers)
EA-02914,28,Female,Suburban,118000,Wellness,Organic Search,Desktop,16.5,Low,3,2198.33,1,Glow Ke Nawab (Organic VIPs)
EA-00102,50,Female,Urban,115000,Skincare,Organic Search,Desktop,7.0,Medium,4,1871.74,1,Glow Ke Nawab (Organic VIPs)
EA-03550,46,Female,Urban,72500,Skincare,Organic Search,Desktop,22.4,High,3,2314.48,1,Glow Ke Nawab (Organic VIPs)
EA-01459,37,Female,Urban,87500,Anti-aging,Referral,Desktop,8.7,Low,2,827.89,3,Hamesha 25 Club (Referral Regulars)
EA-00172,30,Male,Urban,46500,Anti-aging,Groupon,Tablet,1.8,High,1,236.69,0,Gayab Grahak (Groupon One-Timers)
EA-00108,42,Female,Urban,76000,Skincare,Facebook Ad,Mobile,1.9,High,1,242.98,2,Self-Care Sena (Facebook One-Timers)
EA-04197,29,Female,Rural,32000,Bargains,Facebook Ad,Tablet,4.2,Medium,1,246.63,2,Self-Care Sena (Facebook One-Timers)
EA-03570,30,Female,Suburban,62500,Bargains,Facebook Ad,Mobile,0.7,High,1,205.81,2,Self-Care Sena (Facebook One-Timers)
EA-04992,44,Female,Suburban,121500,Wellness,Organic Search,Mobile,14.7,Medium,5,1444.71,1,Glow Ke Nawab (Organic VIPs)
EA-04296,25,Female,Urban,44500,Bargains,Facebook Ad,Mobile,2.9,High,1,512.52,2,Self-Care Sena (Facebook One-Timers)
EA-04064,40,Female,Urban,74000,Skincare,Groupon,Desktop,3.1,High,1,355.25,0,Gayab Grahak (Groupon One-Timers)
EA-03862,25,Female,Rural,44000,Bargains,Facebook Ad,Tablet,2.8,High,1,434.86,2,Self-Care Sena (Facebook One-Timers)
EA-04123,36,Female,Urban,93000,Wellness,Organic Search,Tablet,3.3,Medium,2,2500.0,1,Glow Ke Nawab (Organic VIPs)
EA-04630,35,Female,Suburban,54000,Bargains,Facebook Ad,Mobile,1.2,High,1,443.95,2,Self-Care Sena (Facebook One-Timers)
EA-00061,50,Male,Suburban,53500,Anti-aging,Organic Search,Desktop,14.8,Medium,5,1718.11,1,Glow Ke Nawab (Organic VIPs)
EA-01241,34,Female,Suburban,105000,Anti-aging,Organic Search,Mobile,17.6,Medium,6,1670.28,1,Glow Ke Nawab (Organic VIPs)
EA-04638,31,Male,Urban,58500,Anti-aging,Organic Search,Desktop,12.6,Low,4,1792.5,1,Glow Ke Nawab (Organic VIPs)
EA-01041,29,Female,Rural,39000,Bargains,Facebook Ad,Desktop,4.7,Medium,1,353.24,2,Self-Care Sena (Facebook One-Timers)
EA-04188,26,Female,Urban,61500,Bargains,Facebook Ad,Mobile,2.2,High,1,337.87,2,Self-Care Sena (Facebook One-Timers)
EA-02761,43,Female,Urban,99500,Anti-aging,Organic Search,Desktop,14.0,Low,4,2377.38,1,Glow Ke Nawab (Organic VIPs)
EA-02121,23,Female,Urban,62000,Skincare,Facebook Ad,Mobile,4.3,High,1,349.84,2,Self-Care Sena (Facebook One-Timers)
EA-01525,41,Female,Urban,116500,Skincare,Organic Search,Tablet,10.9,Medium,3,1667.32,1,Glow Ke Nawab (Organic VIPs)
EA-03522,30,Female,Suburban,160000,Skincare,Organic Search,Desktop,22.5,Low,5,1605.83,1,Glow Ke Nawab (Organic VIPs)
EA-00154,31,Female,Suburban,36000,Skincare,Groupon,Mobile,2.0,Low,1,409.53,0,Gayab Grahak (Groupon One-Timers)
EA-02249,25,Female,Suburban,63000,Bargains,Facebook Ad,Mobile,0.5,High,1,466.59,2,Self-Care Sena (Facebook One-Timers)
EA-00482,31,Female,Rural,63500,Bargains,Facebook Ad,Mobile,3.5,Low,1,431.55,2,Self-Care Sena (Facebook One-Timers)
EA-04234,57,Female,Urban,137000,Anti-aging,Organic Search,Mobile,5.4,Low,2,2249.08,1,Glow Ke Nawab (Organic VIPs)
EA-04306,27,Female,Rural,79500,Bargains,Facebook Ad,Mobile,6.3,Medium,3,405.81,2,Self-Care Sena (Facebook One-Timers)
EA-03579,36,Female,Urban,156000,Bargains,Organic Search,Desktop,27.0,Low,5,1833.28,1,Glow Ke Nawab (Organic VIPs)
EA-04126,33,Female,Urban,43500,Skincare,Facebook Ad,Mobile,4.2,Medium,1,390.39,2,Self-Care Sena (Facebook One-Timers)
EA-03563,43,Female,Suburban,98500,Bargains,Referral,Desktop,8.8,Medium,2,655.83,3,Hamesha 25 Club (Referral Regulars)
EA-03316,27,Female,Urban,52500,Bargains,Facebook Ad,Mobile,6.4,High,1,281.21,2,Self-Care Sena (Facebook One-Timers)
EA-01763,30,Female,Urban,41500,Skincare,Facebook Ad,Mobile,5.2,High,1,278.68,2,Self-Care Sena (Facebook One-Timers)
EA-03539,34,Female,Suburban,54500,Anti-aging,Facebook Ad,Mobile,5.4,High,1,317.37,2,Self-Care Sena (Facebook One-Timers)
EA-04804,36,Female,Suburban,34000,Skincare,Groupon,Mobile,2.1,High,1,206.29,0,Gayab Grahak (Groupon One-Timers)
EA-00751,28,Female,Suburban,46500,Bargains,Facebook Ad,Mobile,2.1,Medium,3,451.35,2,Self-Care Sena (Facebook One-Timers)
EA-03620,39,Female,Rural,78000,Wellness,Referral,Mobile,14.1,Low,3,937.73,3,Hamesha 25 Club (Referral Regulars)
EA-01786,44,Female,Suburban,102000,Skincare,Organic Search,Desktop,11.4,Low,3,2218.18,1,Glow Ke Nawab (Organic VIPs)
EA-04271,47,Female,Suburban,77000,Wellness,Referral,Mobile,11.5,Medium,3,571.9,3,Hamesha 25 Club (Referral Regulars)
EA-03384,35,Female,Urban,66500,Bargains,Groupon,Tablet,5.3,High,1,385.17,0,Gayab Grahak (Groupon One-Timers)
EA-04349,37,Female,Suburban,64000,Bargains,Groupon,Mobile,4.7,High,1,416.05,0,Gayab Grahak (Groupon One-Timers)
EA-00406,45,Female,Urban,162500,Wellness,Organic Search,Desktop,6.4,Low,2,1554.92,1,Glow Ke Nawab (Organic VIPs)
EA-00758,41,Male,Urban,47500,Skincare,Referral,Tablet,7.5,Medium,1,630.88,3,Hamesha 25 Club (Referral Regulars)
EA-02712,26,Female,Suburban,56000,Bargains,Facebook Ad,Mobile,4.5,Low,1,642.53,2,Self-Care Sena (Facebook One-Timers)
EA-02671,37,Female,Rural,56000,Skincare,Groupon,Mobile,4.4,High,3,416.94,0,Gayab Grahak (Groupon One-Timers)
EA-03984,26,Female,Urban,64500,Skincare,Facebook Ad,Tablet,0.4,High,1,474.21,2,Self-Care Sena (Facebook One-Timers)
EA-00098,27,Female,Urban,61000,Skincare,Facebook Ad,Mobile,3.4,High,3,429.95,2,Self-Care Sena (Facebook One-Timers)
EA-01334,25,Female,Urban,86000,Wellness,Referral,Mobile,14.3,Medium,3,780.59,3,Hamesha 25 Club (Referral Regulars)
EA-04452,37,Female,Suburban,95000,Wellness,Referral,Desktop,8.3,Medium,3,998.4,3,Hamesha 25 Club (Referral Regulars)
EA-02792,22,Male,Urban,49000,Bargains,Facebook Ad,Tablet,4.1,High,1,323.57,2,Self-Care Sena (Facebook One-Timers)
EA-02855,52,Female,Urban,133500,Anti-aging,Organic Search,Desktop,4.8,High,1,1481.75,3,Hamesha 25 Club (Referral Regulars)
EA-00187,30,Female,Urban,29500,Bargains,Facebook Ad,Mobile,1.0,High,1,300.63,2,Self-Care Sena (Facebook One-Timers)
EA-04004,23,Female,Suburban,57000,Wellness,Facebook Ad,Mobile,5.5,High,1,184.82,2,Self-Care Sena (Facebook One-Timers)
EA-02724,27,Female,Urban,44000,Bargains,Groupon,Mobile,2.9,Low,1,442.72,0,Gayab Grahak (Groupon One-Timers)
EA-03584,58,Female,Urban,89000,Wellness,Organic Search,Mobile,14.5,Low,6,1658.6,1,Glow Ke Nawab (Organic VIPs)
EA-02059,35,Female,Urban,65500,Skincare,Facebook Ad,Mobile,2.8,High,1,536.86,2,Self-Care Sena (Facebook One-Timers)
EA-01320,46,Female,Urban,98500,Skincare,Organic Search,Mobile,7.3,Medium,3,2254.56,1,Glow Ke Nawab (Organic VIPs)
EA-00149,37,Female,Suburban,56000,Skincare,Groupon,Mobile,1.1,High,1,307.15,0,Gayab Grahak (Groupon One-Timers)
EA-00029,24,Female,Urban,58500,Bargains,Facebook Ad,Desktop,1.0,High,1,350.8,2,Self-Care Sena (Facebook One-Timers)
EA-04141,34,Female,Urban,31500,Bargains,Facebook Ad,Tablet,2.7,High,1,180.03,2,Self-Care Sena (Facebook One-Timers)
EA-04010,36,Female,Urban,58000,Bargains,Groupon,Mobile,4.4,High,1,528.71,0,Gayab Grahak (Groupon One-Timers)
EA-03364,32,Female,Urban,56500,Bargains,Groupon,Desktop,5.1,High,1,424.48,0,Gayab Grahak (Groupon One-Timers)
EA-00693,25,Female,Suburban,56500,Skincare,Facebook Ad,Mobile,2.7,Medium,1,355.24,2,Self-Care Sena (Facebook One-Timers)
EA-02867,25,Female,Urban,77500,Bargains,Groupon,Mobile,1.5,Medium,3,426.54,0,Gayab Grahak (Groupon One-Timers)
EA-03777,53,Female,Suburban,73000,Wellness,Organic Search,Desktop,24.9,Medium,6,1689.03,1,Glow Ke Nawab (Organic VIPs)
EA-01387,54,Female,Suburban,124500,Wellness,Organic Search,Desktop,19.9,Low,2,1648.16,1,Glow Ke Nawab (Organic VIPs)
EA-01846,21,Female,Urban,53000,Skincare,Groupon,Mobile,6.0,High,1,341.36,0,Gayab Grahak (Groupon One-Timers)
EA-04731,29,Female,Urban,71000,Bargains,Facebook Ad,Mobile,8.1,High,1,171.88,2,Self-Care Sena (Facebook One-Timers)
EA-00130,27,Female,Suburban,39500,Bargains,Groupon,Mobile,2.2,High,1,449.57,0,Gayab Grahak (Groupon One-Timers)
EA-01600,31,Female,Suburban,51000,Bargains,Facebook Ad,Mobile,5.7,High,1,463.09,2,Self-Care Sena (Facebook One-Timers)
EA-03630,28,Female,Urban,68000,Bargains,Facebook Ad,Mobile,3.3,High,1,420.9,2,Self-Care Sena (Facebook One-Timers)
EA-04504,23,Female,Suburban,65500,Bargains,Groupon,Mobile,1.2,High,1,158.77,0,Gayab Grahak (Groupon One-Timers)
EA-00702,34,Female,Urban,65500,Bargains,Facebook Ad,Desktop,4.0,High,1,367.23,2,Self-Care Sena (Facebook One-Timers)
EA-03983,19,Female,Urban,38500,Bargains,Groupon,Mobile,1.2,High,1,228.24,0,Gayab Grahak (Groupon One-Timers)
EA-03029,22,Female,Urban,36500,Bargains,Groupon,Mobile,3.8,Medium,3,337.4,0,Gayab Grahak (Groupon One-Timers)
EA-02970,26,Female,Suburban,38000,Bargains,Facebook Ad,Mobile,2.1,High,1,363.61,2,Self-Care Sena (Facebook One-Timers)
EA-04357,40,Female,Suburban,99000,Skincare,Referral,Mobile,6.0,Low,1,855.23,3,Hamesha 25 Club (Referral Regulars)
EA-01709,28,Female,Rural,132500,Anti-aging,Organic Search,Tablet,8.9,Medium,3,1978.8,1,Glow Ke Nawab (Organic VIPs)
EA-02954,28,Female,Suburban,85500,Skincare,Referral,Desktop,7.4,Medium,3,797.55,3,Hamesha 25 Club (Referral Regulars)
EA-00455,19,Female,Rural,75000,Bargains,Facebook Ad,Tablet,3.4,Medium,1,297.42,2,Self-Care Sena (Facebook One-Timers)
EA-02869,34,Female,Urban,101500,Skincare,Referral,Mobile,7.7,Medium,4,673.49,3,Hamesha 25 Club (Referral Regulars)
EA-02041,31,Female,Suburban,63000,Bargains,Facebook Ad,Tablet,4.5,High,1,317.56,2,Self-Care Sena (Facebook One-Timers)
EA-01773,29,Female,Suburban,73000,Bargains,Groupon,Mobile,2.4,High,1,447.77,0,Gayab Grahak (Groupon One-Timers)
EA-02316,40,Male,Suburban,63500,Skincare,Facebook Ad,Mobile,3.1,High,1,443.44,2,Self-Care Sena (Facebook One-Timers)
EA-00610,26,Female,Rural,62500,Bargains,Groupon,Mobile,5.5,High,1,409.14,0,Gayab Grahak (Groupon One-Timers)
EA-00168,42,Non-binary,Suburban,119000,Skincare,Organic Search,Mobile,11.3,Low,4,1512.19,1,Glow Ke Nawab (Organic VIPs)
EA-00731,39,Female,Rural,48000,Bargains,Facebook Ad,Mobile,2.1,Medium,1,484.15,2,Self-Care Sena (Facebook One-Timers)
EA-04249,23,Female,Urban,41000,Anti-aging,Facebook Ad,Mobile,5.9,High,4,363.84,2,Self-Care Sena (Facebook One-Timers)
EA-03359,55,Female,Urban,153000,Skincare,Organic Search,Desktop,15.3,Medium,4,2063.97,1,Glow Ke Nawab (Organic VIPs)
EA-02075,28,Female,Urban,61500,Wellness,Facebook Ad,Tablet,2.7,High,1,255.27,2,Self-Care Sena (Facebook One-Timers)
EA-04040,49,Female,Suburban,122500,Skincare,Organic Search,Mobile,12.5,Low,4,2477.91,1,Glow Ke Nawab (Organic VIPs)
EA-03701,36,Female,Suburban,105500,Skincare,Organic Search,Tablet,18.8,Low,5,1377.66,1,Glow Ke Nawab (Organic VIPs)
EA-01623,65,Female,Suburban,81500,Bargains,Organic Search,Mobile,14.3,Medium,4,1837.45,1,Glow Ke Nawab (Organic VIPs)
EA-00588,33,Male,Suburban,67500,Bargains,Facebook Ad,Desktop,3.4,High,1,410.21,2,Self-Care Sena (Facebook One-Timers)
EA-01402,25,Female,Suburban,48500,Bargains,Facebook Ad,Mobile,9.0,High,1,507.62,2,Self-Care Sena (Facebook One-Timers)
EA-03046,44,Female,Suburban,81000,Skincare,Referral,Desktop,8.4,Medium,2,300.0,3,Hamesha 25 Club (Referral Regulars)
EA-03225,43,Female,Suburban,78500,Bargains,Facebook Ad,Mobile,4.7,High,1,300.38,2,Self-Care Sena (Facebook One-Timers)
EA-01701,45,Male,Suburban,94000,Skincare,Referral,Desktop,3.4,Low,2,390.82,3,Hamesha 25 Club (Referral Regulars)
EA-03089,36,Female,Urban,45500,Bargains,Groupon,Desktop,4.3,High,1,192.36,0,Gayab Grahak (Groupon One-Timers)
EA-04391,29,Female,Urban,78500,Bargains,Facebook Ad,Mobile,4.6,High,1,358.1,2,Self-Care Sena (Facebook One-Timers)
EA-02982,23,Female,Rural,61000,Wellness,Facebook Ad,Mobile,0.4,Medium,1,157.26,2,Self-Care Sena (Facebook One-Timers)
EA-00041,30,Female,Suburban,57000,Bargains,Groupon,Mobile,5.4,High,1,385.96,0,Gayab Grahak (Groupon One-Timers)
EA-01380,47,Female,Rural,52000,Skincare,Groupon,Mobile,4.9,High,1,527.71,0,Gayab Grahak (Groupon One-Timers)
EA-02090,29,Female,Suburban,44500,Bargains,Groupon,Mobile,5.5,Medium,1,287.58,0,Gayab Grahak (Groupon One-Timers)
EA-02176,19,Female,Urban,79500,Skincare,Groupon,Mobile,6.3,High,1,359.62,0,Gayab Grahak (Groupon One-Timers)
EA-03218,39,Female,Suburban,48500,Bargains,Facebook Ad,Mobile,2.3,High,1,183.34,2,Self-Care Sena (Facebook One-Timers)
EA-02886,36,Female,Rural,40000,Bargains,Facebook Ad,Mobile,4.6,Medium,1,510.0,2,Self-Care Sena (Facebook One-Timers)
EA-00075,21,Female,Suburban,67500,Bargains,Facebook Ad,Mobile,2.3,Medium,1,396.97,2,Self-Care Sena (Facebook One-Timers)
EA-03910,33,Female,Urban,95500,Anti-aging,Organic Search,Desktop,21.6,Low,5,1830.63,1,Glow Ke Nawab (Organic VIPs)
EA-04965,24,Female,Urban,54000,Bargains,Facebook Ad,Desktop,4.0,High,1,375.01,2,Self-Care Sena (Facebook One-Timers)
EA-02658,34,Female,Urban,71500,Bargains,Groupon,Mobile,6.7,High,1,484.51,0,Gayab Grahak (Groupon One-Timers)
EA-03181,46,Female,Suburban,98000,Anti-aging,Referral,Desktop,9.9,High,4,717.15,3,Hamesha 25 Club (Referral Regulars)
EA-02077,42,Female,Suburban,76000,Skincare,Referral,Mobile,7.0,Low,2,571.03,3,Hamesha 25 Club (Referral Regulars)
EA-00442,26,Female,Suburban,63000,Bargains,Facebook Ad,Mobile,5.6,High,1,315.26,2,Self-Care Sena (Facebook One-Timers)
EA-04052,37,Female,Urban,92000,Anti-aging,Organic Search,Mobile,24.1,Low,3,1647.39,1,Glow Ke Nawab (Organic VIPs)
EA-02052,26,Female,Suburban,22000,Anti-aging,Facebook Ad,Tablet,3.8,Medium,1,328.17,2,Self-Care Sena (Facebook One-Timers)
EA-02542,23,Female,Urban,82000,Bargains,Groupon,Mobile,3.7,High,1,312.87,0,Gayab Grahak (Groupon One-Timers)
EA-03307,25,Female,Rural,68500,Bargains,Facebook Ad,Mobile,3.1,High,2,269.83,2,Self-Care Sena (Facebook One-Timers)
EA-01302,31,Female,Rural,72500,Bargains,Groupon,Mobile,4.3,High,1,354.7,0,Gayab Grahak (Groupon One-Timers)
EA-01782,43,Female,Suburban,69000,Skincare,Organic Search,Mobile,22.0,Medium,5,1679.86,1,Glow Ke Nawab (Organic VIPs)
EA-04815,31,Female,Rural,60000,Bargains,Groupon,Mobile,1.7,High,1,320.18,0,Gayab Grahak (Groupon One-Timers)
EA-03431,34,Female,Urban,57500,Bargains,Groupon,Mobile,4.3,High,1,252.51,0,Gayab Grahak (Groupon One-Timers)
EA-01305,63,Female,Suburban,155500,Bargains,Organic Search,Mobile,7.5,Medium,4,2076.64,1,Glow Ke Nawab (Organic VIPs)
EA-00237,38,Female,Suburban,64000,Bargains,Groupon,Mobile,5.6,High,1,211.82,0,Gayab Grahak (Groupon One-Timers)
EA-02600,46,Female,Rural,106500,Anti-aging,Referral,Tablet,7.5,Low,2,755.31,3,Hamesha 25 Club (Referral Regulars)
EA-00521,41,Non-binary,Urban,73000,Skincare,Organic Search,Mobile,20.2,Low,6,2138.91,1,Glow Ke Nawab (Organic VIPs)
EA-02574,45,Female,Urban,103000,Anti-aging,Organic Search,Mobile,11.7,Medium,2,2051.71,1,Glow Ke Nawab (Organic VIPs)
EA-03281,54,Female,Urban,117500,Wellness,Organic Search,Desktop,5.4,Medium,2,1866.27,1,Glow Ke Nawab (Organic VIPs)
EA-03187,44,Female,Urban,104000,Bargains,Organic Search,Desktop,16.6,Low,2,2316.25,1,Glow Ke Nawab (Organic VIPs)
EA-02769,52,Female,Suburban,67000,Skincare,Organic Search,Desktop,17.1,Low,4,1531.02,1,Glow Ke Nawab (Organic VIPs)
EA-00736,29,Female,Urban,121000,Anti-aging,Organic Search,Desktop,10.8,Medium,3,2421.13,1,Glow Ke Nawab (Organic VIPs)
EA-04704,41,Female,Suburban,62500,Wellness,Facebook Ad,Mobile,4.5,Medium,1,190.91,2,Self-Care Sena (Facebook One-Timers)
EA-04930,35,Female,Urban,77500,Wellness,Facebook Ad,Mobile,2.2,High,1,190.21,2,Self-Care Sena (Facebook One-Timers)
EA-02107,51,Non-binary,Suburban,57000,Anti-aging,Organic Search,Desktop,4.7,Medium,3,1309.69,3,Hamesha 25 Club (Referral Regulars)
EA-02680,29,Female,Suburban,80500,Skincare,Facebook Ad,Mobile,3.9,High,1,360.14,2,Self-Care Sena (Facebook One-Timers)
EA-03230,26,Female,Suburban,38000,Bargains,Groupon,Desktop,6.0,High,1,375.3,0,Gayab Grahak (Groupon One-Timers)
EA-02762,37,Female,Urban,80000,Anti-aging,Referral,Mobile,9.9,Medium,1,949.63,3,Hamesha 25 Club (Referral Regulars)
EA-00593,20,Female,Urban,48000,Bargains,Facebook Ad,Mobile,1.6,High,1,150.0,2,Self-Care Sena (Facebook One-Timers)
EA-01304,31,Female,Suburban,61000,Skincare,Facebook Ad,Desktop,3.8,Medium,1,379.67,2,Self-Care Sena (Facebook One-Timers)
EA-01388,26,Female,Urban,30000,Bargains,Facebook Ad,Mobile,2.3,High,1,398.09,2,Self-Care Sena (Facebook One-Timers)
EA-04696,33,Female,Suburban,51000,Wellness,Organic Search,Mobile,17.1,Low,5,1993.24,1,Glow Ke Nawab (Organic VIPs)
EA-04527,28,Female,Suburban,115500,Anti-aging,Organic Search,Desktop,24.8,Medium,5,1551.88,1,Glow Ke Nawab (Organic VIPs)
EA-03948,35,Female,Suburban,50000,Skincare,Facebook Ad,Tablet,2.2,High,1,461.63,2,Self-Care Sena (Facebook One-Timers)
EA-01891,28,Female,Urban,50500,Bargains,Facebook Ad,Mobile,4.8,Low,1,179.56,2,Self-Care Sena (Facebook One-Timers)
EA-02988,19,Female,Rural,22000,Bargains,Groupon,Mobile,1.8,High,1,515.01,0,Gayab Grahak (Groupon One-Timers)
EA-04925,37,Male,Suburban,96500,Bargains,Groupon,Mobile,5.5,High,1,553.11,0,Gayab Grahak (Groupon One-Timers)
EA-03298,41,Female,Rural,62000,Bargains,Groupon,Mobile,1.2,High,1,298.71,0,Gayab Grahak (Groupon One-Timers)
EA-00905,30,Female,Urban,37000,Skincare,Referral,Desktop,11.0,Medium,3,769.43,3,Hamesha 25 Club (Referral Regulars)
EA-04610,31,Female,Suburban,101500,Skincare,Referral,Mobile,7.5,High,1,300.0,3,Hamesha 25 Club (Referral Regulars)
EA-01280,37,Female,Urban,60500,Bargains,Groupon,Tablet,0.4,Medium,1,455.35,0,Gayab Grahak (Groupon One-Timers)
EA-00934,42,Female,Suburban,83500,Anti-aging,Organic Search,Desktop,23.7,Low,6,2195.06,1,Glow Ke Nawab (Organic VIPs)
EA-04900,32,Female,Urban,97000,Wellness,Organic Search,Mobile,16.7,Medium,2,2132.28,1,Glow Ke Nawab (Organic VIPs)
EA-02309,24,Female,Suburban,38000,Wellness,Groupon,Mobile,3.6,High,1,503.9,0,Gayab Grahak (Groupon One-Timers)
EA-01556,51,Male,Urban,105000,Skincare,Organic Search,Mobile,10.8,Low,3,2500.0,1,Glow Ke Nawab (Organic VIPs)
EA-04534,36,Male,Suburban,51500,Bargains,Groupon,Mobile,4.1,High,1,266.87,0,Gayab Grahak (Groupon One-Timers)
EA-03191,28,Male,Suburban,49500,Bargains,Facebook Ad,Mobile,5.8,Medium,1,150.0,2,Self-Care Sena (Facebook One-Timers)
EA-04442,28,Female,Suburban,35500,Bargains,Facebook Ad,Tablet,1.8,High,1,468.18,2,Self-Care Sena (Facebook One-Timers)
EA-00707,31,Female,Suburban,53500,Anti-aging,Organic Search,Desktop,6.4,Low,2,2375.24,1,Glow Ke Nawab (Organic VIPs)
EA-04691,31,Female,Urban,57000,Bargains,Groupon,Tablet,2.9,High,1,311.33,0,Gayab Grahak (Groupon One-Timers)
EA-03071,28,Female,Suburban,78500,Bargains,Facebook Ad,Tablet,4.5,High,1,397.85,2,Self-Care Sena (Facebook One-Timers)
EA-00746,27,Female,Suburban,36000,Skincare,Groupon,Mobile,1.8,High,1,291.93,0,Gayab Grahak (Groupon One-Timers)
EA-03595,28,Female,Suburban,42500,Bargains,Facebook Ad,Mobile,1.7,High,1,283.42,2,Self-Care Sena (Facebook One-Timers)
EA-01940,23,Female,Rural,62500,Wellness,Facebook Ad,Mobile,6.5,Medium,3,473.62,2,Self-Care Sena (Facebook One-Timers)
EA-04401,37,Female,Suburban,95500,Skincare,Organic Search,Desktop,17.7,Low,4,2152.61,1,Glow Ke Nawab (Organic VIPs)
EA-02863,26,Female,Suburban,52500,Bargains,Facebook Ad,Mobile,1.8,High,1,486.7,2,Self-Care Sena (Facebook One-Timers)
EA-03997,29,Female,Urban,45000,Bargains,Facebook Ad,Mobile,4.4,High,1,344.89,2,Self-Care Sena (Facebook One-Timers)
EA-00514,35,Female,Urban,62000,Bargains,Facebook Ad,Mobile,6.0,High,1,396.63,2,Self-Care Sena (Facebook One-Timers)
EA-00082,40,Female,Urban,63000,Bargains,Facebook Ad,Tablet,0.4,Medium,1,330.51,2,Self-Care Sena (Facebook One-Timers)
EA-04977,22,Female,Urban,59000,Bargains,Groupon,Mobile,4.3,Medium,1,380.27,0,Gayab Grahak (Groupon One-Timers)
EA-01309,26,Female,Urban,35000,Bargains,Facebook Ad,Mobile,3.2,Medium,1,150.0,2,Self-Care Sena (Facebook One-Timers)
EA-04615,34,Female,Urban,51000,Anti-aging,Facebook Ad,Mobile,3.3,High,1,400.55,2,Self-Care Sena (Facebook One-Timers)
EA-00915,46,Female,Suburban,84000,Skincare,Referral,Mobile,11.2,Low,3,486.41,3,Hamesha 25 Club (Referral Regulars)
EA-03453,25,Female,Urban,49000,Skincare,Facebook Ad,Mobile,2.9,High,1,334.18,2,Self-Care Sena (Facebook One-Timers)
EA-03696,42,Female,Urban,61000,Bargains,Groupon,Mobile,3.1,Medium,1,206.93,0,Gayab Grahak (Groupon One-Timers)
EA-04805,54,Female,Urban,99000,Skincare,Organic Search,Mobile,16.2,Medium,4,1709.28,1,Glow Ke Nawab (Organic VIPs)
EA-03157,25,Female,Suburban,44500,Bargains,Facebook Ad,Mobile,3.3,High,1,308.06,2,Self-Care Sena (Facebook One-Timers)
EA-02199,21,Male,Suburban,70000,Skincare,Facebook Ad,Mobile,10.0,High,1,242.12,2,Self-Care Sena (Facebook One-Timers)
EA-04233,39,Female,Suburban,73500,Anti-aging,Organic Search,Mobile,2.8,Low,3,2353.54,1,Glow Ke Nawab (Organic VIPs)
EA-00775,26,Female,Urban,27500,Skincare,Facebook Ad,Mobile,2.0,Medium,1,538.3,2,Self-Care Sena (Facebook One-Timers)
EA-00330,28,Female,Suburban,54000,Bargains,Facebook Ad,Mobile,4.3,High,1,308.5,2,Self-Care Sena (Facebook One-Timers)
EA-02055,38,Female,Rural,52500,Bargains,Facebook Ad,Mobile,2.5,High,1,344.92,2,Self-Care Sena (Facebook One-Timers)
EA-02002,28,Female,Suburban,27500,Bargains,Groupon,Mobile,0.4,High,1,576.96,0,Gayab Grahak (Groupon One-Timers)
EA-00944,25,Female,Urban,72500,Bargains,Groupon,Mobile,4.0,Medium,1,750.0,0,Gayab Grahak (Groupon One-Timers)
EA-00823,39,Female,Suburban,46500,Bargains,Facebook Ad,Mobile,0.4,High,1,477.03,2,Self-Care Sena (Facebook One-Timers)
EA-04528,49,Male,Urban,77000,Anti-aging,Organic Search,Desktop,23.4,Medium,4,1599.53,1,Glow Ke Nawab (Organic VIPs)
EA-00910,36,Male,Urban,59500,Bargains,Facebook Ad,Desktop,1.6,High,3,524.14,2,Self-Care Sena (Facebook One-Timers)
EA-02517,31,Female,Urban,61500,Bargains,Facebook Ad,Mobile,3.0,High,1,360.15,2,Self-Care Sena (Facebook One-Timers)
EA-00182,48,Female,Suburban,90000,Bargains,Referral,Mobile,8.2,Low,3,933.97,3,Hamesha 25 Club (Referral Regulars)
EA-00165,32,Female,Urban,78000,Bargains,Groupon,Mobile,6.0,High,1,401.43,0,Gayab Grahak (Groupon One-Timers)
EA-01524,45,Female,Suburban,151000,Anti-aging,Organic Search,Mobile,10.7,Medium,5,2099.79,1,Glow Ke Nawab (Organic VIPs)
EA-00452,51,Female,Suburban,133500,Anti-aging,Organic Search,Desktop,4.2,High,2,1598.43,1,Glow Ke Nawab (Organic VIPs)
EA-02539,21,Female,Suburban,22000,Skincare,Facebook Ad,Mobile,1.5,High,1,495.98,2,Self-Care Sena (Facebook One-Timers)
EA-04138,44,Female,Rural,85500,Anti-aging,Organic Search,Desktop,8.7,Low,4,1475.57,1,Glow Ke Nawab (Organic VIPs)
EA-04776,29,Female,Urban,53500,Bargains,Facebook Ad,Mobile,5.5,High,1,387.45,2,Self-Care Sena (Facebook One-Timers)
EA-01312,41,Female,Urban,66000,Skincare,Referral,Mobile,10.2,Medium,2,953.73,3,Hamesha 25 Club (Referral Regulars)
EA-03150,31,Female,Suburban,67500,Bargains,Facebook Ad,Mobile,3.3,High,1,496.23,2,Self-Care Sena (Facebook One-Timers)
EA-01112,25,Female,Urban,62000,Bargains,Groupon,Mobile,1.8,Medium,1,522.58,0,Gayab Grahak (Groupon One-Timers)
EA-04548,27,Female,Urban,53500,Bargains,Facebook Ad,Mobile,4.6,High,3,292.28,2,Self-Care Sena (Facebook One-Timers)
EA-04086,29,Female,Suburban,75000,Skincare,Referral,Mobile,13.1,Medium,1,803.83,3,Hamesha 25 Club (Referral Regulars)
EA-03490,36,Female,Urban,40000,Bargains,Groupon,Desktop,5.9,High,1,411.53,0,Gayab Grahak (Groupon One-Timers)
EA-01288,32,Male,Urban,36000,Wellness,Facebook Ad,Mobile,3.1,High,1,350.46,2,Self-Care Sena (Facebook One-Timers)
EA-04178,25,Female,Urban,128500,Anti-aging,Referral,Desktop,11.7,Low,4,338.19,3,Hamesha 25 Club (Referral Regulars)
EA-04646,38,Male,Urban,94000,Skincare,Referral,Mobile,6.2,Low,1,806.77,3,Hamesha 25 Club (Referral Regulars)
EA-03681,32,Female,Suburban,109500,Wellness,Organic Search,Desktop,23.5,Low,4,2500.0,1,Glow Ke Nawab (Organic VIPs)
EA-04512,44,Female,Urban,59500,Bargains,Groupon,Mobile,3.2,High,1,421.81,0,Gayab Grahak (Groupon One-Timers)
EA-04169,22,Female,Suburban,25500,Skincare,Groupon,Mobile,3.7,High,1,310.51,0,Gayab Grahak (Groupon One-Timers)
EA-03301,25,Female,Urban,80500,Skincare,Referral,Mobile,8.8,Medium,2,913.26,3,Hamesha 25 Club (Referral Regulars)
EA-03311,45,Non-binary,Urban,77000,Wellness,Referral,Tablet,6.9,Low,3,574.35,3,Hamesha 25 Club (Referral Regulars)
EA-04557,52,Female,Suburban,76500,Anti-aging,Organic Search,Desktop,23.7,Medium,4,2165.96,1,Glow Ke Nawab (Organic VIPs)
EA-03126,27,Female,Urban,43000,Bargains,Facebook Ad,Mobile,4.7,High,1,331.06,2,Self-Care Sena (Facebook One-Timers)
EA-00328,30,Female,Urban,28000,Bargains,Groupon,Mobile,2.7,High,1,284.96,0,Gayab Grahak (Groupon One-Timers)
EA-01791,50,Female,Suburban,74000,Skincare,Organic Search,Desktop,17.3,Low,2,1933.05,1,Glow Ke Nawab (Organic VIPs)
EA-02491,43,Male,Suburban,49500,Wellness,Referral,Mobile,2.0,Medium,1,573.81,3,Hamesha 25 Club (Referral Regulars)
EA-02007,41,Female,Suburban,58000,Bargains,Groupon,Desktop,4.8,Medium,1,472.75,0,Gayab Grahak (Groupon One-Timers)
EA-02008,32,Female,Urban,25500,Bargains,Facebook Ad,Mobile,1.1,High,1,444.18,2,Self-Care Sena (Facebook One-Timers)
EA-01859,21,Female,Urban,51500,Bargains,Facebook Ad,Mobile,7.2,High,1,620.99,2,Self-Care Sena (Facebook One-Timers)
EA-04686,29,Female,Urban,58500,Bargains,Facebook Ad,Mobile,7.6,Low,1,316.14,2,Self-Care Sena (Facebook One-Timers)
EA-00313,35,Female,Suburban,53000,Anti-aging,Facebook Ad,Mobile,3.4,High,1,307.29,2,Self-Care Sena (Facebook One-Timers)
EA-00833,22,Male,Suburban,66000,Bargains,Facebook Ad,Tablet,4.1,High,1,150.0,2,Self-Care Sena (Facebook One-Timers)
EA-03080,23,Male,Urban,61000,Skincare,Facebook Ad,Mobile,2.6,High,1,252.22,2,Self-Care Sena (Facebook One-Timers)
EA-04718,23,Male,Urban,42500,Bargains,Groupon,Mobile,1.2,High,1,159.84,0,Gayab Grahak (Groupon One-Timers)
EA-03463,21,Female,Suburban,47500,Bargains,Facebook Ad,Mobile,2.7,Low,3,323.7,2,Self-Care Sena (Facebook One-Timers)
EA-01202,30,Female,Suburban,42500,Wellness,Groupon,Mobile,3.6,High,1,170.65,0,Gayab Grahak (Groupon One-Timers)
EA-04392,42,Male,Urban,74500,Anti-aging,Organic Search,Mobile,11.1,Low,3,1471.56,1,Glow Ke Nawab (Organic VIPs)
EA-03548,52,Female,Urban,134500,Skincare,Referral,Mobile,2.0,Low,1,647.71,3,Hamesha 25 Club (Referral Regulars)
EA-04923,35,Male,Urban,53500,Wellness,Facebook Ad,Mobile,0.4,High,1,505.28,2,Self-Care Sena (Facebook One-Timers)
EA-02135,29,Female,Rural,44500,Bargains,Groupon,Mobile,4.9,High,1,323.92,0,Gayab Grahak (Groupon One-Timers)
EA-03452,46,Female,Rural,68500,Bargains,Groupon,Mobile,0.6,High,1,326.41,0,Gayab Grahak (Groupon One-Timers)
EA-02210,30,Female,Suburban,76500,Bargains,Facebook Ad,Mobile,3.1,High,2,178.65,2,Self-Care Sena (Facebook One-Timers)
EA-01902,25,Female,Suburban,43500,Bargains,Facebook Ad,Mobile,5.5,High,1,501.92,2,Self-Care Sena (Facebook One-Timers)
EA-01482,26,Female,Urban,57500,Bargains,Facebook Ad,Mobile,4.9,High,1,354.13,2,Self-Care Sena (Facebook One-Timers)
EA-00778,40,Female,Urban,73000,Bargains,Facebook Ad,Mobile,0.4,Medium,1,444.01,2,Self-Care Sena (Facebook One-Timers)
EA-00800,61,Female,Rural,118000,Anti-aging,Organic Search,Mobile,12.6,Low,2,1685.27,1,Glow Ke Nawab (Organic VIPs)
EA-03715,43,Female,Urban,94500,Anti-aging,Organic Search,Mobile,20.9,Low,3,1789.31,1,Glow Ke Nawab (Organic VIPs)
EA-03943,37,Female,Urban,37500,Skincare,Facebook Ad,Mobile,2.9,Medium,1,165.28,2,Self-Care Sena (Facebook One-Timers)
EA-00055,30,Male,Suburban,111000,Wellness,Organic Search,Desktop,3.8,Low,3,2365.29,1,Glow Ke Nawab (Organic VIPs)
EA-02973,31,Female,Urban,58500,Bargains,Facebook Ad,Mobile,0.5,Medium,1,455.94,2,Self-Care Sena (Facebook One-Timers)
EA-03336,40,Female,Urban,34000,Bargains,Facebook Ad,Mobile,3.3,High,1,203.06,2,Self-Care Sena (Facebook One-Timers)
EA-01921,37,Female,Suburban,41500,Bargains,Groupon,Mobile,2.5,High,1,408.46,0,Gayab Grahak (Groupon One-Timers)
EA-03716,53,Female,Rural,100000,Anti-aging,Organic Search,Tablet,3.8,Low,4,2315.03,1,Glow Ke Nawab (Organic VIPs)
EA-04647,36,Female,Rural,120000,Skincare,Referral,Mobile,21.2,High,3,300.0,3,Hamesha 25 Club (Referral Regulars)
EA-00947,35,Male,Urban,82000,Anti-aging,Organic Search,Desktop,14.1,Medium,3,2225.15,1,Glow Ke Nawab (Organic VIPs)
EA-01702,34,Non-binary,Suburban,80500,Bargains,Referral,Desktop,8.0,Medium,1,1066.74,3,Hamesha 25 Club (Referral Regulars)
EA-03294,33,Female,Suburban,47500,Skincare,Groupon,Mobile,5.3,High,1,323.7,0,Gayab Grahak (Groupon One-Timers)
EA-02162,22,Female,Rural,60500,Bargains,Facebook Ad,Mobile,2.1,Low,1,168.59,2,Self-Care Sena (Facebook One-Timers)
EA-01137,36,Female,Suburban,64500,Skincare,Groupon,Mobile,3.2,High,1,425.84,0,Gayab Grahak (Groupon One-Timers)
EA-00988,34,Female,Rural,65500,Skincare,Facebook Ad,Mobile,2.6,High,1,340.33,2,Self-Care Sena (Facebook One-Timers)
EA-02550,27,Female,Urban,55500,Bargains,Facebook Ad,Mobile,0.4,High,1,172.38,2,Self-Care Sena (Facebook One-Timers)
EA-00194,45,Female,Urban,77500,Wellness,Organic Search,Mobile,19.4,Low,4,1800.83,1,Glow Ke Nawab (Organic VIPs)
EA-03058,29,Female,Urban,43000,Bargains,Facebook Ad,Mobile,5.3,High,1,390.41,2,Self-Care Sena (Facebook One-Timers)
EA-03247,37,Female,Suburban,58500,Skincare,Facebook Ad,Mobile,2.3,High,1,268.05,2,Self-Care Sena (Facebook One-Timers)
EA-01395,58,Female,Urban,127000,Anti-aging,Organic Search,Mobile,17.8,Low,4,2174.75,1,Glow Ke Nawab (Organic VIPs)
EA-02638,28,Female,Urban,22500,Wellness,Facebook Ad,Mobile,5.9,High,1,305.36,2,Self-Care Sena (Facebook One-Timers)
EA-00769,28,Female,Urban,35500,Bargains,Facebook Ad,Mobile,3.8,High,1,307.77,2,Self-Care Sena (Facebook One-Timers)
EA-04703,21,Female,Suburban,73500,Skincare,Facebook Ad,Tablet,5.3,High,3,268.58,2,Self-Care Sena (Facebook One-Timers)
EA-03091,51,Female,Urban,158000,Skincare,Organic Search,Tablet,21.8,Low,5,2264.31,1,Glow Ke Nawab (Organic VIPs)
EA-03496,39,Male,Suburban,85000,Skincare,Organic Search,Mobile,4.2,Low,2,1892.15,3,Hamesha 25 Club (Referral Regulars)
EA-03216,51,Female,Suburban,62000,Wellness,Organic Search,Mobile,13.5,Medium,4,1938.12,1,Glow Ke Nawab (Organic VIPs)
EA-00286,19,Female,Urban,30500,Bargains,Groupon,Tablet,5.6,High,1,410.78,0,Gayab Grahak (Groupon One-Timers)
EA-04939,23,Male,Urban,38000,Bargains,Groupon,Desktop,1.7,High,1,358.71,0,Gayab Grahak (Groupon One-Timers)
EA-00429,30,Male,Rural,46500,Bargains,Facebook Ad,Mobile,4.3,Medium,1,540.0,2,Self-Care Sena (Facebook One-Timers)
EA-04449,28,Female,Urban,50000,Bargains,Groupon,Mobile,2.9,High,2,342.61,0,Gayab Grahak (Groupon One-Timers)
EA-02333,40,Female,Urban,100000,Anti-aging,Organic Search,Mobile,6.5,Low,4,1834.38,1,Glow Ke Nawab (Organic VIPs)
EA-02718,62,Female,Rural,69500,Skincare,Referral,Desktop,14.1,Medium,3,544.62,3,Hamesha 25 Club (Referral Regulars)
EA-02080,29,Female,Urban,76500,Bargains,Facebook Ad,Mobile,5.8,High,1,358.68,2,Self-Care Sena (Facebook One-Timers)
EA-03390,21,Female,Suburban,40500,Skincare,Facebook Ad,Mobile,3.6,Medium,1,391.96,2,Self-Care Sena (Facebook One-Timers)
EA-00723,31,Female,Suburban,51000,Skincare,Facebook Ad,Mobile,5.2,High,1,463.46,2,Self-Care Sena (Facebook One-Timers)
EA-00952,35,Female,Urban,64000,Bargains,Facebook Ad,Tablet,3.4,High,1,306.75,2,Self-Care Sena (Facebook One-Timers)
EA-04384,34,Female,Urban,67500,Bargains,Groupon,Mobile,6.3,High,1,517.89,0,Gayab Grahak (Groupon One-Timers)
EA-04367,29,Female,Urban,61000,Bargains,Groupon,Mobile,2.7,High,1,169.35,0,Gayab Grahak (Groupon One-Timers)
EA-02263,25,Female,Urban,36500,Bargains,Groupon,Mobile,5.0,High,2,354.82,0,Gayab Grahak (Groupon One-Timers)
EA-00990,41,Female,Suburban,107500,Skincare,Organic Search,Mobile,9.4,Medium,2,1809.44,1,Glow Ke Nawab (Organic VIPs)
EA-03213,50,Female,Urban,83000,Skincare,Organic Search,Mobile,16.3,Low,3,2106.58,1,Glow Ke Nawab (Organic VIPs)
EA-01760,25,Female,Urban,108000,Wellness,Referral,Mobile,7.9,Medium,1,737.42,3,Hamesha 25 Club (Referral Regulars)
EA-04580,30,Female,Urban,38500,Bargains,Facebook Ad,Mobile,3.5,High,1,232.7,2,Self-Care Sena (Facebook One-Timers)
EA-00327,36,Male,Rural,94000,Skincare,Organic Search,Mobile,11.4,Low,1,2500.0,1,Glow Ke Nawab (Organic VIPs)
EA-02609,45,Female,Rural,82000,Skincare,Organic Search,Mobile,16.6,Medium,5,1777.43,1,Glow Ke Nawab (Organic VIPs)
EA-01384,59,Female,Urban,71500,Anti-aging,Referral,Mobile,8.0,Low,1,846.14,3,Hamesha 25 Club (Referral Regulars)
EA-01725,19,Female,Urban,50000,Bargains,Groupon,Mobile,0.5,High,1,152.59,0,Gayab Grahak (Groupon One-Timers)
EA-01087,45,Female,Suburban,108000,Anti-aging,Organic Search,Mobile,26.9,Low,6,1967.73,1,Glow Ke Nawab (Organic VIPs)
EA-02524,36,Female,Suburban,24500,Anti-aging,Groupon,Mobile,5.9,Medium,1,563.43,0,Gayab Grahak (Groupon One-Timers)
EA-00342,46,Female,Urban,117000,Skincare,Referral,Mobile,5.4,High,2,545.32,3,Hamesha 25 Club (Referral Regulars)
EA-03702,32,Female,Urban,39000,Skincare,Facebook Ad,Mobile,4.2,High,1,356.14,2,Self-Care Sena (Facebook One-Timers)
EA-00148,34,Male,Suburban,48000,Bargains,Groupon,Mobile,5.5,High,3,412.2,0,Gayab Grahak (Groupon One-Timers)
EA-00689,56,Female,Urban,109500,Wellness,Organic Search,Mobile,16.5,Low,2,1706.52,1,Glow Ke Nawab (Organic VIPs)
EA-03433,33,Female,Suburban,83500,Anti-aging,Referral,Mobile,10.9,Medium,3,888.68,3,Hamesha 25 Club (Referral Regulars)
EA-01108,33,Female,Suburban,69000,Bargains,Facebook Ad,Mobile,3.2,High,3,437.12,2,Self-Care Sena (Facebook One-Timers)
EA-00849,20,Female,Suburban,55000,Anti-aging,Facebook Ad,Mobile,2.7,High,1,293.62,2,Self-Care Sena (Facebook One-Timers)
EA-00967,38,Female,Urban,70000,Skincare,Referral,Mobile,1.0,Low,1,884.42,3,Hamesha 25 Club (Referral Regulars)
EA-04728,28,Female,Suburban,57500,Bargains,Facebook Ad,Mobile,1.2,High,3,369.66,2,Self-Care Sena (Facebook One-Timers)
EA-01493,34,Female,Urban,47500,Bargains,Groupon,Mobile,3.1,Medium,1,376.54,0,Gayab Grahak (Groupon One-Timers)
EA-03954,38,Female,Urban,105000,Skincare,Organic Search,Mobile,9.8,Low,3,1621.72,1,Glow Ke Nawab (Organic VIPs)
EA-02204,38,Female,Urban,57500,Bargains,Facebook Ad,Mobile,0.4,High,1,355.53,2,Self-Care Sena (Facebook One-Timers)
EA-02714,26,Female,Suburban,41500,Skincare,Facebook Ad,Mobile,0.7,Medium,1,373.5,2,Self-Care Sena (Facebook One-Timers)
EA-00662,34,Female,Suburban,107000,Anti-aging,Organic Search,Mobile,18.0,Medium,5,2500.0,1,Glow Ke Nawab (Organic VIPs)
EA-01003,25,Female,Suburban,67500,Bargains,Facebook Ad,Mobile,5.8,Medium,1,374.24,2,Self-Care Sena (Facebook One-Timers)
EA-00063,38,Female,Suburban,49500,Bargains,Groupon,Mobile,2.6,High,1,302.81,0,Gayab Grahak (Groupon One-Timers)
EA-00285,32,Female,Urban,86000,Bargains,Groupon,Mobile,7.0,High,1,364.4,0,Gayab Grahak (Groupon One-Timers)
EA-02225,48,Female,Urban,89000,Wellness,Referral,Mobile,14.5,Medium,2,1029.9,3,Hamesha 25 Club (Referral Regulars)
EA-04707,27,Female,Suburban,76000,Bargains,Facebook Ad,Mobile,6.0,Medium,1,192.63,2,Self-Care Sena (Facebook One-Timers)
EA-01880,22,Female,Urban,62000,Skincare,Groupon,Mobile,3.1,High,1,322.44,0,Gayab Grahak (Groupon One-Timers)
EA-03573,25,Female,Urban,50500,Skincare,Facebook Ad,Mobile,2.5,High,1,335.87,2,Self-Care Sena (Facebook One-Timers)
EA-04858,38,Male,Suburban,64000,Bargains,Groupon,Tablet,4.2,Low,1,435.61,0,Gayab Grahak (Groupon One-Timers)
EA-01204,33,Female,Urban,47500,Skincare,Organic Search,Desktop,13.8,Low,4,2026.34,1,Glow Ke Nawab (Organic VIPs)
EA-01991,34,Female,Suburban,73000,Bargains,Facebook Ad,Tablet,2.2,High,1,310.84,2,Self-Care Sena (Facebook One-Timers)
EA-00025,39,Female,Suburban,96500,Wellness,Organic Search,Desktop,15.0,Medium,4,1688.59,1,Glow Ke Nawab (Organic VIPs)
EA-04853,38,Female,Urban,78500,Skincare,Organic Search,Tablet,19.7,Low,5,1327.16,1,Glow Ke Nawab (Organic VIPs)
EA-04103,25,Female,Urban,36500,Bargains,Groupon,Tablet,7.5,Medium,1,207.78,0,Gayab Grahak (Groupon One-Timers)
EA-04168,29,Female,Urban,73000,Bargains,Facebook Ad,Tablet,3.5,High,1,320.08,2,Self-Care Sena (Facebook One-Timers)
EA-00763,30,Non-binary,Rural,62000,Skincare,Facebook Ad,Mobile,3.5,High,1,409.52,2,Self-Care Sena (Facebook One-Timers)
EA-00876,28,Non-binary,Suburban,109500,Anti-aging,Organic Search,Mobile,15.1,Medium,5,2185.21,1,Glow Ke Nawab (Organic VIPs)
EA-04743,36,Male,Suburban,100000,Wellness,Organic Search,Mobile,11.8,Low,2,1585.83,1,Glow Ke Nawab (Organic VIPs)
EA-00939,33,Female,Suburban,60500,Anti-aging,Referral,Tablet,6.3,Medium,1,784.65,3,Hamesha 25 Club (Referral Regulars)
EA-02688,57,Female,Urban,111000,Wellness,Organic Search,Mobile,4.4,Medium,4,1722.45,1,Glow Ke Nawab (Organic VIPs)
EA-03601,24,Male,Urban,27000,Bargains,Facebook Ad,Mobile,3.4,Medium,1,247.35,2,Self-Care Sena (Facebook One-Timers)
EA-02395,31,Female,Suburban,40000,Bargains,Groupon,Mobile,3.4,High,1,499.03,0,Gayab Grahak (Groupon One-Timers)
EA-04568,28,Female,Urban,63500,Skincare,Facebook Ad,Mobile,3.3,High,1,356.26,2,Self-Care Sena (Facebook One-Timers)
EA-04981,25,Female,Suburban,119000,Skincare,Referral,Mobile,10.2,Medium,2,912.44,3,Hamesha 25 Club (Referral Regulars)
EA-04125,44,Male,Suburban,118500,Skincare,Referral,Desktop,6.0,Medium,2,373.65,3,Hamesha 25 Club (Referral Regulars)
EA-04565,23,Female,Urban,48500,Skincare,Facebook Ad,Mobile,4.0,High,1,377.82,2,Self-Care Sena (Facebook One-Timers)
EA-00386,34,Female,Urban,123000,Anti-aging,Referral,Mobile,5.8,Low,2,489.86,3,Hamesha 25 Club (Referral Regulars)
EA-03878,39,Female,Suburban,95500,Anti-aging,Referral,Mobile,13.9,High,3,434.2,3,Hamesha 25 Club (Referral Regulars)
EA-04371,28,Male,Urban,57000,Bargains,Facebook Ad,Mobile,2.5,High,1,572.92,2,Self-Care Sena (Facebook One-Timers)
EA-04570,30,Female,Urban,42000,Bargains,Groupon,Mobile,3.3,High,2,504.75,0,Gayab Grahak (Groupon One-Timers)
EA-00537,30,Female,Urban,60500,Bargains,Groupon,Mobile,4.5,High,1,363.03,0,Gayab Grahak (Groupon One-Timers)
EA-02292,33,Female,Urban,75000,Wellness,Organic Search,Mobile,17.9,Low,4,1741.54,1,Glow Ke Nawab (Organic VIPs)
EA-04666,19,Female,Suburban,42500,Anti-aging,Facebook Ad,Tablet,1.1,High,1,297.48,2,Self-Care Sena (Facebook One-Timers)
EA-03875,46,Female,Suburban,143500,Anti-aging,Referral,Desktop,9.6,Low,2,789.18,3,Hamesha 25 Club (Referral Regulars)
EA-00937,36,Female,Urban,75000,Skincare,Referral,Tablet,7.3,Low,1,484.8,3,Hamesha 25 Club (Referral Regulars)
EA-03738,49,Female,Rural,89500,Wellness,Organic Search,Desktop,6.9,Low,3,1711.68,1,Glow Ke Nawab (Organic VIPs)
EA-04729,34,Female,Urban,62000,Bargains,Groupon,Tablet,2.4,High,1,505.61,0,Gayab Grahak (Groupon One-Timers)
EA-02361,46,Female,Urban,144500,Wellness,Organic Search,Mobile,14.7,Low,3,1839.8,1,Glow Ke Nawab (Organic VIPs)
EA-03508,28,Female,Urban,72500,Wellness,Organic Search,Mobile,17.3,Medium,5,1628.13,1,Glow Ke Nawab (Organic VIPs)
EA-00202,35,Non-binary,Suburban,84500,Anti-aging,Referral,Desktop,3.7,Medium,1,964.48,3,Hamesha 25 Club (Referral Regulars)
EA-03209,46,Female,Suburban,70000,Bargains,Facebook Ad,Mobile,2.9,High,1,310.16,2,Self-Care Sena (Facebook One-Timers)
EA-01333,34,Female,Rural,58000,Skincare,Groupon,Tablet,2.5,Medium,1,570.86,0,Gayab Grahak (Groupon One-Timers)
EA-03017,52,Female,Urban,75000,Anti-aging,Referral,Mobile,17.8,Medium,2,844.41,3,Hamesha 25 Club (Referral Regulars)
EA-03503,32,Male,Urban,46500,Skincare,Facebook Ad,Desktop,5.6,High,1,277.16,2,Self-Care Sena (Facebook One-Timers)
EA-02709,34,Female,Urban,53500,Bargains,Facebook Ad,Mobile,8.2,Medium,1,402.76,2,Self-Care Sena (Facebook One-Timers)
EA-04022,36,Female,Suburban,66000,Bargains,Facebook Ad,Mobile,1.7,Medium,1,349.15,2,Self-Care Sena (Facebook One-Timers)
EA-01855,65,Female,Suburban,106000,Anti-aging,Organic Search,Desktop,17.7,Low,4,2146.36,1,Glow Ke Nawab (Organic VIPs)
EA-04470,36,Female,Suburban,60000,Bargains,Facebook Ad,Mobile,2.8,Medium,1,378.1,2,Self-Care Sena (Facebook One-Timers)
EA-02873,34,Female,Urban,61000,Anti-aging,Facebook Ad,Mobile,4.3,Medium,1,295.49,2,Self-Care Sena (Facebook One-Timers)
EA-03031,38,Female,Urban,93500,Wellness,Organic Search,Mobile,12.6,Medium,3,2028.21,1,Glow Ke Nawab (Organic VIPs)
EA-01206,21,Female,Urban,57500,Wellness,Facebook Ad,Mobile,0.7,High,1,508.51,2,Self-Care Sena (Facebook One-Timers)
EA-01646,24,Female,Urban,25500,Skincare,Groupon,Mobile,1.6,High,1,260.51,0,Gayab Grahak (Groupon One-Timers)
EA-03418,44,Female,Urban,54500,Anti-aging,Organic Search,Desktop,7.3,Low,4,2085.76,1,Glow Ke Nawab (Organic VIPs)
EA-03477,28,Female,Urban,73000,Wellness,Organic Search,Desktop,14.1,Low,3,1684.39,1,Glow Ke Nawab (Organic VIPs)
EA-02862,37,Male,Suburban,84500,Skincare,Groupon,Mobile,5.2,High,1,448.82,0,Gayab Grahak (Groupon One-Timers)
EA-01793,33,Female,Urban,71000,Bargains,Facebook Ad,Mobile,3.0,Medium,1,367.12,2,Self-Care Sena (Facebook One-Timers)
EA-03798,52,Female,Suburban,90500,Wellness,Organic Search,Mobile,13.0,High,3,2176.64,1,Glow Ke Nawab (Organic VIPs)
EA-03369,36,Female,Urban,43500,Bargains,Facebook Ad,Tablet,2.1,High,1,373.51,2,Self-Care Sena (Facebook One-Timers)
EA-03368,29,Male,Urban,41000,Anti-aging,Groupon,Mobile,4.4,Medium,1,553.4,0,Gayab Grahak (Groupon One-Timers)
EA-03534,27,Female,Suburban,64000,Bargains,Facebook Ad,Mobile,0.4,High,1,353.61,2,Self-Care Sena (Facebook One-Timers)
EA-03450,33,Female,Suburban,122500,Wellness,Organic Search,Mobile,9.3,Low,2,2335.18,1,Glow Ke Nawab (Organic VIPs)
EA-00604,40,Female,Rural,127000,Wellness,Organic Search,Desktop,11.1,Low,3,1203.69,1,Glow Ke Nawab (Organic VIPs)
EA-03057,38,Female,Urban,78500,Wellness,Groupon,Mobile,3.5,High,1,369.17,0,Gayab Grahak (Groupon One-Timers)
EA-04532,25,Female,Suburban,65000,Bargains,Facebook Ad,Desktop,2.8,High,2,364.48,2,Self-Care Sena (Facebook One-Timers)
EA-00127,26,Female,Suburban,49000,Skincare,Facebook Ad,Mobile,2.1,Medium,1,367.38,2,Self-Care Sena (Facebook One-Timers)
EA-03877,48,Female,Suburban,74000,Skincare,Facebook Ad,Mobile,4.5,High,1,416.72,2,Self-Care Sena (Facebook One-Timers)
EA-02936,32,Female,Suburban,75500,Skincare,Groupon,Mobile,4.5,Medium,1,168.82,0,Gayab Grahak (Groupon One-Timers)
EA-03532,29,Female,Suburban,94000,Skincare,Facebook Ad,Mobile,0.4,High,1,425.05,2,Self-Care Sena (Facebook One-Timers)
EA-02731,39,Male,Urban,47500,Bargains,Facebook Ad,Mobile,4.4,Medium,1,333.12,2,Self-Care Sena (Facebook One-Timers)
EA-00828,36,Male,Urban,82500,Bargains,Facebook Ad,Mobile,0.4,Medium,1,150.0,2,Self-Care Sena (Facebook One-Timers)
EA-01640,47,Female,Suburban,70000,Wellness,Organic Search,Mobile,20.1,High,3,1842.68,1,Glow Ke Nawab (Organic VIPs)
EA-00985,35,Female,Suburban,41000,Bargains,Facebook Ad,Mobile,1.2,High,1,292.64,2,Self-Care Sena (Facebook One-Timers)
EA-03282,25,Female,Urban,57000,Skincare,Facebook Ad,Mobile,1.3,Medium,1,221.43,2,Self-Care Sena (Facebook One-Timers)
EA-04972,34,Female,Urban,32500,Skincare,Facebook Ad,Mobile,2.6,High,1,386.45,2,Self-Care Sena (Facebook One-Timers)
EA-02189,28,Female,Urban,77500,Skincare,Facebook Ad,Desktop,4.9,High,1,466.46,2,Self-Care Sena (Facebook One-Timers)
EA-04613,32,Female,Suburban,96000,Wellness,Organic Search,Desktop,22.9,Low,5,1647.78,1,Glow Ke Nawab (Organic VIPs)
EA-02444,39,Female,Urban,49500,Bargains,Groupon,Mobile,1.4,Medium,1,187.43,0,Gayab Grahak (Groupon One-Timers)
EA-00363,34,Female,Suburban,79500,Bargains,Facebook Ad,Mobile,3.8,High,1,385.25,2,Self-Care Sena (Facebook One-Timers)
EA-02350,41,Female,Urban,63000,Skincare,Facebook Ad,Mobile,4.2,High,1,432.49,2,Self-Care Sena (Facebook One-Timers)
EA-00346,57,Female,Suburban,123000,Anti-aging,Organic Search,Tablet,21.8,Medium,3,2465.73,1,Glow Ke Nawab (Organic VIPs)
EA-00815,23,Female,Rural,51000,Anti-aging,Facebook Ad,Mobile,4.6,Medium,1,215.16,2,Self-Care Sena (Facebook One-Timers)
EA-03206,32,Female,Urban,58000,Bargains,Groupon,Mobile,4.4,Medium,1,595.01,0,Gayab Grahak (Groupon One-Timers)
EA-04161,32,Male,Urban,56000,Bargains,Groupon,Mobile,1.4,High,1,239.46,0,Gayab Grahak (Groupon One-Timers)
EA-04796,40,Female,Suburban,57500,Bargains,Facebook Ad,Mobile,2.3,High,1,325.75,2,Self-Care Sena (Facebook One-Timers)
EA-03326,55,Female,Suburban,53000,Wellness,Organic Search,Tablet,28.4,Low,5,2245.9,1,Glow Ke Nawab (Organic VIPs)
EA-04107,45,Female,Suburban,149000,Anti-aging,Organic Search,Mobile,18.7,Low,4,1937.91,1,Glow Ke Nawab (Organic VIPs)
EA-02117,31,Male,Urban,52500,Bargains,Facebook Ad,Mobile,1.9,High,1,321.77,2,Self-Care Sena (Facebook One-Timers)
EA-01835,33,Female,Urban,65500,Skincare,Facebook Ad,Mobile,6.2,High,1,267.86,2,Self-Care Sena (Facebook One-Timers)
EA-00794,32,Female,Urban,43000,Skincare,Facebook Ad,Mobile,7.6,High,1,364.54,2,Self-Care Sena (Facebook One-Timers)
EA-04947,27,Male,Suburban,54000,Bargains,Groupon,Mobile,1.6,High,1,452.8,0,Gayab Grahak (Groupon One-Timers)
EA-02675,39,Female,Rural,49500,Bargains,Groupon,Tablet,2.3,High,1,220.81,0,Gayab Grahak (Groupon One-Timers)
EA-00095,35,Female,Urban,60000,Skincare,Facebook Ad,Mobile,4.7,Medium,1,468.49,2,Self-Care Sena (Facebook One-Timers)
EA-03757,35,Female,Suburban,58000,Bargains,Facebook Ad,Mobile,2.1,High,1,391.32,2,Self-Care Sena (Facebook One-Timers)
EA-02892,47,Female,Rural,98000,Anti-aging,Referral,Desktop,1.0,Low,1,802.81,3,Hamesha 25 Club (Referral Regulars)
EA-02372,40,Female,Urban,80000,Bargains,Facebook Ad,Mobile,4.1,High,1,367.89,2,Self-Care Sena (Facebook One-Timers)
EA-04150,24,Female,Rural,71500,Bargains,Groupon,Mobile,0.4,High,1,328.14,0,Gayab Grahak (Groupon One-Timers)
EA-04433,39,Female,Suburban,103000,Skincare,Organic Search,Desktop,15.1,Medium,4,1524.33,1,Glow Ke Nawab (Organic VIPs)
EA-03229,40,Female,Suburban,61000,Bargains,Groupon,Mobile,1.8,High,1,411.68,0,Gayab Grahak (Groupon One-Timers)
EA-02854,21,Female,Rural,66500,Skincare,Facebook Ad,Mobile,2.2,Medium,1,213.95,2,Self-Care Sena (Facebook One-Timers)
EA-02913,22,Female,Urban,49000,Bargains,Groupon,Mobile,1.6,High,1,301.15,0,Gayab Grahak (Groupon One-Timers)
EA-01866,40,Female,Urban,112000,Skincare,Organic Search,Mobile,11.5,Low,5,2161.69,1,Glow Ke Nawab (Organic VIPs)
EA-01858,43,Female,Suburban,71000,Skincare,Facebook Ad,Mobile,3.5,High,1,527.06,2,Self-Care Sena (Facebook One-Timers)
EA-02646,49,Female,Suburban,85500,Bargains,Organic Search,Mobile,4.8,Low,4,2097.41,1,Glow Ke Nawab (Organic VIPs)
EA-02244,38,Female,Suburban,43000,Bargains,Facebook Ad,Mobile,2.8,Medium,1,309.12,2,Self-Care Sena (Facebook One-Timers)
EA-02337,43,Female,Suburban,78000,Anti-aging,Organic Search,Mobile,16.4,Low,4,1368.58,1,Glow Ke Nawab (Organic VIPs)
EA-00951,26,Female,Suburban,82500,Skincare,Groupon,Tablet,7.1,Medium,1,150.0,0,Gayab Grahak (Groupon One-Timers)
EA-03069,44,Female,Urban,123000,Skincare,Organic Search,Desktop,4.5,Medium,5,1650.67,1,Glow Ke Nawab (Organic VIPs)
EA-01121,43,Female,Suburban,107500,Anti-aging,Organic Search,Mobile,13.7,Medium,3,2302.84,1,Glow Ke Nawab (Organic VIPs)
EA-02598,34,Female,Urban,56500,Bargains,Facebook Ad,Mobile,0.7,High,1,234.37,2,Self-Care Sena (Facebook One-Timers)
EA-02205,31,Male,Suburban,42000,Bargains,Facebook Ad,Mobile,1.2,High,1,539.88,2,Self-Care Sena (Facebook One-Timers)
EA-00420,50,Female,Rural,49000,Anti-aging,Referral,Mobile,10.7,Low,3,803.42,3,Hamesha 25 Club (Referral Regulars)
EA-00923,23,Male,Urban,60500,Skincare,Groupon,Mobile,6.4,High,1,708.02,0,Gayab Grahak (Groupon One-Timers)
EA-01255,42,Female,Urban,57500,Bargains,Facebook Ad,Mobile,5.3,Medium,1,367.99,2,Self-Care Sena (Facebook One-Timers)
EA-00478,23,Female,Urban,41500,Bargains,Groupon,Mobile,1.2,High,1,150.0,0,Gayab Grahak (Groupon One-Timers)
EA-02036,44,Female,Urban,75500,Skincare,Organic Search,Desktop,7.3,Low,4,1681.32,1,Glow Ke Nawab (Organic VIPs)
EA-01203,46,Female,Urban,80500,Skincare,Organic Search,Mobile,17.0,Low,3,1593.38,1,Glow Ke Nawab (Organic VIPs)
EA-02627,41,Female,Urban,25500,Bargains,Groupon,Mobile,5.1,Medium,1,460.27,0,Gayab Grahak (Groupon One-Timers)
EA-04819,21,Female,Suburban,51000,Skincare,Groupon,Mobile,0.4,Medium,1,305.83,0,Gayab Grahak (Groupon One-Timers)
EA-01971,41,Female,Urban,46500,Bargains,Facebook Ad,Mobile,4.8,High,1,475.34,2,Self-Care Sena (Facebook One-Timers)
EA-03111,35,Female,Urban,58500,Wellness,Facebook Ad,Mobile,7.1,High,1,477.01,2,Self-Care Sena (Facebook One-Timers)
EA-04019,25,Male,Urban,49000,Bargains,Facebook Ad,Tablet,8.2,Medium,1,234.12,2,Self-Care Sena (Facebook One-Timers)
EA-02152,35,Female,Suburban,52000,Bargains,Facebook Ad,Mobile,3.2,High,1,326.93,2,Self-Care Sena (Facebook One-Timers)
EA-03688,29,Female,Rural,36500,Skincare,Referral,Mobile,1.0,Medium,1,894.83,2,Self-Care Sena (Facebook One-Timers)
EA-01998,39,Female,Urban,61500,Wellness,Facebook Ad,Desktop,5.4,High,1,174.16,2,Self-Care Sena (Facebook One-Timers)
EA-04034,35,Female,Urban,53500,Wellness,Groupon,Mobile,3.7,High,1,398.67,0,Gayab Grahak (Groupon One-Timers)
EA-03055,37,Female,Suburban,80000,Bargains,Groupon,Mobile,4.7,Medium,1,553.87,0,Gayab Grahak (Groupon One-Timers)
EA-01249,45,Female,Suburban,74500,Skincare,Organic Search,Desktop,23.4,Medium,5,1999.17,1,Glow Ke Nawab (Organic VIPs)
EA-02193,28,Female,Urban,174000,Skincare,Organic Search,Desktop,13.9,Low,5,1768.07,1,Glow Ke Nawab (Organic VIPs)
EA-02713,23,Female,Urban,51500,Skincare,Facebook Ad,Mobile,5.4,High,1,391.11,2,Self-Care Sena (Facebook One-Timers)
EA-00993,41,Male,Suburban,68000,Anti-aging,Organic Search,Tablet,19.7,Low,7,2364.56,1,Glow Ke Nawab (Organic VIPs)
EA-02191,23,Male,Suburban,35000,Bargains,Facebook Ad,Mobile,3.6,Medium,1,404.36,2,Self-Care Sena (Facebook One-Timers)
EA-03763,27,Female,Suburban,38500,Bargains,Facebook Ad,Mobile,2.7,High,1,428.79,2,Self-Care Sena (Facebook One-Timers)
EA-03598,49,Female,Urban,120500,Skincare,Organic Search,Desktop,23.4,Medium,4,2368.41,1,Glow Ke Nawab (Organic VIPs)
EA-01319,43,Female,Urban,77500,Wellness,Organic Search,Desktop,18.5,Medium,5,2057.72,1,Glow Ke Nawab (Organic VIPs)
EA-01864,32,Female,Urban,69000,Bargains,Groupon,Mobile,2.1,High,1,247.21,0,Gayab Grahak (Groupon One-Timers)
EA-02344,28,Male,Suburban,71500,Skincare,Facebook Ad,Mobile,5.3,High,1,415.42,2,Self-Care Sena (Facebook One-Timers)
EA-02450,24,Female,Suburban,46000,Bargains,Groupon,Desktop,2.6,Medium,1,496.87,0,Gayab Grahak (Groupon One-Timers)
EA-02137,19,Female,Suburban,52000,Wellness,Facebook Ad,Mobile,5.1,High,1,519.69,2,Self-Care Sena (Facebook One-Timers)
EA-01066,58,Female,Urban,113000,Anti-aging,Referral,Tablet,7.5,High,1,771.43,3,Hamesha 25 Club (Referral Regulars)
EA-04961,26,Female,Suburban,40000,Skincare,Facebook Ad,Mobile,0.9,High,1,415.69,2,Self-Care Sena (Facebook One-Timers)
EA-02622,30,Male,Suburban,102500,Skincare,Referral,Mobile,4.2,High,1,300.0,3,Hamesha 25 Club (Referral Regulars)
EA-00078,61,Female,Urban,100500,Anti-aging,Organic Search,Mobile,14.0,Low,2,2117.83,1,Glow Ke Nawab (Organic VIPs)
EA-02899,21,Female,Suburban,48000,Bargains,Groupon,Mobile,5.5,High,4,471.11,0,Gayab Grahak (Groupon One-Timers)
EA-01315,30,Female,Rural,61000,Anti-aging,Facebook Ad,Mobile,3.9,High,1,541.33,2,Self-Care Sena (Facebook One-Timers)
EA-04373,24,Female,Urban,42000,Bargains,Groupon,Tablet,3.3,High,1,268.48,0,Gayab Grahak (Groupon One-Timers)
EA-00873,43,Female,Suburban,92500,Skincare,Referral,Mobile,12.5,Low,2,630.22,3,Hamesha 25 Club (Referral Regulars)
EA-03851,27,Male,Rural,57500,Wellness,Groupon,Mobile,2.9,High,3,196.31,0,Gayab Grahak (Groupon One-Timers)
EA-04788,30,Female,Suburban,108000,Skincare,Organic Search,Desktop,13.3,Low,4,1892.2,1,Glow Ke Nawab (Organic VIPs)
EA-02966,30,Female,Suburban,63500,Bargains,Groupon,Mobile,4.1,High,1,395.49,0,Gayab Grahak (Groupon One-Timers)
EA-03392,30,Female,Suburban,115000,Skincare,Organic Search,Mobile,16.9,Low,4,1287.01,1,Glow Ke Nawab (Organic VIPs)
EA-02561,29,Female,Suburban,49000,Bargains,Groupon,Mobile,0.9,High,1,277.6,0,Gayab Grahak (Groupon One-Timers)
EA-04897,55,Female,Urban,60500,Bargains,Facebook Ad,Mobile,2.3,Low,1,410.68,3,Hamesha 25 Club (Referral Regulars)
EA-02636,38,Female,Rural,63000,Bargains,Groupon,Mobile,2.5,Medium,1,335.41,0,Gayab Grahak (Groupon One-Timers)
EA-03531,30,Female,Urban,58500,Skincare,Facebook Ad,Tablet,2.8,High,1,671.49,2,Self-Care Sena (Facebook One-Timers)
EA-00376,29,Female,Urban,76000,Bargains,Facebook Ad,Mobile,4.6,High,1,350.39,2,Self-Care Sena (Facebook One-Timers)
EA-01909,45,Female,Urban,95000,Skincare,Organic Search,Desktop,22.8,Medium,5,2063.54,1,Glow Ke Nawab (Organic VIPs)
EA-04333,22,Female,Suburban,52500,Bargains,Facebook Ad,Mobile,0.4,High,1,275.67,2,Self-Care Sena (Facebook One-Timers)
EA-04380,27,Female,Suburban,27500,Anti-aging,Facebook Ad,Desktop,0.6,High,1,245.72,2,Self-Care Sena (Facebook One-Timers)
EA-04028,50,Female,Suburban,87000,Anti-aging,Organic Search,Mobile,9.4,Low,3,1469.05,1,Glow Ke Nawab (Organic VIPs)
EA-01605,28,Female,Suburban,38000,Bargains,Facebook Ad,Mobile,4.3,High,1,497.57,2,Self-Care Sena (Facebook One-Timers)
EA-01119,39,Female,Suburban,65000,Bargains,Facebook Ad,Mobile,3.4,High,1,371.89,2,Self-Care Sena (Facebook One-Timers)
EA-03678,26,Female,Urban,35000,Bargains,Groupon,Mobile,0.7,High,1,430.34,0,Gayab Grahak (Groupon One-Timers)
EA-03491,31,Female,Urban,65500,Bargains,Groupon,Mobile,4.4,High,1,386.7,0,Gayab Grahak (Groupon One-Timers)
EA-04865,52,Female,Urban,114500,Anti-aging,Organic Search,Desktop,7.0,Medium,3,2500.0,1,Glow Ke Nawab (Organic VIPs)
EA-02959,35,Female,Suburban,41000,Wellness,Facebook Ad,Mobile,3.7,Medium,1,232.69,2,Self-Care Sena (Facebook One-Timers)
EA-01995,30,Female,Urban,37000,Skincare,Groupon,Mobile,2.0,High,1,548.0,0,Gayab Grahak (Groupon One-Timers)
EA-04956,38,Female,Suburban,44500,Bargains,Facebook Ad,Mobile,2.5,High,1,544.46,2,Self-Care Sena (Facebook One-Timers)
EA-04356,42,Female,Suburban,99000,Wellness,Organic Search,Mobile,6.5,Low,3,1967.12,1,Glow Ke Nawab (Organic VIPs)
EA-02377,58,Male,Rural,123000,Skincare,Organic Search,Desktop,14.1,Medium,3,1454.46,1,Glow Ke Nawab (Organic VIPs)
EA-01343,25,Female,Urban,47500,Bargains,Groupon,Mobile,4.2,High,1,325.42,0,Gayab Grahak (Groupon One-Timers)
EA-00321,43,Female,Urban,150500,Wellness,Referral,Mobile,8.0,Medium,3,1056.78,3,Hamesha 25 Club (Referral Regulars)
EA-01620,31,Female,Urban,46000,Skincare,Facebook Ad,Mobile,6.3,High,1,368.85,2,Self-Care Sena (Facebook One-Timers)
EA-03714,46,Female,Suburban,109000,Anti-aging,Organic Search,Mobile,18.1,Low,3,2195.47,1,Glow Ke Nawab (Organic VIPs)
EA-02061,48,Female,Urban,76000,Anti-aging,Referral,Mobile,5.6,Medium,2,966.76,3,Hamesha 25 Club (Referral Regulars)
EA-02220,28,Female,Suburban,59000,Bargains,Facebook Ad,Mobile,6.8,High,1,305.88,2,Self-Care Sena (Facebook One-Timers)
EA-01674,42,Female,Urban,49000,Bargains,Facebook Ad,Desktop,2.5,Medium,1,410.46,2,Self-Care Sena (Facebook One-Timers)
EA-00261,36,Female,Urban,42000,Bargains,Facebook Ad,Desktop,3.1,High,1,398.21,2,Self-Care Sena (Facebook One-Timers)
EA-04418,26,Female,Suburban,42500,Bargains,Facebook Ad,Mobile,3.1,High,1,379.39,2,Self-Care Sena (Facebook One-Timers)
EA-02040,50,Male,Suburban,96500,Skincare,Organic Search,Desktop,12.3,Medium,4,1528.24,1,Glow Ke Nawab (Organic VIPs)
EA-00902,29,Female,Rural,46000,Skincare,Facebook Ad,Tablet,6.1,High,1,322.38,2,Self-Care Sena (Facebook One-Timers)
EA-03745,27,Male,Rural,51000,Skincare,Facebook Ad,Desktop,5.0,High,1,431.49,2,Self-Care Sena (Facebook One-Timers)
EA-02027,42,Female,Suburban,75500,Anti-aging,Organic Search,Mobile,14.1,Low,3,1892.52,1,Glow Ke Nawab (Organic VIPs)
EA-01918,57,Female,Suburban,118500,Wellness,Organic Search,Mobile,14.8,Medium,5,1877.19,1,Glow Ke Nawab (Organic VIPs)
EA-01829,52,Female,Suburban,66000,Anti-aging,Referral,Mobile,10.0,Low,1,850.48,3,Hamesha 25 Club (Referral Regulars)
EA-01574,46,Male,Suburban,119000,Anti-aging,Organic Search,Mobile,13.6,Low,3,1822.25,1,Glow Ke Nawab (Organic VIPs)
EA-04395,34,Female,Suburban,79000,Bargains,Facebook Ad,Tablet,3.2,High,1,321.31,2,Self-Care Sena (Facebook One-Timers)
EA-04209,37,Female,Urban,67000,Bargains,Groupon,Mobile,1.3,Medium,1,377.51,0,Gayab Grahak (Groupon One-Timers)
EA-00225,27,Female,Rural,85500,Skincare,Facebook Ad,Mobile,3.0,High,1,303.32,2,Self-Care Sena (Facebook One-Timers)
EA-00724,34,Female,Urban,72500,Wellness,Referral,Mobile,8.5,Low,1,624.67,3,Hamesha 25 Club (Referral Regulars)
EA-04486,24,Female,Urban,40500,Bargains,Facebook Ad,Mobile,3.8,High,1,338.21,2,Self-Care Sena (Facebook One-Timers)
EA-01142,44,Female,Urban,127000,Skincare,Organic Search,Mobile,11.2,Low,3,1773.5,1,Glow Ke Nawab (Organic VIPs)
EA-02763,43,Female,Suburban,46500,Bargains,Facebook Ad,Mobile,4.0,Medium,1,241.78,2,Self-Care Sena (Facebook One-Timers)
EA-00847,45,Female,Suburban,53000,Bargains,Facebook Ad,Mobile,3.9,High,1,485.88,2,Self-Care Sena (Facebook One-Timers)
EA-02552,30,Female,Urban,72000,Bargains,Groupon,Mobile,1.3,High,1,481.21,0,Gayab Grahak (Groupon One-Timers)
EA-02929,21,Male,Urban,58500,Bargains,Facebook Ad,Tablet,3.1,High,1,205.35,2,Self-Care Sena (Facebook One-Timers)
EA-00118,33,Female,Suburban,74500,Skincare,Organic Search,Mobile,13.8,Medium,4,2379.72,1,Glow Ke Nawab (Organic VIPs)
EA-00646,50,Female,Suburban,73000,Skincare,Organic Search,Mobile,7.9,Low,1,2387.48,1,Glow Ke Nawab (Organic VIPs)
EA-00004,65,Female,Urban,140500,Skincare,Organic Search,Mobile,12.9,Low,3,1958.52,1,Glow Ke Nawab (Organic VIPs)
EA-04171,50,Female,Urban,69000,Anti-aging,Referral,Mobile,7.6,Medium,3,863.29,3,Hamesha 25 Club (Referral Regulars)
EA-00468,34,Female,Suburban,75000,Anti-aging,Referral,Mobile,4.2,Medium,2,627.85,3,Hamesha 25 Club (Referral Regulars)
EA-00006,41,Female,Urban,109000,Wellness,Referral,Mobile,12.8,Low,2,511.32,3,Hamesha 25 Club (Referral Regulars)
EA-00920,27,Female,Suburban,27500,Wellness,Groupon,Desktop,3.3,High,1,526.02,0,Gayab Grahak (Groupon One-Timers)
EA-02596,38,Female,Suburban,100000,Skincare,Referral,Mobile,12.9,Low,3,300.0,3,Hamesha 25 Club (Referral Regulars)
EA-01064,22,Female,Urban,69000,Skincare,Groupon,Mobile,2.9,Medium,1,418.26,0,Gayab Grahak (Groupon One-Timers)
EA-02591,47,Female,Urban,105500,Skincare,Organic Search,Desktop,16.9,Low,3,2023.47,1,Glow Ke Nawab (Organic VIPs)
EA-00243,30,Female,Suburban,73500,Skincare,Facebook Ad,Mobile,3.5,High,1,316.59,2,Self-Care Sena (Facebook One-Timers)
EA-01161,38,Male,Urban,62500,Skincare,Facebook Ad,Desktop,1.8,High,1,385.5,2,Self-Care Sena (Facebook One-Timers)
EA-02871,32,Female,Urban,80500,Skincare,Groupon,Tablet,1.6,High,1,317.41,0,Gayab Grahak (Groupon One-Timers)
EA-03736,51,Female,Urban,83000,Anti-aging,Referral,Desktop,14.9,Low,2,1066.85,3,Hamesha 25 Club (Referral Regulars)
EA-02398,29,Female,Urban,32500,Bargains,Facebook Ad,Mobile,3.5,High,1,556.61,2,Self-Care Sena (Facebook One-Timers)
EA-03518,42,Female,Rural,57500,Bargains,Facebook Ad,Mobile,3.1,High,1,294.72,2,Self-Care Sena (Facebook One-Timers)
EA-03422,29,Male,Urban,32500,Bargains,Facebook Ad,Mobile,4.8,Medium,1,439.7,2,Self-Care Sena (Facebook One-Timers)
EA-02564,26,Female,Suburban,50000,Bargains,Groupon,Mobile,2.6,High,1,150.0,0,Gayab Grahak (Groupon One-Timers)
EA-01606,28,Female,Urban,57500,Bargains,Facebook Ad,Mobile,7.4,High,1,296.09,2,Self-Care Sena (Facebook One-Timers)
EA-04829,44,Female,Suburban,61000,Skincare,Organic Search,Desktop,20.6,High,5,1547.92,1,Glow Ke Nawab (Organic VIPs)
EA-02325,30,Female,Urban,25000,Wellness,Facebook Ad,Mobile,2.8,High,1,561.17,2,Self-Care Sena (Facebook One-Timers)
EA-02710,28,Female,Suburban,78000,Bargains,Groupon,Mobile,4.3,High,1,378.86,0,Gayab Grahak (Groupon One-Timers)
EA-04399,26,Male,Urban,38500,Bargains,Facebook Ad,Desktop,1.3,High,1,314.3,2,Self-Care Sena (Facebook One-Timers)
EA-01313,21,Female,Suburban,52000,Skincare,Groupon,Mobile,1.7,High,1,481.95,0,Gayab Grahak (Groupon One-Timers)
EA-03449,28,Female,Urban,59000,Bargains,Facebook Ad,Desktop,1.0,High,1,177.09,2,Self-Care Sena (Facebook One-Timers)
EA-03813,28,Female,Urban,45000,Bargains,Groupon,Mobile,3.6,High,1,150.0,0,Gayab Grahak (Groupon One-Timers)
EA-04656,35,Female,Urban,95500,Anti-aging,Organic Search,Desktop,14.9,Low,3,2081.85,1,Glow Ke Nawab (Organic VIPs)
EA-02363,29,Female,Suburban,72000,Bargains,Groupon,Mobile,1.8,High,1,347.22,0,Gayab Grahak (Groupon One-Timers)
EA-01976,28,Female,Suburban,71500,Bargains,Facebook Ad,Tablet,2.5,High,1,321.39,2,Self-Care Sena (Facebook One-Timers)
EA-03515,58,Female,Suburban,93500,Wellness,Referral,Mobile,7.7,High,3,841.0,3,Hamesha 25 Club (Referral Regulars)
EA-01762,35,Female,Urban,54500,Bargains,Facebook Ad,Mobile,1.5,Medium,1,266.3,2,Self-Care Sena (Facebook One-Timers)
EA-02740,29,Male,Suburban,62500,Bargains,Groupon,Desktop,6.4,Medium,1,465.39,0,Gayab Grahak (Groupon One-Timers)
EA-04845,28,Female,Suburban,47500,Skincare,Facebook Ad,Mobile,3.7,High,1,401.0,2,Self-Care Sena (Facebook One-Timers)
EA-02473,38,Female,Suburban,125000,Wellness,Organic Search,Desktop,13.2,Low,4,1568.76,1,Glow Ke Nawab (Organic VIPs)
EA-04008,27,Female,Urban,39500,Bargains,Facebook Ad,Mobile,3.9,Low,1,384.34,2,Self-Care Sena (Facebook One-Timers)
EA-01494,39,Female,Suburban,96000,Wellness,Organic Search,Tablet,10.5,Low,3,1961.44,1,Glow Ke Nawab (Organic VIPs)
EA-04207,29,Female,Urban,59000,Skincare,Facebook Ad,Mobile,4.4,High,1,378.43,2,Self-Care Sena (Facebook One-Timers)
EA-02159,34,Male,Suburban,80500,Bargains,Groupon,Mobile,4.2,High,1,525.38,0,Gayab Grahak (Groupon One-Timers)
EA-01170,42,Female,Urban,59000,Bargains,Facebook Ad,Mobile,6.4,Medium,1,350.28,2,Self-Care Sena (Facebook One-Timers)
EA-04517,22,Female,Suburban,27500,Anti-aging,Groupon,Mobile,4.6,Medium,1,421.58,0,Gayab Grahak (Groupon One-Timers)
EA-00233,39,Female,Urban,39000,Skincare,Referral,Mobile,14.3,Low,1,387.77,3,Hamesha 25 Club (Referral Regulars)
EA-00067,30,Female,Suburban,59000,Bargains,Groupon,Tablet,3.4,High,1,341.72,0,Gayab Grahak (Groupon One-Timers)
EA-01604,54,Male,Suburban,100500,Wellness,Organic Search,Mobile,9.8,Low,4,1663.62,1,Glow Ke Nawab (Organic VIPs)
EA-03284,31,Male,Urban,81500,Bargains,Facebook Ad,Mobile,0.4,Medium,1,337.35,2,Self-Care Sena (Facebook One-Timers)
EA-03597,40,Male,Urban,90500,Anti-aging,Organic Search,Desktop,18.8,Low,2,2207.34,1,Glow Ke Nawab (Organic VIPs)
EA-00126,24,Female,Urban,22500,Bargains,Groupon,Mobile,0.9,High,1,338.18,0,Gayab Grahak (Groupon One-Timers)
EA-01297,31,Female,Urban,94000,Skincare,Facebook Ad,Mobile,5.0,High,1,425.15,2,Self-Care Sena (Facebook One-Timers)
EA-01977,23,Female,Rural,76500,Bargains,Groupon,Mobile,2.6,High,1,378.51,0,Gayab Grahak (Groupon One-Timers)
EA-04518,21,Female,Urban,72500,Anti-aging,Facebook Ad,Mobile,5.8,Medium,1,439.88,2,Self-Care Sena (Facebook One-Timers)
EA-04482,32,Male,Urban,59500,Bargains,Groupon,Mobile,7.3,High,1,196.4,0,Gayab Grahak (Groupon One-Timers)
EA-02076,30,Female,Urban,43500,Bargains,Groupon,Tablet,3.7,High,1,483.79,0,Gayab Grahak (Groupon One-Timers)
EA-03087,28,Female,Urban,65500,Skincare,Facebook Ad,Mobile,3.3,Low,1,286.18,2,Self-Care Sena (Facebook One-Timers)
EA-04346,70,Female,Suburban,95000,Bargains,Referral,Desktop,7.8,High,2,622.13,3,Hamesha 25 Club (Referral Regulars)
EA-03346,28,Female,Urban,62500,Wellness,Organic Search,Desktop,7.5,Low,2,1349.09,3,Hamesha 25 Club (Referral Regulars)
EA-04465,39,Female,Urban,59000,Skincare,Facebook Ad,Mobile,2.0,High,1,456.23,2,Self-Care Sena (Facebook One-Timers)
EA-02798,23,Female,Urban,54000,Anti-aging,Facebook Ad,Tablet,9.8,High,3,457.81,2,Self-Care Sena (Facebook One-Timers)
EA-00919,33,Female,Suburban,58500,Bargains,Facebook Ad,Desktop,4.9,Low,1,391.77,2,Self-Care Sena (Facebook One-Timers)
EA-01647,37,Female,Suburban,50000,Anti-aging,Facebook Ad,Mobile,0.4,Low,1,403.32,2,Self-Care Sena (Facebook One-Timers)
EA-00365,43,Female,Suburban,112500,Anti-aging,Organic Search,Mobile,10.8,Low,3,2176.47,1,Glow Ke Nawab (Organic VIPs)
EA-03288,30,Female,Suburban,62000,Bargains,Groupon,Mobile,5.9,Medium,1,305.06,0,Gayab Grahak (Groupon One-Timers)
EA-02126,26,Female,Suburban,33500,Bargains,Facebook Ad,Desktop,7.8,High,1,312.46,2,Self-Care Sena (Facebook One-Timers)
EA-04124,26,Female,Suburban,42500,Bargains,Facebook Ad,Mobile,0.4,Medium,1,329.99,2,Self-Care Sena (Facebook One-Timers)
EA-00526,36,Male,Rural,50000,Skincare,Facebook Ad,Mobile,6.7,High,1,219.83,2,Self-Care Sena (Facebook One-Timers)
EA-00056,49,Female,Urban,114500,Skincare,Organic Search,Desktop,12.6,Low,3,1593.25,1,Glow Ke Nawab (Organic VIPs)
EA-00639,44,Female,Suburban,125000,Anti-aging,Organic Search,Desktop,13.4,Low,3,1848.93,1,Glow Ke Nawab (Organic VIPs)
EA-00303,30,Female,Suburban,55500,Bargains,Groupon,Mobile,5.5,Medium,1,150.0,0,Gayab Grahak (Groupon One-Timers)
EA-02767,27,Female,Urban,29500,Bargains,Groupon,Mobile,1.7,Medium,2,393.08,0,Gayab Grahak (Groupon One-Timers)
EA-01277,24,Female,Urban,75000,Bargains,Facebook Ad,Desktop,4.9,High,1,158.22,2,Self-Care Sena (Facebook One-Timers)
EA-02056,36,Non-binary,Urban,32000,Bargains,Groupon,Mobile,4.1,High,1,265.12,0,Gayab Grahak (Groupon One-Timers)
EA-03645,24,Male,Suburban,44000,Bargains,Facebook Ad,Mobile,6.0,High,1,232.19,2,Self-Care Sena (Facebook One-Timers)
EA-04144,27,Male,Suburban,50000,Skincare,Facebook Ad,Desktop,3.3,High,1,150.0,2,Self-Care Sena (Facebook One-Timers)
EA-02879,34,Female,Urban,52000,Bargains,Groupon,Mobile,4.7,High,1,533.58,0,Gayab Grahak (Groupon One-Timers)
EA-04203,32,Male,Urban,74000,Skincare,Facebook Ad,Desktop,4.0,High,1,297.17,2,Self-Care Sena (Facebook One-Timers)
EA-02287,42,Female,Suburban,71000,Skincare,Organic Search,Mobile,14.0,Medium,5,1945.22,1,Glow Ke Nawab (Organic VIPs)
EA-02262,39,Female,Urban,39000,Anti-aging,Referral,Tablet,6.1,Low,3,851.23,3,Hamesha 25 Club (Referral Regulars)
EA-02297,33,Female,Rural,107500,Skincare,Organic Search,Mobile,17.8,Low,6,1835.95,1,Glow Ke Nawab (Organic VIPs)
EA-01754,51,Female,Urban,120500,Skincare,Organic Search,Desktop,21.5,Medium,3,1841.02,1,Glow Ke Nawab (Organic VIPs)
EA-01969,22,Male,Urban,45500,Anti-aging,Groupon,Mobile,2.0,High,1,420.05,0,Gayab Grahak (Groupon One-Timers)
EA-04352,21,Female,Suburban,37000,Anti-aging,Facebook Ad,Mobile,1.4,High,1,321.6,2,Self-Care Sena (Facebook One-Timers)
EA-03118,37,Female,Urban,81500,Skincare,Organic Search,Desktop,17.7,Medium,4,2429.09,1,Glow Ke Nawab (Organic VIPs)
EA-02394,34,Female,Rural,50000,Bargains,Facebook Ad,Mobile,4.6,Medium,1,614.75,2,Self-Care Sena (Facebook One-Timers)
EA-00524,36,Female,Urban,36000,Bargains,Groupon,Mobile,2.7,High,1,285.61,0,Gayab Grahak (Groupon One-Timers)
EA-03901,28,Female,Rural,45000,Bargains,Facebook Ad,Mobile,0.4,High,1,424.66,2,Self-Care Sena (Facebook One-Timers)
EA-03123,19,Female,Rural,56500,Bargains,Facebook Ad,Mobile,2.2,High,2,322.26,2,Self-Care Sena (Facebook One-Timers)
EA-04157,37,Female,Suburban,96000,Anti-aging,Referral,Desktop,10.4,High,1,841.23,3,Hamesha 25 Club (Referral Regulars)
EA-01970,29,Male,Urban,64500,Bargains,Groupon,Mobile,5.0,High,1,461.14,0,Gayab Grahak (Groupon One-Timers)
EA-00672,39,Female,Suburban,40000,Skincare,Groupon,Mobile,2.3,High,1,459.73,0,Gayab Grahak (Groupon One-Timers)
EA-04189,39,Male,Urban,71500,Bargains,Facebook Ad,Mobile,0.5,Medium,1,488.18,2,Self-Care Sena (Facebook One-Timers)
EA-00667,65,Female,Suburban,129000,Wellness,Organic Search,Mobile,22.4,Low,5,1855.11,1,Glow Ke Nawab (Organic VIPs)
EA-04339,40,Female,Urban,49000,Skincare,Groupon,Mobile,3.4,High,1,300.75,0,Gayab Grahak (Groupon One-Timers)
EA-01888,36,Female,Urban,67000,Bargains,Facebook Ad,Mobile,4.2,Medium,1,150.0,2,Self-Care Sena (Facebook One-Timers)
EA-03267,21,Female,Urban,70000,Bargains,Facebook Ad,Mobile,4.2,High,1,354.78,2,Self-Care Sena (Facebook One-Timers)
EA-00281,35,Female,Urban,70500,Bargains,Facebook Ad,Mobile,3.0,High,1,322.59,2,Self-Care Sena (Facebook One-Timers)
EA-01720,45,Female,Urban,92000,Anti-aging,Organic Search,Mobile,16.1,Low,4,2028.1,1,Glow Ke Nawab (Organic VIPs)
EA-02948,35,Female,Suburban,104000,Anti-aging,Organic Search,Desktop,11.6,Medium,2,1172.31,3,Hamesha 25 Club (Referral Regulars)
EA-00900,29,Male,Suburban,47500,Skincare,Groupon,Tablet,4.1,Medium,1,385.77,0,Gayab Grahak (Groupon One-Timers)
EA-04851,40,Female,Suburban,57500,Bargains,Facebook Ad,Mobile,5.2,High,1,150.0,2,Self-Care Sena (Facebook One-Timers)
EA-00761,32,Female,Urban,49500,Wellness,Organic Search,Tablet,14.9,Low,3,2438.51,1,Glow Ke Nawab (Organic VIPs)
EA-01907,25,Female,Urban,68000,Bargains,Groupon,Mobile,0.8,High,1,431.72,0,Gayab Grahak (Groupon One-Timers)
EA-04043,33,Female,Urban,60000,Skincare,Facebook Ad,Mobile,2.5,High,1,262.77,2,Self-Care Sena (Facebook One-Timers)
EA-03824,31,Female,Suburban,62500,Bargains,Facebook Ad,Mobile,5.8,High,1,314.34,2,Self-Care Sena (Facebook One-Timers)
EA-04139,36,Female,Urban,71500,Anti-aging,Organic Search,Mobile,21.8,Medium,5,818.35,1,Glow Ke Nawab (Organic VIPs)
EA-03819,55,Male,Suburban,189500,Skincare,Organic Search,Mobile,18.9,Medium,4,1169.07,1,Glow Ke Nawab (Organic VIPs)
EA-04301,32,Female,Urban,50500,Skincare,Groupon,Desktop,4.1,High,1,299.49,0,Gayab Grahak (Groupon One-Timers)
EA-02594,23,Female,Urban,24000,Bargains,Facebook Ad,Mobile,0.4,High,1,475.53,2,Self-Care Sena (Facebook One-Timers)
EA-04165,30,Female,Urban,39500,Bargains,Groupon,Mobile,2.2,High,1,498.27,0,Gayab Grahak (Groupon One-Timers)
EA-03032,30,Female,Rural,64500,Skincare,Facebook Ad,Mobile,2.9,High,1,373.45,2,Self-Care Sena (Facebook One-Timers)
EA-03580,28,Female,Urban,46000,Bargains,Facebook Ad,Mobile,0.4,High,1,437.97,2,Self-Care Sena (Facebook One-Timers)
EA-02833,32,Female,Suburban,52500,Bargains,Groupon,Desktop,1.9,High,1,238.43,0,Gayab Grahak (Groupon One-Timers)
EA-03473,34,Female,Urban,45500,Bargains,Groupon,Mobile,3.9,High,3,255.05,0,Gayab Grahak (Groupon One-Timers)
EA-00138,32,Male,Suburban,48000,Bargains,Groupon,Mobile,2.6,High,3,269.12,0,Gayab Grahak (Groupon One-Timers)
EA-02181,55,Female,Urban,76000,Anti-aging,Organic Search,Desktop,11.1,Low,3,1219.34,1,Glow Ke Nawab (Organic VIPs)
EA-02129,33,Female,Rural,54000,Skincare,Facebook Ad,Desktop,0.4,High,1,367.74,2,Self-Care Sena (Facebook One-Timers)
EA-03178,43,Non-binary,Suburban,40000,Bargains,Facebook Ad,Tablet,7.2,High,1,323.46,2,Self-Care Sena (Facebook One-Timers)
EA-04368,40,Female,Urban,53500,Skincare,Groupon,Mobile,4.3,High,1,370.47,0,Gayab Grahak (Groupon One-Timers)
EA-04262,55,Female,Urban,74000,Skincare,Organic Search,Desktop,10.6,High,3,2043.5,1,Glow Ke Nawab (Organic VIPs)
EA-04345,40,Female,Rural,80000,Bargains,Organic Search,Desktop,18.1,Medium,2,2232.16,1,Glow Ke Nawab (Organic VIPs)
EA-01332,34,Female,Urban,67500,Skincare,Groupon,Mobile,6.3,Medium,1,316.04,0,Gayab Grahak (Groupon One-Timers)
EA-02018,37,Male,Urban,53000,Bargains,Facebook Ad,Mobile,1.8,High,1,479.63,2,Self-Care Sena (Facebook One-Timers)
EA-02483,33,Female,Urban,88500,Bargains,Facebook Ad,Mobile,3.3,Medium,1,489.11,2,Self-Care Sena (Facebook One-Timers)
EA-01359,63,Female,Urban,112000,Wellness,Organic Search,Desktop,14.6,Low,3,2218.74,1,Glow Ke Nawab (Organic VIPs)
EA-01330,37,Female,Suburban,61000,Bargains,Facebook Ad,Mobile,4.8,High,1,234.79,2,Self-Care Sena (Facebook One-Timers)
EA-02151,50,Female,Suburban,81000,Skincare,Organic Search,Mobile,10.2,High,1,2151.53,1,Glow Ke Nawab (Organic VIPs)
EA-02123,26,Male,Suburban,36500,Bargains,Facebook Ad,Mobile,3.2,High,1,422.84,2,Self-Care Sena (Facebook One-Timers)
EA-03982,31,Female,Suburban,74000,Bargains,Groupon,Mobile,2.8,Medium,1,283.19,0,Gayab Grahak (Groupon One-Timers)
EA-01253,34,Female,Suburban,33500,Bargains,Facebook Ad,Mobile,5.5,High,1,385.99,2,Self-Care Sena (Facebook One-Timers)
EA-03279,40,Female,Urban,41000,Anti-aging,Facebook Ad,Tablet,3.6,Medium,1,331.86,2,Self-Care Sena (Facebook One-Timers)
EA-03375,26,Female,Rural,72500,Wellness,Groupon,Tablet,2.6,Medium,1,413.94,0,Gayab Grahak (Groupon One-Timers)
EA-02815,27,Female,Suburban,64500,Wellness,Facebook Ad,Mobile,3.9,High,2,525.29,2,Self-Care Sena (Facebook One-Timers)
EA-01849,31,Female,Urban,42500,Skincare,Groupon,Mobile,4.4,High,1,401.77,0,Gayab Grahak (Groupon One-Timers)
EA-03038,33,Female,Urban,47500,Skincare,Facebook Ad,Mobile,3.7,High,1,218.16,2,Self-Care Sena (Facebook One-Timers)
EA-00389,31,Female,Suburban,48000,Skincare,Facebook Ad,Desktop,4.2,High,1,485.43,2,Self-Care Sena (Facebook One-Timers)
EA-00236,50,Female,Suburban,95000,Wellness,Organic Search,Desktop,6.4,Medium,2,1981.94,1,Glow Ke Nawab (Organic VIPs)
EA-01078,33,Female,Urban,28500,Bargains,Groupon,Desktop,1.4,High,1,165.08,0,Gayab Grahak (Groupon One-Timers)
EA-01985,30,Female,Suburban,37000,Bargains,Groupon,Tablet,3.2,Medium,1,293.33,0,Gayab Grahak (Groupon One-Timers)
EA-04364,27,Female,Urban,73000,Anti-aging,Referral,Desktop,11.9,High,1,936.62,3,Hamesha 25 Club (Referral Regulars)
EA-03963,46,Female,Rural,115500,Skincare,Organic Search,Desktop,11.4,Medium,3,1173.65,1,Glow Ke Nawab (Organic VIPs)
EA-00771,36,Female,Rural,66000,Bargains,Facebook Ad,Mobile,7.5,High,3,449.01,2,Self-Care Sena (Facebook One-Timers)
EA-02166,38,Female,Suburban,63000,Bargains,Facebook Ad,Mobile,3.2,Low,1,517.49,2,Self-Care Sena (Facebook One-Timers)
EA-00674,60,Male,Urban,146000,Wellness,Organic Search,Desktop,15.3,Low,5,1963.78,1,Glow Ke Nawab (Organic VIPs)
EA-00250,23,Female,Rural,53000,Anti-aging,Groupon,Mobile,3.7,High,1,309.47,0,Gayab Grahak (Groupon One-Timers)
EA-01575,29,Female,Rural,80500,Skincare,Facebook Ad,Desktop,4.6,High,1,249.96,2,Self-Care Sena (Facebook One-Timers)
EA-03420,31,Female,Urban,47000,Anti-aging,Organic Search,Mobile,23.7,Medium,7,2210.74,1,Glow Ke Nawab (Organic VIPs)
EA-02082,36,Female,Suburban,82500,Skincare,Facebook Ad,Mobile,1.8,Medium,1,399.17,2,Self-Care Sena (Facebook One-Timers)
EA-01824,34,Female,Suburban,28000,Bargains,Groupon,Mobile,5.0,High,1,436.57,0,Gayab Grahak (Groupon One-Timers)
EA-00717,35,Female,Suburban,45500,Skincare,Groupon,Mobile,5.2,High,1,380.38,0,Gayab Grahak (Groupon One-Timers)
EA-04669,37,Female,Urban,126500,Anti-aging,Organic Search,Mobile,13.4,Medium,3,2039.79,1,Glow Ke Nawab (Organic VIPs)
EA-02049,25,Female,Urban,47500,Skincare,Facebook Ad,Mobile,4.6,High,1,328.1,2,Self-Care Sena (Facebook One-Timers)
EA-04179,55,Male,Urban,75500,Skincare,Organic Search,Mobile,22.8,Medium,6,2500.0,1,Glow Ke Nawab (Organic VIPs)
EA-02725,25,Male,Urban,41000,Bargains,Facebook Ad,Mobile,2.8,High,1,327.74,2,Self-Care Sena (Facebook One-Timers)
EA-04522,29,Female,Suburban,63500,Bargains,Groupon,Mobile,8.3,Medium,1,246.88,0,Gayab Grahak (Groupon One-Timers)
EA-01461,45,Female,Urban,114000,Skincare,Organic Search,Mobile,13.3,Medium,2,1744.72,1,Glow Ke Nawab (Organic VIPs)
EA-01669,21,Female,Urban,47500,Skincare,Facebook Ad,Mobile,3.4,High,1,279.73,2,Self-Care Sena (Facebook One-Timers)
EA-02757,41,Female,Urban,119000,Anti-aging,Organic Search,Desktop,13.7,Medium,4,1645.56,1,Glow Ke Nawab (Organic VIPs)
EA-02001,53,Female,Suburban,109000,Anti-aging,Organic Search,Mobile,15.8,Low,5,1609.27,1,Glow Ke Nawab (Organic VIPs)
EA-00405,38,Female,Urban,68000,Skincare,Referral,Desktop,4.0,Medium,3,793.69,3,Hamesha 25 Club (Referral Regulars)
EA-00385,32,Female,Urban,42000,Bargains,Facebook Ad,Mobile,5.0,Medium,1,394.26,2,Self-Care Sena (Facebook One-Timers)
EA-04536,34,Female,Urban,24000,Bargains,Facebook Ad,Desktop,3.4,High,1,349.25,2,Self-Care Sena (Facebook One-Timers)
EA-02153,41,Female,Urban,103000,Anti-aging,Organic Search,Mobile,11.3,Medium,4,1703.64,1,Glow Ke Nawab (Organic VIPs)
EA-01634,47,Male,Urban,107500,Anti-aging,Organic Search,Mobile,8.8,Low,5,1748.86,1,Glow Ke Nawab (Organic VIPs)
EA-04587,26,Female,Suburban,57000,Bargains,Groupon,Mobile,2.6,High,1,446.11,0,Gayab Grahak (Groupon One-Timers)
EA-03926,35,Female,Urban,54500,Bargains,Groupon,Mobile,2.7,High,1,260.15,0,Gayab Grahak (Groupon One-Timers)
EA-04159,27,Male,Urban,80500,Bargains,Groupon,Mobile,6.2,Medium,1,546.84,0,Gayab Grahak (Groupon One-Timers)
EA-00224,48,Male,Suburban,41500,Wellness,Referral,Desktop,12.6,Low,3,837.36,3,Hamesha 25 Club (Referral Regulars)
EA-02194,44,Female,Suburban,65000,Skincare,Facebook Ad,Mobile,2.7,High,1,496.33,2,Self-Care Sena (Facebook One-Timers)
EA-03137,50,Male,Suburban,103000,Anti-aging,Organic Search,Desktop,11.2,Low,4,1360.05,1,Glow Ke Nawab (Organic VIPs)
EA-01825,35,Male,Suburban,68000,Anti-aging,Organic Search,Desktop,14.4,Medium,3,2200.75,1,Glow Ke Nawab (Organic VIPs)
EA-04601,40,Male,Urban,76000,Bargains,Groupon,Mobile,6.3,High,1,455.81,0,Gayab Grahak (Groupon One-Timers)
EA-00798,19,Male,Urban,57500,Bargains,Facebook Ad,Mobile,0.4,High,1,413.86,2,Self-Care Sena (Facebook One-Timers)
EA-02872,28,Female,Urban,76500,Skincare,Groupon,Mobile,3.5,Medium,1,150.0,0,Gayab Grahak (Groupon One-Timers)
EA-00010,26,Female,Urban,54000,Bargains,Groupon,Mobile,3.6,High,1,369.26,0,Gayab Grahak (Groupon One-Timers)
EA-01945,40,Female,Urban,77000,Skincare,Organic Search,Desktop,16.6,Low,3,2218.81,1,Glow Ke Nawab (Organic VIPs)
EA-01839,61,Male,Rural,112000,Anti-aging,Organic Search,Mobile,20.6,Medium,4,1967.18,1,Glow Ke Nawab (Organic VIPs)
EA-00256,50,Female,Suburban,109000,Anti-aging,Organic Search,Mobile,16.0,High,3,1937.1,1,Glow Ke Nawab (Organic VIPs)
EA-04509,38,Female,Suburban,110000,Wellness,Organic Search,Mobile,18.6,Low,4,2021.82,1,Glow Ke Nawab (Organic VIPs)
EA-01582,41,Female,Suburban,71000,Bargains,Facebook Ad,Desktop,3.8,Medium,1,328.16,2,Self-Care Sena (Facebook One-Timers)
EA-02957,37,Female,Urban,77500,Bargains,Facebook Ad,Mobile,4.1,High,1,285.42,2,Self-Care Sena (Facebook One-Timers)
EA-00925,34,Female,Suburban,65500,Bargains,Facebook Ad,Mobile,2.8,Medium,1,377.54,2,Self-Care Sena (Facebook One-Timers)
EA-04430,29,Male,Urban,64500,Skincare,Facebook Ad,Desktop,1.5,Medium,1,281.49,2,Self-Care Sena (Facebook One-Timers)
EA-02509,33,Female,Suburban,52500,Bargains,Groupon,Mobile,4.0,High,1,310.2,0,Gayab Grahak (Groupon One-Timers)
EA-03776,43,Male,Suburban,55000,Skincare,Groupon,Mobile,1.0,High,1,409.98,0,Gayab Grahak (Groupon One-Timers)
EA-04137,36,Female,Urban,67000,Bargains,Groupon,Mobile,5.6,High,1,247.87,0,Gayab Grahak (Groupon One-Timers)
EA-02780,28,Female,Suburban,63000,Bargains,Facebook Ad,Mobile,2.9,High,1,150.0,2,Self-Care Sena (Facebook One-Timers)
EA-00540,44,Female,Suburban,110000,Skincare,Organic Search,Mobile,19.9,Medium,5,1514.44,1,Glow Ke Nawab (Organic VIPs)
EA-02746,40,Female,Urban,145000,Wellness,Organic Search,Mobile,17.0,Low,4,1971.63,1,Glow Ke Nawab (Organic VIPs)
EA-04499,38,Female,Suburban,56500,Skincare,Organic Search,Desktop,19.0,Low,3,770.28,3,Hamesha 25 Club (Referral Regulars)
EA-04572,72,Female,Urban,96000,Wellness,Organic Search,Mobile,8.0,Low,3,2091.17,1,Glow Ke Nawab (Organic VIPs)
EA-01146,27,Female,Rural,51000,Bargains,Facebook Ad,Mobile,0.4,High,1,548.49,2,Self-Care Sena (Facebook One-Timers)
EA-00668,39,Female,Urban,81500,Skincare,Referral,Desktop,12.1,Medium,1,617.12,3,Hamesha 25 Club (Referral Regulars)
EA-03020,28,Female,Urban,28500,Bargains,Facebook Ad,Mobile,4.8,High,1,490.55,2,Self-Care Sena (Facebook One-Timers)
EA-00358,39,Female,Suburban,142500,Anti-aging,Organic Search,Mobile,19.4,Medium,5,1143.3,1,Glow Ke Nawab (Organic VIPs)
EA-02832,27,Female,Urban,53000,Bargains,Groupon,Tablet,1.7,Medium,1,306.75,0,Gayab Grahak (Groupon One-Timers)
EA-02784,40,Female,Suburban,25500,Bargains,Facebook Ad,Desktop,2.1,High,1,263.88,2,Self-Care Sena (Facebook One-Timers)
EA-01354,24,Female,Urban,74000,Bargains,Facebook Ad,Mobile,5.3,High,1,152.49,2,Self-Care Sena (Facebook One-Timers)
EA-00471,39,Female,Suburban,48000,Bargains,Facebook Ad,Mobile,2.9,High,1,411.24,2,Self-Care Sena (Facebook One-Timers)
EA-02704,52,Female,Rural,110500,Wellness,Organic Search,Mobile,10.4,Low,4,2214.9,1,Glow Ke Nawab (Organic VIPs)
EA-03331,54,Female,Urban,43000,Wellness,Referral,Desktop,5.5,Medium,1,1025.18,3,Hamesha 25 Club (Referral Regulars)
EA-03638,33,Female,Urban,72000,Bargains,Facebook Ad,Desktop,3.1,High,1,602.41,2,Self-Care Sena (Facebook One-Timers)
EA-01397,30,Male,Urban,62500,Bargains,Groupon,Mobile,0.4,High,2,329.0,0,Gayab Grahak (Groupon One-Timers)
EA-03585,50,Female,Suburban,60500,Skincare,Referral,Desktop,10.3,Low,3,695.48,3,Hamesha 25 Club (Referral Regulars)
EA-04487,37,Female,Suburban,60000,Wellness,Organic Search,Tablet,20.5,Low,4,2204.67,1,Glow Ke Nawab (Organic VIPs)
EA-03377,30,Female,Suburban,39000,Bargains,Facebook Ad,Mobile,5.0,High,1,351.59,2,Self-Care Sena (Facebook One-Timers)
EA-01257,49,Female,Urban,124500,Skincare,Organic Search,Tablet,14.1,Low,4,1577.25,1,Glow Ke Nawab (Organic VIPs)
EA-03513,36,Female,Urban,60000,Bargains,Referral,Desktop,6.7,High,3,446.7,3,Hamesha 25 Club (Referral Regulars)
EA-01251,40,Male,Rural,79000,Wellness,Facebook Ad,Mobile,4.2,Medium,1,311.68,2,Self-Care Sena (Facebook One-Timers)
EA-04808,31,Female,Urban,55000,Bargains,Groupon,Tablet,2.5,High,1,458.56,0,Gayab Grahak (Groupon One-Timers)
EA-04299,33,Female,Rural,64500,Anti-aging,Groupon,Mobile,2.3,High,1,401.07,0,Gayab Grahak (Groupon One-Timers)
EA-03285,38,Female,Suburban,57000,Anti-aging,Facebook Ad,Desktop,5.8,High,3,487.69,2,Self-Care Sena (Facebook One-Timers)
EA-02934,40,Female,Urban,126000,Skincare,Organic Search,Desktop,15.4,Low,4,2500.0,1,Glow Ke Nawab (Organic VIPs)
EA-04176,29,Female,Suburban,65500,Bargains,Groupon,Mobile,4.7,High,1,300.94,0,Gayab Grahak (Groupon One-Timers)
EA-01853,43,Female,Suburban,67000,Bargains,Groupon,Mobile,6.8,Low,1,256.83,0,Gayab Grahak (Groupon One-Timers)
EA-04870,35,Female,Suburban,38500,Bargains,Groupon,Mobile,7.1,High,1,507.59,0,Gayab Grahak (Groupon One-Timers)
EA-02106,51,Female,Rural,85500,Anti-aging,Organic Search,Mobile,6.6,Low,2,1923.76,1,Glow Ke Nawab (Organic VIPs)
EA-00134,27,Female,Suburban,47500,Bargains,Facebook Ad,Mobile,0.4,High,1,282.71,2,Self-Care Sena (Facebook One-Timers)
EA-00929,34,Male,Rural,72000,Bargains,Groupon,Desktop,1.9,High,1,378.48,0,Gayab Grahak (Groupon One-Timers)
EA-00824,42,Female,Urban,133500,Skincare,Organic Search,Desktop,20.9,Medium,4,2138.78,1,Glow Ke Nawab (Organic VIPs)
EA-04544,38,Female,Rural,71500,Bargains,Groupon,Mobile,4.6,High,1,389.68,0,Gayab Grahak (Groupon One-Timers)
EA-01532,30,Female,Suburban,55500,Skincare,Facebook Ad,Desktop,1.9,Medium,1,411.35,2,Self-Care Sena (Facebook One-Timers)
EA-01215,30,Female,Suburban,25000,Anti-aging,Facebook Ad,Mobile,4.3,High,1,255.6,2,Self-Care Sena (Facebook One-Timers)
EA-00505,28,Female,Urban,22500,Bargains,Groupon,Tablet,5.7,High,1,368.23,0,Gayab Grahak (Groupon One-Timers)
EA-04286,26,Female,Urban,41500,Wellness,Facebook Ad,Tablet,2.4,High,1,192.65,2,Self-Care Sena (Facebook One-Timers)
EA-01997,44,Female,Urban,30500,Skincare,Facebook Ad,Mobile,2.4,Medium,1,340.04,2,Self-Care Sena (Facebook One-Timers)
EA-03073,40,Female,Suburban,118000,Skincare,Organic Search,Mobile,26.0,Low,4,1956.25,1,Glow Ke Nawab (Organic VIPs)
EA-01959,43,Female,Suburban,116500,Bargains,Organic Search,Desktop,16.0,Medium,2,2089.99,1,Glow Ke Nawab (Organic VIPs)
EA-01385,51,Female,Suburban,124500,Bargains,Referral,Desktop,12.8,High,2,774.19,3,Hamesha 25 Club (Referral Regulars)
EA-00895,58,Female,Suburban,74500,Anti-aging,Organic Search,Mobile,4.8,Low,2,2462.84,1,Glow Ke Nawab (Organic VIPs)
EA-00456,23,Female,Urban,41500,Bargains,Facebook Ad,Mobile,2.8,High,1,326.75,2,Self-Care Sena (Facebook One-Timers)
EA-04880,46,Female,Urban,53500,Skincare,Facebook Ad,Desktop,0.4,Medium,1,395.59,2,Self-Care Sena (Facebook One-Timers)
EA-03710,56,Male,Urban,109500,Anti-aging,Organic Search,Desktop,13.5,Medium,1,1739.0,1,Glow Ke Nawab (Organic VIPs)
EA-04619,26,Female,Urban,73500,Bargains,Groupon,Tablet,2.7,High,1,464.81,0,Gayab Grahak (Groupon One-Timers)
EA-04269,47,Female,Urban,82000,Anti-aging,Organic Search,Mobile,9.3,Low,3,1392.83,1,Glow Ke Nawab (Organic VIPs)
EA-03523,28,Female,Suburban,76000,Bargains,Facebook Ad,Desktop,1.2,High,1,181.52,2,Self-Care Sena (Facebook One-Timers)
EA-04135,30,Female,Rural,43500,Anti-aging,Groupon,Mobile,3.5,High,1,361.01,0,Gayab Grahak (Groupon One-Timers)
EA-03603,30,Female,Urban,54500,Bargains,Groupon,Mobile,5.5,High,1,560.88,0,Gayab Grahak (Groupon One-Timers)
EA-00714,30,Female,Urban,103000,Bargains,Referral,Desktop,6.6,Medium,2,704.32,3,Hamesha 25 Club (Referral Regulars)
EA-04187,20,Female,Suburban,74000,Bargains,Facebook Ad,Tablet,6.1,High,1,440.17,2,Self-Care Sena (Facebook One-Timers)
EA-02215,49,Female,Urban,66500,Wellness,Referral,Mobile,8.0,Medium,3,774.59,3,Hamesha 25 Club (Referral Regulars)
EA-02924,56,Female,Urban,94000,Anti-aging,Organic Search,Mobile,22.6,Medium,3,2500.0,1,Glow Ke Nawab (Organic VIPs)
EA-01811,36,Female,Suburban,41000,Anti-aging,Facebook Ad,Mobile,3.7,High,1,376.02,2,Self-Care Sena (Facebook One-Timers)
EA-03487,47,Female,Urban,109500,Wellness,Organic Search,Desktop,22.8,Medium,5,2474.15,1,Glow Ke Nawab (Organic VIPs)
EA-03142,21,Female,Suburban,39500,Wellness,Facebook Ad,Mobile,0.8,High,1,590.0,2,Self-Care Sena (Facebook One-Timers)
EA-01828,28,Female,Urban,63000,Skincare,Groupon,Mobile,4.8,Medium,1,638.8,0,Gayab Grahak (Groupon One-Timers)
EA-01156,31,Female,Urban,80500,Bargains,Facebook Ad,Tablet,0.4,High,1,354.26,2,Self-Care Sena (Facebook One-Timers)
EA-01325,34,Female,Urban,54500,Bargains,Facebook Ad,Mobile,3.7,Medium,1,344.58,2,Self-Care Sena (Facebook One-Timers)
EA-04313,26,Female,Urban,49500,Bargains,Facebook Ad,Mobile,6.1,Medium,1,193.12,2,Self-Care Sena (Facebook One-Timers)
EA-00511,21,Male,Suburban,38500,Bargains,Facebook Ad,Mobile,2.4,High,1,359.11,2,Self-Care Sena (Facebook One-Timers)
EA-01681,34,Female,Rural,115500,Anti-aging,Organic Search,Mobile,14.9,Low,3,1854.78,1,Glow Ke Nawab (Organic VIPs)
EA-00500,22,Female,Urban,49500,Bargains,Groupon,Tablet,3.8,High,1,333.9,0,Gayab Grahak (Groupon One-Timers)
EA-04537,51,Male,Urban,52000,Skincare,Organic Search,Mobile,6.3,Medium,3,1983.58,1,Glow Ke Nawab (Organic VIPs)
EA-01857,24,Female,Suburban,42000,Skincare,Facebook Ad,Desktop,2.5,High,1,276.38,2,Self-Care Sena (Facebook One-Timers)
EA-01389,31,Female,Urban,123500,Skincare,Referral,Mobile,10.8,High,3,1000.71,3,Hamesha 25 Club (Referral Regulars)
EA-03720,26,Female,Suburban,49000,Bargains,Groupon,Desktop,5.2,High,1,283.06,0,Gayab Grahak (Groupon One-Timers)
EA-02387,43,Female,Urban,40000,Anti-aging,Referral,Tablet,11.5,Medium,2,925.43,3,Hamesha 25 Club (Referral Regulars)
EA-03237,38,Female,Urban,94500,Bargains,Referral,Mobile,3.7,Low,4,480.04,3,Hamesha 25 Club (Referral Regulars)
EA-01541,43,Female,Urban,82500,Skincare,Organic Search,Mobile,15.8,Medium,5,2068.4,1,Glow Ke Nawab (Organic VIPs)
EA-01218,32,Male,Suburban,44000,Bargains,Groupon,Mobile,5.4,High,4,264.64,0,Gayab Grahak (Groupon One-Timers)
EA-02682,48,Female,Suburban,171000,Skincare,Organic Search,Desktop,21.7,Medium,5,2500.0,1,Glow Ke Nawab (Organic VIPs)
EA-02994,31,Female,Urban,86500,Skincare,Groupon,Tablet,2.7,High,1,278.95,0,Gayab Grahak (Groupon One-Timers)
EA-01192,37,Male,Suburban,56500,Bargains,Facebook Ad,Mobile,2.0,High,3,507.84,2,Self-Care Sena (Facebook One-Timers)
EA-01543,38,Female,Suburban,73500,Bargains,Facebook Ad,Mobile,4.6,High,1,428.18,2,Self-Care Sena (Facebook One-Timers)
EA-03302,27,Female,Urban,52500,Bargains,Facebook Ad,Mobile,1.2,High,1,553.15,2,Self-Care Sena (Facebook One-Timers)
EA-03325,33,Female,Suburban,69000,Bargains,Groupon,Mobile,2.1,High,1,205.98,0,Gayab Grahak (Groupon One-Timers)
EA-02540,39,Female,Rural,70000,Bargains,Groupon,Mobile,6.3,High,3,460.1,0,Gayab Grahak (Groupon One-Timers)
EA-00954,26,Female,Urban,46000,Skincare,Facebook Ad,Mobile,3.0,High,1,321.12,2,Self-Care Sena (Facebook One-Timers)
EA-04331,41,Female,Urban,90000,Anti-aging,Facebook Ad,Desktop,5.9,High,1,426.16,2,Self-Care Sena (Facebook One-Timers)
EA-00733,30,Female,Rural,62500,Wellness,Facebook Ad,Desktop,0.6,Medium,1,713.55,2,Self-Care Sena (Facebook One-Timers)
EA-01157,34,Female,Urban,32000,Bargains,Facebook Ad,Mobile,3.7,High,1,331.71,2,Self-Care Sena (Facebook One-Timers)
EA-03295,29,Female,Suburban,68000,Skincare,Groupon,Mobile,5.7,High,1,276.02,0,Gayab Grahak (Groupon One-Timers)
EA-02983,45,Female,Suburban,47500,Bargains,Facebook Ad,Desktop,5.9,Medium,3,661.01,3,Hamesha 25 Club (Referral Regulars)
EA-02157,36,Female,Suburban,39500,Skincare,Facebook Ad,Mobile,2.7,Medium,1,415.13,2,Self-Care Sena (Facebook One-Timers)
EA-01063,39,Female,Urban,46000,Skincare,Facebook Ad,Mobile,8.9,High,1,281.38,2,Self-Care Sena (Facebook One-Timers)
EA-02617,32,Female,Urban,58500,Wellness,Facebook Ad,Desktop,4.9,High,1,378.63,2,Self-Care Sena (Facebook One-Timers)
EA-01168,34,Female,Rural,48500,Wellness,Groupon,Mobile,5.0,High,3,150.0,0,Gayab Grahak (Groupon One-Timers)
EA-03223,48,Female,Urban,122500,Skincare,Organic Search,Mobile,17.9,Low,2,1745.6,1,Glow Ke Nawab (Organic VIPs)
EA-03637,38,Female,Rural,79500,Skincare,Organic Search,Tablet,18.0,Low,4,1990.35,1,Glow Ke Nawab (Organic VIPs)
EA-02939,42,Female,Suburban,57000,Skincare,Facebook Ad,Desktop,4.1,Medium,1,227.56,2,Self-Care Sena (Facebook One-Timers)
EA-04492,43,Male,Suburban,129000,Skincare,Organic Search,Desktop,20.1,Medium,3,2113.48,1,Glow Ke Nawab (Organic VIPs)
EA-03141,24,Female,Urban,57000,Bargains,Facebook Ad,Mobile,5.8,Medium,1,407.07,2,Self-Care Sena (Facebook One-Timers)
EA-00144,19,Female,Urban,48500,Bargains,Groupon,Tablet,4.8,Medium,1,272.15,0,Gayab Grahak (Groupon One-Timers)
EA-03578,30,Female,Urban,30000,Bargains,Facebook Ad,Tablet,5.4,High,1,469.88,2,Self-Care Sena (Facebook One-Timers)
EA-02783,23,Female,Suburban,57500,Skincare,Groupon,Mobile,3.5,Medium,2,307.49,0,Gayab Grahak (Groupon One-Timers)
EA-00718,36,Female,Suburban,59500,Wellness,Facebook Ad,Mobile,3.4,High,1,231.15,2,Self-Care Sena (Facebook One-Timers)
EA-01820,22,Female,Suburban,88000,Wellness,Groupon,Mobile,2.9,High,1,370.39,0,Gayab Grahak (Groupon One-Timers)
EA-02503,59,Female,Urban,98000,Skincare,Referral,Mobile,5.1,High,3,471.9,3,Hamesha 25 Club (Referral Regulars)
EA-04361,19,Female,Rural,46500,Bargains,Facebook Ad,Mobile,3.0,High,1,277.75,2,Self-Care Sena (Facebook One-Timers)
EA-04172,29,Female,Urban,100500,Skincare,Organic Search,Desktop,20.5,Medium,2,1882.98,1,Glow Ke Nawab (Organic VIPs)
EA-00396,26,Female,Urban,41000,Skincare,Groupon,Desktop,7.3,High,1,150.0,0,Gayab Grahak (Groupon One-Timers)
EA-04837,24,Female,Urban,60500,Bargains,Facebook Ad,Mobile,6.6,Medium,1,509.49,2,Self-Care Sena (Facebook One-Timers)
EA-04493,46,Male,Suburban,101500,Bargains,Referral,Desktop,10.4,Low,2,497.49,3,Hamesha 25 Club (Referral Regulars)
EA-01366,31,Male,Urban,37500,Skincare,Groupon,Mobile,1.8,High,1,374.36,0,Gayab Grahak (Groupon One-Timers)
EA-04559,37,Female,Urban,59000,Bargains,Facebook Ad,Mobile,4.4,High,2,287.62,2,Self-Care Sena (Facebook One-Timers)
EA-00596,25,Female,Rural,110500,Bargains,Facebook Ad,Mobile,4.6,High,1,346.59,2,Self-Care Sena (Facebook One-Timers)
EA-03953,35,Female,Suburban,89000,Anti-aging,Referral,Mobile,17.6,High,2,506.42,3,Hamesha 25 Club (Referral Regulars)
EA-02915,40,Female,Suburban,35000,Bargains,Groupon,Mobile,4.9,High,1,481.04,0,Gayab Grahak (Groupon One-Timers)
EA-02327,42,Female,Suburban,65000,Bargains,Facebook Ad,Mobile,2.7,High,1,240.76,2,Self-Care Sena (Facebook One-Timers)
EA-03767,30,Female,Urban,74500,Bargains,Groupon,Mobile,4.2,High,1,421.5,0,Gayab Grahak (Groupon One-Timers)
EA-03441,27,Female,Rural,73000,Bargains,Facebook Ad,Mobile,4.4,Medium,1,416.36,2,Self-Care Sena (Facebook One-Timers)
EA-03852,37,Female,Suburban,48000,Bargains,Facebook Ad,Mobile,5.4,High,1,294.63,2,Self-Care Sena (Facebook One-Timers)
EA-04133,30,Female,Suburban,56000,Bargains,Groupon,Mobile,3.1,Medium,1,359.08,0,Gayab Grahak (Groupon One-Timers)
EA-04592,27,Female,Suburban,51500,Bargains,Groupon,Mobile,2.1,High,1,337.05,0,Gayab Grahak (Groupon One-Timers)
EA-02144,28,Male,Urban,95500,Anti-aging,Organic Search,Desktop,15.4,Medium,4,2444.9,1,Glow Ke Nawab (Organic VIPs)
EA-01572,30,Male,Suburban,57500,Bargains,Groupon,Mobile,4.5,High,1,397.37,0,Gayab Grahak (Groupon One-Timers)
EA-04080,32,Female,Urban,56500,Bargains,Groupon,Mobile,4.2,High,1,524.77,0,Gayab Grahak (Groupon One-Timers)
EA-01123,48,Female,Urban,108500,Anti-aging,Organic Search,Desktop,13.6,Low,5,2036.64,1,Glow Ke Nawab (Organic VIPs)
EA-02787,35,Female,Urban,99500,Skincare,Organic Search,Tablet,8.9,Medium,3,1817.68,1,Glow Ke Nawab (Organic VIPs)
EA-02968,32,Non-binary,Suburban,70500,Bargains,Facebook Ad,Mobile,3.1,Low,1,150.0,2,Self-Care Sena (Facebook One-Timers)
EA-02505,26,Female,Rural,55500,Skincare,Facebook Ad,Desktop,2.7,Medium,1,398.96,2,Self-Care Sena (Facebook One-Timers)
EA-03466,47,Non-binary,Urban,159000,Bargains,Organic Search,Desktop,9.4,Medium,3,1997.97,1,Glow Ke Nawab (Organic VIPs)
EA-00676,24,Female,Suburban,57500,Bargains,Facebook Ad,Mobile,4.3,High,1,292.52,2,Self-Care Sena (Facebook One-Timers)
EA-02809,21,Female,Suburban,42000,Bargains,Facebook Ad,Mobile,2.9,High,1,491.92,2,Self-Care Sena (Facebook One-Timers)
EA-03349,41,Female,Urban,90500,Skincare,Organic Search,Mobile,13.3,Medium,6,1722.04,1,Glow Ke Nawab (Organic VIPs)
EA-00729,26,Female,Suburban,65000,Bargains,Groupon,Mobile,3.3,High,1,347.57,0,Gayab Grahak (Groupon One-Timers)
EA-00413,27,Male,Suburban,76000,Skincare,Facebook Ad,Mobile,5.8,High,1,366.51,2,Self-Care Sena (Facebook One-Timers)
EA-03147,54,Female,Urban,86000,Skincare,Organic Search,Desktop,17.5,Low,3,2500.0,1,Glow Ke Nawab (Organic VIPs)
EA-01517,23,Female,Suburban,46000,Skincare,Facebook Ad,Mobile,0.4,High,2,340.22,2,Self-Care Sena (Facebook One-Timers)
EA-00826,19,Female,Urban,31500,Bargains,Facebook Ad,Mobile,5.2,Medium,3,565.72,2,Self-Care Sena (Facebook One-Timers)
EA-03268,32,Male,Suburban,85000,Wellness,Organic Search,Desktop,15.8,Low,4,1105.15,1,Glow Ke Nawab (Organic VIPs)
EA-03975,32,Female,Suburban,69500,Bargains,Facebook Ad,Mobile,3.0,High,1,318.28,2,Self-Care Sena (Facebook One-Timers)
EA-00617,40,Female,Urban,75000,Skincare,Organic Search,Desktop,12.6,Medium,3,1900.92,1,Glow Ke Nawab (Organic VIPs)
EA-00115,25,Female,Urban,75500,Anti-aging,Facebook Ad,Mobile,0.6,High,1,456.39,2,Self-Care Sena (Facebook One-Timers)
EA-00418,57,Female,Suburban,113500,Anti-aging,Organic Search,Mobile,15.9,High,2,1954.19,1,Glow Ke Nawab (Organic VIPs)
EA-03070,35,Male,Suburban,64500,Bargains,Groupon,Mobile,4.4,High,1,253.96,0,Gayab Grahak (Groupon One-Timers)
EA-01626,46,Female,Suburban,66500,Anti-aging,Organic Search,Desktop,15.0,Medium,5,2164.85,1,Glow Ke Nawab (Organic VIPs)
EA-04951,25,Female,Urban,33500,Bargains,Facebook Ad,Mobile,2.1,Medium,1,396.95,2,Self-Care Sena (Facebook One-Timers)
EA-04186,37,Female,Urban,111500,Anti-aging,Organic Search,Mobile,8.9,Low,4,1045.47,1,Glow Ke Nawab (Organic VIPs)
EA-02897,30,Female,Urban,50500,Anti-aging,Referral,Mobile,4.5,Medium,1,505.55,2,Self-Care Sena (Facebook One-Timers)
EA-04672,36,Female,Urban,54000,Bargains,Facebook Ad,Mobile,4.2,High,1,417.01,2,Self-Care Sena (Facebook One-Timers)
EA-02083,45,Female,Urban,68500,Skincare,Organic Search,Desktop,19.9,Low,4,1564.07,1,Glow Ke Nawab (Organic VIPs)
EA-00754,26,Female,Suburban,22000,Skincare,Groupon,Mobile,4.0,High,1,481.93,0,Gayab Grahak (Groupon One-Timers)
EA-02547,34,Male,Rural,91500,Bargains,Referral,Mobile,8.8,Low,2,1013.19,3,Hamesha 25 Club (Referral Regulars)
EA-03970,35,Female,Urban,66500,Bargains,Facebook Ad,Mobile,1.1,High,1,405.69,2,Self-Care Sena (Facebook One-Timers)
EA-03374,25,Male,Suburban,65500,Bargains,Facebook Ad,Mobile,3.6,Medium,1,540.11,2,Self-Care Sena (Facebook One-Timers)
EA-04108,50,Female,Suburban,74500,Skincare,Organic Search,Mobile,15.2,Low,4,1377.6,1,Glow Ke Nawab (Organic VIPs)
EA-02445,35,Female,Urban,45000,Bargains,Groupon,Mobile,5.7,High,1,507.06,0,Gayab Grahak (Groupon One-Timers)
EA-04381,30,Male,Rural,67500,Skincare,Groupon,Mobile,6.8,High,1,423.35,0,Gayab Grahak (Groupon One-Timers)
EA-01067,31,Male,Suburban,57000,Bargains,Facebook Ad,Mobile,5.9,High,1,373.31,2,Self-Care Sena (Facebook One-Timers)
EA-03914,31,Female,Suburban,48500,Bargains,Facebook Ad,Desktop,2.2,High,1,514.19,2,Self-Care Sena (Facebook One-Timers)
EA-03499,29,Male,Rural,41500,Bargains,Facebook Ad,Tablet,5.9,Medium,1,331.45,2,Self-Care Sena (Facebook One-Timers)
EA-02739,43,Female,Suburban,131500,Anti-aging,Organic Search,Desktop,23.4,Medium,3,1367.71,1,Glow Ke Nawab (Organic VIPs)
EA-04001,49,Female,Urban,137500,Wellness,Organic Search,Mobile,17.0,Medium,4,1775.96,1,Glow Ke Nawab (Organic VIPs)
EA-01569,41,Female,Rural,29000,Bargains,Groupon,Mobile,4.4,High,1,270.22,0,Gayab Grahak (Groupon One-Timers)
EA-02428,34,Female,Rural,109500,Wellness,Organic Search,Mobile,14.7,Low,6,2293.01,1,Glow Ke Nawab (Organic VIPs)
EA-03747,30,Female,Urban,59500,Bargains,Facebook Ad,Mobile,3.0,Medium,1,489.87,2,Self-Care Sena (Facebook One-Timers)
EA-04640,34,Female,Rural,28000,Wellness,Facebook Ad,Mobile,0.4,High,1,300.55,2,Self-Care Sena (Facebook One-Timers)
EA-01688,31,Female,Urban,36500,Bargains,Groupon,Mobile,2.1,High,1,259.76,0,Gayab Grahak (Groupon One-Timers)
EA-00852,23,Female,Urban,27500,Wellness,Facebook Ad,Desktop,1.9,High,1,459.68,2,Self-Care Sena (Facebook One-Timers)
EA-03547,23,Female,Urban,37000,Anti-aging,Groupon,Mobile,4.8,High,1,194.56,0,Gayab Grahak (Groupon One-Timers)
EA-00896,38,Female,Urban,97000,Skincare,Organic Search,Mobile,18.9,High,4,1443.85,1,Glow Ke Nawab (Organic VIPs)
EA-04593,30,Female,Urban,140000,Skincare,Organic Search,Desktop,7.0,Low,4,1923.65,1,Glow Ke Nawab (Organic VIPs)
EA-00336,24,Female,Suburban,52500,Bargains,Groupon,Mobile,1.8,High,1,364.83,0,Gayab Grahak (Groupon One-Timers)
EA-02840,26,Female,Suburban,57000,Bargains,Facebook Ad,Mobile,2.6,High,1,306.41,2,Self-Care Sena (Facebook One-Timers)
EA-03088,21,Female,Suburban,60500,Bargains,Groupon,Mobile,2.2,High,1,293.85,0,Gayab Grahak (Groupon One-Timers)
EA-01349,37,Female,Urban,69000,Bargains,Groupon,Mobile,3.8,Medium,1,354.21,0,Gayab Grahak (Groupon One-Timers)
EA-01016,22,Female,Suburban,24500,Bargains,Facebook Ad,Mobile,5.0,High,1,396.54,2,Self-Care Sena (Facebook One-Timers)
EA-02817,35,Female,Suburban,28000,Bargains,Facebook Ad,Mobile,3.2,High,1,337.6,2,Self-Care Sena (Facebook One-Timers)
EA-01632,61,Female,Suburban,113000,Anti-aging,Organic Search,Mobile,12.0,Low,2,1598.71,1,Glow Ke Nawab (Organic VIPs)
EA-02490,48,Male,Urban,53500,Bargains,Groupon,Mobile,5.2,High,1,377.83,0,Gayab Grahak (Groupon One-Timers)
EA-03731,60,Female,Rural,85500,Bargains,Referral,Desktop,3.0,Medium,1,873.42,3,Hamesha 25 Club (Referral Regulars)
EA-03252,23,Male,Urban,76000,Wellness,Groupon,Mobile,3.8,High,1,469.05,0,Gayab Grahak (Groupon One-Timers)
EA-04635,34,Female,Urban,45500,Skincare,Groupon,Mobile,4.4,Medium,1,150.0,0,Gayab Grahak (Groupon One-Timers)
EA-02071,44,Male,Suburban,91000,Skincare,Organic Search,Desktop,18.7,Medium,4,1523.75,1,Glow Ke Nawab (Organic VIPs)
EA-04453,64,Female,Urban,118500,Wellness,Organic Search,Tablet,18.2,Medium,4,2442.14,1,Glow Ke Nawab (Organic VIPs)
EA-04883,38,Female,Suburban,58000,Skincare,Groupon,Tablet,6.3,Medium,1,196.73,0,Gayab Grahak (Groupon One-Timers)
EA-01636,19,Female,Suburban,51500,Bargains,Groupon,Tablet,1.2,Medium,1,558.34,0,Gayab Grahak (Groupon One-Timers)
EA-02480,25,Male,Suburban,99500,Wellness,Referral,Mobile,5.0,Low,1,942.86,3,Hamesha 25 Club (Referral Regulars)
EA-02266,40,Male,Suburban,42500,Bargains,Facebook Ad,Mobile,2.7,High,1,269.16,2,Self-Care Sena (Facebook One-Timers)
EA-02960,54,Female,Urban,62500,Skincare,Referral,Tablet,6.9,Medium,2,795.55,3,Hamesha 25 Club (Referral Regulars)
EA-04732,34,Female,Rural,50000,Skincare,Referral,Desktop,12.4,Medium,2,665.26,3,Hamesha 25 Club (Referral Regulars)
EA-03060,22,Female,Suburban,40500,Skincare,Facebook Ad,Tablet,4.5,Medium,1,362.89,2,Self-Care Sena (Facebook One-Timers)
EA-02142,33,Female,Suburban,77000,Skincare,Groupon,Tablet,6.5,High,1,214.86,0,Gayab Grahak (Groupon One-Timers)
EA-03119,34,Female,Suburban,31000,Bargains,Facebook Ad,Tablet,0.9,High,1,695.58,2,Self-Care Sena (Facebook One-Timers)
EA-04726,33,Female,Rural,76000,Anti-aging,Facebook Ad,Mobile,0.4,High,1,377.84,2,Self-Care Sena (Facebook One-Timers)
EA-04046,27,Male,Urban,52500,Skincare,Facebook Ad,Mobile,5.0,High,1,328.02,2,Self-Care Sena (Facebook One-Timers)
EA-03357,38,Female,Urban,47000,Bargains,Groupon,Mobile,3.9,High,3,476.97,0,Gayab Grahak (Groupon One-Timers)
EA-02745,27,Female,Rural,51500,Skincare,Facebook Ad,Mobile,4.7,Medium,1,291.21,2,Self-Care Sena (Facebook One-Timers)
EA-03507,34,Female,Urban,40000,Bargains,Groupon,Mobile,0.4,Medium,1,358.59,0,Gayab Grahak (Groupon One-Timers)
EA-01680,25,Female,Suburban,58000,Bargains,Groupon,Mobile,4.1,High,1,466.87,0,Gayab Grahak (Groupon One-Timers)
EA-04250,37,Female,Suburban,83500,Wellness,Organic Search,Mobile,10.9,Low,4,2270.62,1,Glow Ke Nawab (Organic VIPs)
EA-03148,28,Male,Suburban,119000,Skincare,Organic Search,Mobile,13.0,Low,5,2311.45,1,Glow Ke Nawab (Organic VIPs)
EA-02295,44,Female,Urban,62000,Bargains,Facebook Ad,Mobile,2.8,High,1,394.85,2,Self-Care Sena (Facebook One-Timers)
EA-00581,33,Female,Suburban,38500,Bargains,Groupon,Mobile,1.3,High,1,309.0,0,Gayab Grahak (Groupon One-Timers)
EA-01471,25,Female,Urban,83000,Wellness,Referral,Desktop,9.9,Medium,1,405.29,3,Hamesha 25 Club (Referral Regulars)
EA-04071,32,Female,Urban,37000,Bargains,Facebook Ad,Mobile,3.4,High,1,392.12,2,Self-Care Sena (Facebook One-Timers)
EA-03344,40,Female,Suburban,63500,Bargains,Facebook Ad,Mobile,5.6,High,1,679.96,2,Self-Care Sena (Facebook One-Timers)
EA-04584,46,Female,Urban,89000,Skincare,Referral,Mobile,13.8,Low,4,743.61,3,Hamesha 25 Club (Referral Regulars)
EA-03673,21,Female,Urban,52000,Wellness,Facebook Ad,Tablet,0.4,High,1,382.23,2,Self-Care Sena (Facebook One-Timers)
EA-00560,35,Female,Suburban,43000,Skincare,Groupon,Tablet,0.4,High,1,541.28,0,Gayab Grahak (Groupon One-Timers)
EA-02850,36,Female,Rural,24500,Bargains,Facebook Ad,Mobile,4.8,High,1,536.76,2,Self-Care Sena (Facebook One-Timers)
EA-00513,32,Female,Suburban,37500,Bargains,Facebook Ad,Mobile,1.0,High,1,458.22,2,Self-Care Sena (Facebook One-Timers)
EA-01082,28,Female,Rural,70500,Skincare,Referral,Mobile,17.7,Low,5,482.78,3,Hamesha 25 Club (Referral Regulars)
EA-01665,56,Female,Urban,140000,Anti-aging,Referral,Mobile,18.7,Low,3,1098.72,1,Glow Ke Nawab (Organic VIPs)
EA-01013,19,Male,Urban,55000,Bargains,Groupon,Mobile,4.0,Medium,1,183.72,0,Gayab Grahak (Groupon One-Timers)
EA-01932,31,Female,Urban,68500,Bargains,Groupon,Mobile,1.0,High,1,319.62,0,Gayab Grahak (Groupon One-Timers)
EA-01151,29,Female,Urban,37000,Bargains,Facebook Ad,Mobile,2.0,High,2,459.55,2,Self-Care Sena (Facebook One-Timers)
EA-02839,37,Female,Urban,44500,Wellness,Facebook Ad,Mobile,6.8,High,1,310.8,2,Self-Care Sena (Facebook One-Timers)
EA-00117,46,Female,Urban,117000,Anti-aging,Organic Search,Desktop,11.4,High,4,2035.81,1,Glow Ke Nawab (Organic VIPs)
EA-00741,19,Female,Urban,59000,Bargains,Facebook Ad,Mobile,7.1,High,1,569.63,2,Self-Care Sena (Facebook One-Timers)
EA-04807,36,Female,Rural,50500,Bargains,Facebook Ad,Mobile,1.9,High,1,289.52,2,Self-Care Sena (Facebook One-Timers)
EA-03676,61,Female,Suburban,158000,Skincare,Organic Search,Desktop,12.9,Low,4,1515.7,1,Glow Ke Nawab (Organic VIPs)
EA-00831,22,Female,Suburban,72500,Skincare,Groupon,Mobile,2.9,Medium,1,750.0,0,Gayab Grahak (Groupon One-Timers)
EA-00120,19,Female,Suburban,79000,Bargains,Groupon,Mobile,1.2,Low,1,226.69,0,Gayab Grahak (Groupon One-Timers)
EA-04854,39,Female,Rural,67000,Bargains,Facebook Ad,Mobile,2.6,High,1,290.9,2,Self-Care Sena (Facebook One-Timers)
EA-04739,33,Female,Suburban,44500,Wellness,Facebook Ad,Mobile,5.2,Medium,1,243.18,2,Self-Care Sena (Facebook One-Timers)
EA-00636,36,Female,Suburban,77000,Wellness,Facebook Ad,Mobile,4.6,Medium,1,331.69,2,Self-Care Sena (Facebook One-Timers)
EA-04466,24,Female,Urban,60000,Skincare,Facebook Ad,Tablet,0.9,High,1,419.86,2,Self-Care Sena (Facebook One-Timers)
EA-04365,64,Female,Rural,130500,Anti-aging,Organic Search,Mobile,14.1,Medium,2,1933.44,1,Glow Ke Nawab (Organic VIPs)
EA-04143,37,Male,Urban,31000,Bargains,Facebook Ad,Mobile,3.6,High,1,529.75,2,Self-Care Sena (Facebook One-Timers)
EA-00992,55,Female,Suburban,117500,Wellness,Organic Search,Desktop,4.7,Medium,1,2263.75,1,Glow Ke Nawab (Organic VIPs)
EA-00877,30,Female,Suburban,52500,Bargains,Facebook Ad,Mobile,4.1,Low,1,352.21,2,Self-Care Sena (Facebook One-Timers)
EA-00005,26,Male,Rural,57500,Skincare,Facebook Ad,Mobile,2.3,High,1,557.5,2,Self-Care Sena (Facebook One-Timers)
EA-03052,31,Female,Urban,42500,Bargains,Facebook Ad,Desktop,5.8,High,1,222.81,2,Self-Care Sena (Facebook One-Timers)
EA-03125,28,Female,Urban,38000,Bargains,Facebook Ad,Mobile,4.4,High,1,167.81,2,Self-Care Sena (Facebook One-Timers)
EA-02661,33,Female,Urban,85000,Wellness,Organic Search,Mobile,17.5,Low,7,1738.23,1,Glow Ke Nawab (Organic VIPs)
EA-02492,35,Female,Suburban,71000,Bargains,Facebook Ad,Mobile,3.3,High,1,264.85,2,Self-Care Sena (Facebook One-Timers)
EA-03855,31,Female,Urban,50000,Bargains,Groupon,Mobile,6.9,Medium,1,326.78,0,Gayab Grahak (Groupon One-Timers)
EA-01716,49,Female,Suburban,136500,Anti-aging,Organic Search,Desktop,9.3,Low,1,1709.78,1,Glow Ke Nawab (Organic VIPs)
EA-01149,29,Female,Urban,48500,Bargains,Groupon,Mobile,2.6,High,1,355.76,0,Gayab Grahak (Groupon One-Timers)
EA-03262,53,Female,Urban,93500,Wellness,Organic Search,Mobile,13.3,Medium,3,1884.37,1,Glow Ke Nawab (Organic VIPs)
EA-00575,32,Female,Suburban,130500,Anti-aging,Organic Search,Mobile,21.9,Medium,6,1207.39,1,Glow Ke Nawab (Organic VIPs)
EA-03770,28,Female,Suburban,70000,Bargains,Groupon,Mobile,2.4,High,1,302.38,0,Gayab Grahak (Groupon One-Timers)
EA-03737,28,Male,Suburban,51500,Bargains,Facebook Ad,Desktop,2.6,High,1,311.18,2,Self-Care Sena (Facebook One-Timers)
EA-04147,22,Female,Urban,73500,Skincare,Facebook Ad,Mobile,1.7,High,1,385.97,2,Self-Care Sena (Facebook One-Timers)
EA-00854,37,Female,Urban,87000,Anti-aging,Referral,Mobile,15.1,Low,1,856.28,3,Hamesha 25 Club (Referral Regulars)
EA-01983,47,Female,Suburban,132500,Anti-aging,Organic Search,Mobile,18.6,Medium,6,1728.01,1,Glow Ke Nawab (Organic VIPs)
EA-02775,44,Female,Urban,86500,Wellness,Organic Search,Mobile,19.7,Low,5,2065.08,1,Glow Ke Nawab (Organic VIPs)
EA-01167,63,Female,Suburban,112000,Anti-aging,Organic Search,Mobile,21.1,Low,4,2196.61,1,Glow Ke Nawab (Organic VIPs)
EA-00972,33,Female,Urban,27500,Bargains,Facebook Ad,Mobile,0.4,High,1,291.05,2,Self-Care Sena (Facebook One-Timers)
EA-02702,28,Female,Urban,22500,Bargains,Groupon,Mobile,8.2,High,1,211.47,0,Gayab Grahak (Groupon One-Timers)
EA-04496,33,Female,Suburban,56000,Skincare,Facebook Ad,Mobile,4.4,High,1,357.46,2,Self-Care Sena (Facebook One-Timers)
EA-03848,42,Female,Suburban,77000,Anti-aging,Organic Search,Mobile,15.5,Low,5,1716.58,1,Glow Ke Nawab (Organic VIPs)
EA-02369,19,Male,Rural,63500,Bargains,Facebook Ad,Mobile,4.8,High,1,363.96,2,Self-Care Sena (Facebook One-Timers)
EA-04116,38,Female,Suburban,72500,Bargains,Facebook Ad,Mobile,5.1,Medium,1,316.8,2,Self-Care Sena (Facebook One-Timers)
EA-04132,29,Female,Urban,51000,Skincare,Groupon,Mobile,4.8,High,1,393.29,0,Gayab Grahak (Groupon One-Timers)
EA-02951,29,Female,Rural,76500,Bargains,Facebook Ad,Mobile,0.6,High,1,473.38,2,Self-Care Sena (Facebook One-Timers)
EA-00525,34,Male,Suburban,34000,Bargains,Facebook Ad,Mobile,8.9,Medium,1,574.94,2,Self-Care Sena (Facebook One-Timers)
EA-02456,26,Female,Urban,53500,Bargains,Groupon,Mobile,4.5,High,1,264.45,0,Gayab Grahak (Groupon One-Timers)
EA-01842,23,Non-binary,Urban,57500,Bargains,Groupon,Mobile,6.1,Medium,1,300.23,0,Gayab Grahak (Groupon One-Timers)
EA-00538,28,Female,Urban,94500,Bargains,Facebook Ad,Desktop,3.7,Medium,1,375.56,2,Self-Care Sena (Facebook One-Timers)
EA-02807,41,Female,Suburban,43500,Bargains,Facebook Ad,Mobile,4.0,High,1,150.0,2,Self-Care Sena (Facebook One-Timers)
EA-04342,25,Female,Urban,31500,Skincare,Facebook Ad,Mobile,6.5,High,1,325.65,2,Self-Care Sena (Facebook One-Timers)
EA-03176,38,Male,Suburban,54000,Bargains,Facebook Ad,Desktop,3.6,High,1,504.08,2,Self-Care Sena (Facebook One-Timers)
EA-00785,33,Female,Suburban,37500,Skincare,Referral,Mobile,1.0,Medium,1,424.55,2,Self-Care Sena (Facebook One-Timers)
EA-04058,47,Female,Urban,62500,Wellness,Referral,Mobile,14.7,High,3,555.08,3,Hamesha 25 Club (Referral Regulars)
EA-01410,45,Female,Rural,101500,Wellness,Organic Search,Desktop,20.9,Low,4,1678.39,1,Glow Ke Nawab (Organic VIPs)
EA-02538,40,Female,Urban,45000,Anti-aging,Facebook Ad,Mobile,5.7,High,1,242.47,2,Self-Care Sena (Facebook One-Timers)
EA-00155,19,Female,Urban,76000,Wellness,Facebook Ad,Mobile,2.9,Medium,1,431.21,2,Self-Care Sena (Facebook One-Timers)
EA-03010,28,Female,Suburban,59500,Wellness,Organic Search,Mobile,23.6,Medium,5,1819.59,1,Glow Ke Nawab (Organic VIPs)
EA-01687,33,Female,Rural,74000,Bargains,Groupon,Mobile,6.3,High,1,392.68,0,Gayab Grahak (Groupon One-Timers)
EA-02902,25,Female,Urban,82500,Wellness,Referral,Mobile,15.2,Low,2,669.3,3,Hamesha 25 Club (Referral Regulars)
EA-04950,48,Male,Suburban,117000,Wellness,Organic Search,Mobile,14.2,Low,3,2241.23,1,Glow Ke Nawab (Organic VIPs)
EA-03864,32,Female,Urban,74500,Skincare,Facebook Ad,Mobile,7.1,High,1,266.64,2,Self-Care Sena (Facebook One-Timers)
EA-02734,37,Female,Rural,71500,Bargains,Facebook Ad,Mobile,2.9,High,1,237.83,2,Self-Care Sena (Facebook One-Timers)
EA-01896,32,Male,Suburban,39000,Anti-aging,Facebook Ad,Mobile,2.6,High,1,234.47,2,Self-Care Sena (Facebook One-Timers)
EA-00570,29,Female,Suburban,45000,Bargains,Groupon,Mobile,6.2,High,1,450.64,0,Gayab Grahak (Groupon One-Timers)
EA-01817,55,Female,Suburban,109500,Wellness,Organic Search,Mobile,8.4,Low,3,1483.08,1,Glow Ke Nawab (Organic VIPs)
EA-02066,27,Male,Suburban,68500,Skincare,Referral,Mobile,6.1,Medium,1,586.08,0,Gayab Grahak (Groupon One-Timers)
EA-00128,34,Female,Suburban,73500,Bargains,Facebook Ad,Mobile,5.1,High,1,367.81,2,Self-Care Sena (Facebook One-Timers)
EA-03395,28,Female,Suburban,70000,Anti-aging,Organic Search,Desktop,5.5,Medium,2,2091.02,3,Hamesha 25 Club (Referral Regulars)
EA-03328,59,Female,Urban,56500,Wellness,Organic Search,Mobile,10.0,Low,4,2192.1,1,Glow Ke Nawab (Organic VIPs)
EA-04987,29,Female,Urban,63500,Skincare,Groupon,Mobile,6.6,Medium,1,176.33,0,Gayab Grahak (Groupon One-Timers)
EA-02976,49,Female,Suburban,92000,Skincare,Organic Search,Desktop,12.7,Low,3,1580.67,1,Glow Ke Nawab (Organic VIPs)
EA-00981,53,Female,Suburban,104500,Anti-aging,Referral,Desktop,9.1,Low,3,468.06,3,Hamesha 25 Club (Referral Regulars)
EA-02301,47,Male,Suburban,94500,Wellness,Referral,Mobile,8.1,Low,1,856.16,3,Hamesha 25 Club (Referral Regulars)
EA-00191,54,Female,Urban,100500,Bargains,Referral,Mobile,2.0,Low,1,847.39,3,Hamesha 25 Club (Referral Regulars)
EA-01140,54,Female,Suburban,113500,Skincare,Organic Search,Desktop,12.1,Low,4,1538.09,1,Glow Ke Nawab (Organic VIPs)
EA-00700,25,Female,Suburban,23500,Bargains,Facebook Ad,Mobile,4.4,High,1,533.94,2,Self-Care Sena (Facebook One-Timers)
EA-04781,31,Female,Suburban,67000,Bargains,Facebook Ad,Tablet,2.7,High,1,236.48,2,Self-Care Sena (Facebook One-Timers)
EA-00607,33,Female,Urban,104000,Skincare,Organic Search,Mobile,5.0,Low,4,1782.95,1,Glow Ke Nawab (Organic VIPs)
EA-04277,38,Female,Urban,67000,Bargains,Facebook Ad,Mobile,1.5,High,1,154.69,2,Self-Care Sena (Facebook One-Timers)
EA-00302,38,Female,Rural,25000,Anti-aging,Facebook Ad,Desktop,3.9,High,1,332.56,2,Self-Care Sena (Facebook One-Timers)
EA-03421,62,Female,Suburban,135000,Skincare,Organic Search,Mobile,19.7,Medium,5,2027.64,1,Glow Ke Nawab (Organic VIPs)
EA-04821,44,Female,Suburban,92000,Skincare,Organic Search,Desktop,15.3,Low,3,1867.61,1,Glow Ke Nawab (Organic VIPs)
EA-01061,27,Female,Urban,82000,Skincare,Referral,Desktop,7.7,Low,2,633.04,3,Hamesha 25 Club (Referral Regulars)
EA-02566,34,Female,Suburban,62000,Skincare,Facebook Ad,Mobile,6.4,High,1,359.65,2,Self-Care Sena (Facebook One-Timers)
EA-04995,29,Female,Urban,45500,Bargains,Groupon,Tablet,5.2,High,1,220.15,0,Gayab Grahak (Groupon One-Timers)
EA-01070,28,Female,Suburban,69500,Bargains,Facebook Ad,Desktop,2.7,High,1,727.02,2,Self-Care Sena (Facebook One-Timers)
EA-02525,43,Female,Rural,86000,Wellness,Referral,Mobile,6.8,Medium,1,651.71,3,Hamesha 25 Club (Referral Regulars)
EA-02206,34,Female,Urban,80500,Bargains,Groupon,Mobile,4.0,High,1,606.31,0,Gayab Grahak (Groupon One-Timers)
EA-01244,42,Female,Suburban,52500,Bargains,Facebook Ad,Tablet,7.5,High,1,301.77,2,Self-Care Sena (Facebook One-Timers)
EA-00017,40,Female,Urban,74500,Bargains,Groupon,Desktop,1.4,Medium,1,417.3,0,Gayab Grahak (Groupon One-Timers)
EA-03121,34,Female,Suburban,49500,Bargains,Facebook Ad,Mobile,1.6,Medium,1,515.94,2,Self-Care Sena (Facebook One-Timers)
EA-04643,19,Male,Suburban,64000,Bargains,Groupon,Mobile,3.2,High,1,294.59,0,Gayab Grahak (Groupon One-Timers)
EA-00816,48,Male,Rural,41500,Skincare,Referral,Desktop,9.2,Low,3,892.05,3,Hamesha 25 Club (Referral Regulars)
EA-03068,28,Male,Rural,32500,Skincare,Facebook Ad,Mobile,1.3,High,1,408.83,2,Self-Care Sena (Facebook One-Timers)
EA-04785,25,Female,Urban,86500,Wellness,Referral,Mobile,15.2,Low,2,611.76,3,Hamesha 25 Club (Referral Regulars)
EA-00960,25,Female,Suburban,55500,Bargains,Groupon,Mobile,0.4,High,1,514.17,0,Gayab Grahak (Groupon One-Timers)
EA-00226,39,Male,Suburban,119500,Anti-aging,Referral,Desktop,8.1,Low,1,996.55,3,Hamesha 25 Club (Referral Regulars)
EA-03355,28,Female,Suburban,57000,Wellness,Groupon,Mobile,1.7,High,1,411.89,0,Gayab Grahak (Groupon One-Timers)
EA-02486,38,Female,Suburban,36000,Anti-aging,Facebook Ad,Mobile,3.0,High,1,416.7,2,Self-Care Sena (Facebook One-Timers)
EA-00563,41,Male,Urban,95000,Anti-aging,Organic Search,Desktop,16.1,High,2,1493.2,1,Glow Ke Nawab (Organic VIPs)
EA-03437,33,Female,Urban,57500,Bargains,Facebook Ad,Mobile,1.7,High,1,359.26,2,Self-Care Sena (Facebook One-Timers)
EA-01694,36,Female,Urban,106500,Anti-aging,Organic Search,Desktop,16.9,Low,6,1943.48,1,Glow Ke Nawab (Organic VIPs)
EA-01046,32,Male,Urban,91500,Skincare,Facebook Ad,Mobile,2.4,High,1,461.05,2,Self-Care Sena (Facebook One-Timers)
EA-03447,35,Male,Suburban,121000,Anti-aging,Organic Search,Mobile,13.5,Low,4,2152.22,1,Glow Ke Nawab (Organic VIPs)
EA-04566,44,Female,Urban,89500,Wellness,Organic Search,Desktop,16.6,Medium,2,1527.45,1,Glow Ke Nawab (Organic VIPs)
EA-00955,33,Male,Rural,52500,Wellness,Referral,Desktop,7.4,Medium,2,934.94,3,Hamesha 25 Club (Referral Regulars)
EA-04986,33,Female,Suburban,51500,Bargains,Facebook Ad,Mobile,3.4,High,3,515.86,2,Self-Care Sena (Facebook One-Timers)
EA-02736,43,Female,Suburban,54500,Skincare,Groupon,Mobile,0.6,High,1,398.3,0,Gayab Grahak (Groupon One-Timers)
EA-04904,40,Male,Urban,95000,Anti-aging,Organic Search,Tablet,25.1,Medium,5,1445.34,1,Glow Ke Nawab (Organic VIPs)
EA-04736,46,Female,Urban,96500,Skincare,Organic Search,Desktop,7.9,Medium,3,1901.2,1,Glow Ke Nawab (Organic VIPs)
EA-04824,48,Female,Suburban,51500,Wellness,Organic Search,Mobile,2.0,Medium,1,2234.57,3,Hamesha 25 Club (Referral Regulars)
EA-01219,50,Female,Suburban,98000,Anti-aging,Organic Search,Tablet,19.5,Low,4,1826.98,1,Glow Ke Nawab (Organic VIPs)
EA-01528,43,Male,Rural,48000,Wellness,Groupon,Mobile,1.3,High,1,321.01,0,Gayab Grahak (Groupon One-Timers)
EA-03988,19,Female,Suburban,50500,Bargains,Groupon,Mobile,1.7,High,1,361.4,0,Gayab Grahak (Groupon One-Timers)
EA-01301,51,Female,Urban,93500,Bargains,Facebook Ad,Mobile,6.5,High,1,610.08,3,Hamesha 25 Club (Referral Regulars)
EA-04892,34,Female,Urban,44000,Bargains,Facebook Ad,Tablet,6.6,High,1,538.27,2,Self-Care Sena (Facebook One-Timers)
EA-00161,21,Female,Suburban,58000,Bargains,Facebook Ad,Mobile,0.4,Medium,1,330.14,2,Self-Care Sena (Facebook One-Timers)
EA-04068,28,Female,Urban,77500,Anti-aging,Organic Search,Desktop,22.8,Medium,5,1949.34,1,Glow Ke Nawab (Organic VIPs)
EA-00957,49,Female,Urban,88000,Skincare,Organic Search,Desktop,19.8,Low,3,2130.68,1,Glow Ke Nawab (Organic VIPs)
EA-03792,34,Female,Suburban,62000,Bargains,Facebook Ad,Mobile,2.9,High,1,403.24,2,Self-Care Sena (Facebook One-Timers)
EA-03235,23,Female,Rural,61500,Wellness,Facebook Ad,Mobile,6.4,High,1,421.23,2,Self-Care Sena (Facebook One-Timers)
EA-02870,33,Female,Urban,58500,Wellness,Facebook Ad,Desktop,5.5,High,1,527.03,2,Self-Care Sena (Facebook One-Timers)
EA-03778,29,Female,Urban,80500,Bargains,Facebook Ad,Mobile,2.5,High,1,590.53,2,Self-Care Sena (Facebook One-Timers)
EA-04434,47,Female,Suburban,67500,Bargains,Facebook Ad,Mobile,1.1,Medium,1,511.22,2,Self-Care Sena (Facebook One-Timers)
EA-02962,39,Female,Suburban,68500,Anti-aging,Referral,Mobile,9.0,Medium,2,641.09,3,Hamesha 25 Club (Referral Regulars)
EA-02201,34,Female,Suburban,80500,Wellness,Facebook Ad,Tablet,4.1,Medium,1,286.01,2,Self-Care Sena (Facebook One-Timers)
EA-00099,28,Female,Urban,72500,Bargains,Facebook Ad,Mobile,1.0,High,1,223.06,2,Self-Care Sena (Facebook One-Timers)
EA-02558,30,Male,Urban,49500,Bargains,Facebook Ad,Tablet,2.6,Medium,1,528.03,2,Self-Care Sena (Facebook One-Timers)
EA-03184,42,Female,Urban,45000,Bargains,Facebook Ad,Desktop,3.7,High,1,255.87,2,Self-Care Sena (Facebook One-Timers)
EA-00254,25,Female,Urban,45500,Bargains,Facebook Ad,Desktop,2.5,High,1,379.24,2,Self-Care Sena (Facebook One-Timers)
EA-03924,40,Female,Suburban,40000,Wellness,Referral,Desktop,13.7,Low,2,710.81,3,Hamesha 25 Club (Referral Regulars)
EA-04200,25,Female,Suburban,60500,Bargains,Facebook Ad,Mobile,2.2,High,1,307.47,2,Self-Care Sena (Facebook One-Timers)
EA-01446,27,Male,Urban,27500,Bargains,Groupon,Mobile,3.6,High,1,598.45,0,Gayab Grahak (Groupon One-Timers)
EA-01649,25,Female,Urban,72000,Bargains,Referral,Mobile,7.2,Low,1,713.99,3,Hamesha 25 Club (Referral Regulars)
EA-04683,55,Female,Suburban,82000,Skincare,Organic Search,Mobile,16.4,Medium,6,1948.7,1,Glow Ke Nawab (Organic VIPs)
EA-04724,40,Female,Suburban,59000,Bargains,Groupon,Mobile,3.3,High,1,261.52,0,Gayab Grahak (Groupon One-Timers)
EA-03992,27,Non-binary,Suburban,80000,Bargains,Groupon,Mobile,3.6,High,1,564.2,0,Gayab Grahak (Groupon One-Timers)
EA-01697,27,Female,Rural,22000,Bargains,Facebook Ad,Mobile,5.0,Medium,1,277.13,2,Self-Care Sena (Facebook One-Timers)
EA-03192,34,Male,Suburban,71000,Bargains,Facebook Ad,Mobile,0.4,High,1,248.12,2,Self-Care Sena (Facebook One-Timers)
EA-04500,34,Female,Urban,126500,Anti-aging,Organic Search,Mobile,14.2,Medium,4,2364.43,1,Glow Ke Nawab (Organic VIPs)
EA-01155,46,Female,Urban,38500,Bargains,Groupon,Mobile,5.4,Medium,1,252.4,0,Gayab Grahak (Groupon One-Timers)
EA-02256,34,Female,Urban,53000,Bargains,Groupon,Mobile,2.6,High,1,463.03,0,Gayab Grahak (Groupon One-Timers)
EA-01683,46,Female,Suburban,111500,Skincare,Organic Search,Tablet,4.2,Medium,4,2255.07,1,Glow Ke Nawab (Organic VIPs)
EA-03171,47,Non-binary,Urban,68500,Wellness,Referral,Mobile,8.9,Low,2,593.01,3,Hamesha 25 Club (Referral Regulars)
EA-02057,31,Female,Urban,97000,Skincare,Referral,Mobile,15.4,Medium,3,801.61,3,Hamesha 25 Club (Referral Regulars)
EA-04091,31,Male,Urban,50000,Bargains,Facebook Ad,Mobile,6.3,High,1,426.49,2,Self-Care Sena (Facebook One-Timers)
EA-03109,25,Female,Urban,37500,Bargains,Facebook Ad,Mobile,2.1,High,1,355.4,2,Self-Care Sena (Facebook One-Timers)
EA-04549,47,Female,Suburban,90000,Anti-aging,Organic Search,Desktop,2.4,Medium,2,1793.8,3,Hamesha 25 Club (Referral Regulars)
EA-03724,30,Female,Suburban,35000,Bargains,Groupon,Mobile,2.9,High,1,367.36,0,Gayab Grahak (Groupon One-Timers)
EA-02050,37,Female,Suburban,43500,Bargains,Facebook Ad,Mobile,6.1,High,1,363.71,2,Self-Care Sena (Facebook One-Timers)
EA-03644,27,Male,Suburban,57000,Bargains,Facebook Ad,Mobile,1.4,High,1,194.77,2,Self-Care Sena (Facebook One-Timers)
EA-04928,29,Female,Urban,51500,Bargains,Groupon,Mobile,0.4,High,1,208.98,0,Gayab Grahak (Groupon One-Timers)
EA-00624,32,Female,Urban,86000,Wellness,Groupon,Mobile,5.0,High,1,213.04,0,Gayab Grahak (Groupon One-Timers)
EA-00263,23,Female,Suburban,62500,Bargains,Facebook Ad,Mobile,4.0,High,1,341.58,2,Self-Care Sena (Facebook One-Timers)
EA-03370,36,Female,Urban,65500,Bargains,Groupon,Mobile,5.0,High,1,447.47,0,Gayab Grahak (Groupon One-Timers)
EA-04062,38,Female,Urban,74500,Anti-aging,Organic Search,Desktop,14.6,Low,3,2500.0,1,Glow Ke Nawab (Organic VIPs)
EA-01803,30,Non-binary,Suburban,38500,Bargains,Facebook Ad,Mobile,3.4,High,1,190.42,2,Self-Care Sena (Facebook One-Timers)
EA-04737,45,Female,Suburban,115500,Anti-aging,Organic Search,Mobile,18.6,Medium,4,1671.12,1,Glow Ke Nawab (Organic VIPs)
EA-04993,38,Female,Urban,84000,Wellness,Organic Search,Desktop,14.0,Medium,5,1995.67,1,Glow Ke Nawab (Organic VIPs)
EA-02386,32,Female,Suburban,100500,Anti-aging,Organic Search,Desktop,21.3,Low,2,2026.16,1,Glow Ke Nawab (Organic VIPs)
EA-01960,27,Female,Suburban,63500,Bargains,Groupon,Desktop,2.2,High,1,291.5,0,Gayab Grahak (Groupon One-Timers)
EA-02977,42,Male,Rural,88500,Anti-aging,Organic Search,Desktop,14.5,Medium,4,2500.0,1,Glow Ke Nawab (Organic VIPs)
EA-00489,36,Female,Urban,55500,Bargains,Groupon,Mobile,4.1,Low,1,408.51,0,Gayab Grahak (Groupon One-Timers)
EA-01844,37,Female,Urban,55500,Anti-aging,Referral,Desktop,10.0,High,2,1018.0,3,Hamesha 25 Club (Referral Regulars)
EA-01735,48,Female,Suburban,113000,Skincare,Organic Search,Desktop,16.6,Medium,4,1670.63,1,Glow Ke Nawab (Organic VIPs)
EA-02912,29,Female,Suburban,22500,Bargains,Facebook Ad,Mobile,0.4,High,1,353.04,2,Self-Care Sena (Facebook One-Timers)
EA-03220,34,Female,Urban,32500,Bargains,Facebook Ad,Desktop,3.9,Medium,1,386.98,2,Self-Care Sena (Facebook One-Timers)
EA-00147,31,Female,Suburban,52500,Bargains,Facebook Ad,Mobile,4.2,High,1,311.74,2,Self-Care Sena (Facebook One-Timers)
EA-01987,27,Male,Urban,44500,Bargains,Facebook Ad,Mobile,5.4,High,1,326.77,2,Self-Care Sena (Facebook One-Timers)
EA-01370,31,Female,Urban,60500,Skincare,Facebook Ad,Mobile,4.2,High,1,346.26,2,Self-Care Sena (Facebook One-Timers)
EA-02812,35,Female,Urban,88000,Wellness,Organic Search,Mobile,28.6,High,3,2247.93,1,Glow Ke Nawab (Organic VIPs)
EA-00660,25,Female,Urban,77000,Skincare,Facebook Ad,Mobile,0.4,High,1,269.14,2,Self-Care Sena (Facebook One-Timers)
EA-01795,37,Female,Urban,126500,Anti-aging,Referral,Mobile,9.7,Low,2,808.1,3,Hamesha 25 Club (Referral Regulars)
EA-02512,21,Female,Suburban,30000,Skincare,Groupon,Mobile,3.3,High,1,445.67,0,Gayab Grahak (Groupon One-Timers)
EA-03398,38,Female,Suburban,55500,Bargains,Facebook Ad,Mobile,1.2,High,1,365.79,2,Self-Care Sena (Facebook One-Timers)
EA-04283,22,Female,Rural,42500,Bargains,Groupon,Mobile,4.5,High,1,528.44,0,Gayab Grahak (Groupon One-Timers)
EA-01148,47,Female,Urban,76000,Skincare,Organic Search,Desktop,2.0,Low,1,1831.98,3,Hamesha 25 Club (Referral Regulars)
EA-03273,27,Female,Urban,71500,Skincare,Groupon,Mobile,3.1,High,1,449.53,0,Gayab Grahak (Groupon One-Timers)
EA-00609,46,Female,Suburban,99500,Skincare,Organic Search,Mobile,6.1,Medium,4,2391.5,1,Glow Ke Nawab (Organic VIPs)
EA-03583,23,Female,Suburban,59000,Bargains,Facebook Ad,Mobile,3.9,High,1,421.97,2,Self-Care Sena (Facebook One-Timers)
EA-01931,29,Male,Suburban,52500,Bargains,Groupon,Desktop,2.7,High,1,426.11,0,Gayab Grahak (Groupon One-Timers)
EA-00198,44,Female,Urban,100500,Skincare,Organic Search,Tablet,22.4,High,5,1632.41,1,Glow Ke Nawab (Organic VIPs)
EA-02932,35,Female,Suburban,64000,Skincare,Facebook Ad,Tablet,0.4,High,1,185.81,2,Self-Care Sena (Facebook One-Timers)
EA-02328,28,Female,Rural,61000,Bargains,Facebook Ad,Tablet,1.5,Medium,1,529.3,2,Self-Care Sena (Facebook One-Timers)
EA-04390,19,Male,Urban,50000,Bargains,Groupon,Mobile,3.2,High,1,538.3,0,Gayab Grahak (Groupon One-Timers)
EA-00767,36,Female,Urban,72500,Skincare,Facebook Ad,Mobile,7.5,High,1,377.45,2,Self-Care Sena (Facebook One-Timers)
EA-04497,39,Female,Suburban,65000,Bargains,Groupon,Mobile,3.1,High,1,399.75,0,Gayab Grahak (Groupon One-Timers)
EA-04219,25,Female,Urban,54000,Anti-aging,Referral,Desktop,9.9,Low,3,946.23,3,Hamesha 25 Club (Referral Regulars)
EA-03256,39,Female,Suburban,72500,Skincare,Organic Search,Mobile,16.2,Medium,3,2110.75,1,Glow Ke Nawab (Organic VIPs)
EA-00203,25,Female,Urban,75500,Skincare,Groupon,Tablet,2.8,High,1,343.88,0,Gayab Grahak (Groupon One-Timers)
EA-03511,36,Female,Urban,147000,Anti-aging,Referral,Desktop,11.5,Medium,3,627.27,3,Hamesha 25 Club (Referral Regulars)
EA-01734,31,Female,Urban,23000,Bargains,Facebook Ad,Tablet,5.3,Medium,1,316.51,2,Self-Care Sena (Facebook One-Timers)
EA-02778,21,Female,Suburban,37500,Skincare,Groupon,Desktop,5.1,Medium,1,351.57,0,Gayab Grahak (Groupon One-Timers)
EA-01708,40,Female,Suburban,69500,Bargains,Groupon,Mobile,5.6,High,1,570.56,0,Gayab Grahak (Groupon One-Timers)
EA-03475,33,Female,Rural,60000,Bargains,Groupon,Mobile,2.3,High,3,360.68,0,Gayab Grahak (Groupon One-Timers)
EA-00855,37,Female,Urban,49500,Bargains,Facebook Ad,Mobile,1.9,High,1,381.25,2,Self-Care Sena (Facebook One-Timers)
EA-04738,35,Female,Urban,84500,Bargains,Facebook Ad,Mobile,0.4,High,1,535.03,2,Self-Care Sena (Facebook One-Timers)
EA-04098,33,Female,Suburban,65500,Bargains,Groupon,Mobile,5.2,High,1,409.07,0,Gayab Grahak (Groupon One-Timers)
EA-02161,34,Female,Urban,50000,Bargains,Groupon,Mobile,5.8,High,1,194.13,0,Gayab Grahak (Groupon One-Timers)
EA-00699,55,Female,Urban,130500,Skincare,Organic Search,Mobile,19.5,Medium,4,1323.6,1,Glow Ke Nawab (Organic VIPs)
EA-04948,37,Female,Urban,119000,Anti-aging,Organic Search,Mobile,25.1,Medium,5,1693.19,1,Glow Ke Nawab (Organic VIPs)
EA-03000,30,Female,Urban,61000,Bargains,Facebook Ad,Mobile,3.4,High,1,191.14,2,Self-Care Sena (Facebook One-Timers)
EA-03697,24,Female,Urban,80500,Bargains,Facebook Ad,Mobile,6.7,High,1,496.53,2,Self-Care Sena (Facebook One-Timers)
EA-01637,20,Female,Rural,50500,Skincare,Facebook Ad,Mobile,1.9,Low,1,343.88,2,Self-Care Sena (Facebook One-Timers)
EA-03458,41,Male,Rural,94500,Anti-aging,Referral,Desktop,4.4,Medium,2,523.86,3,Hamesha 25 Club (Referral Regulars)
EA-03582,51,Female,Urban,152500,Skincare,Organic Search,Mobile,15.4,Medium,4,1634.96,1,Glow Ke Nawab (Organic VIPs)
EA-01292,47,Female,Suburban,118500,Skincare,Organic Search,Mobile,11.9,High,4,1424.33,1,Glow Ke Nawab (Organic VIPs)
EA-04660,28,Female,Suburban,31500,Skincare,Facebook Ad,Mobile,4.0,Medium,3,236.88,2,Self-Care Sena (Facebook One-Timers)
EA-01854,36,Female,Suburban,72000,Skincare,Organic Search,Desktop,8.7,Medium,4,804.56,3,Hamesha 25 Club (Referral Regulars)
EA-03764,23,Female,Rural,92000,Bargains,Facebook Ad,Mobile,3.1,Medium,1,506.73,2,Self-Care Sena (Facebook One-Timers)
EA-03305,57,Male,Urban,89000,Wellness,Organic Search,Desktop,5.4,Medium,3,1953.92,1,Glow Ke Nawab (Organic VIPs)
EA-04913,29,Female,Suburban,59000,Skincare,Facebook Ad,Mobile,7.2,High,1,243.12,2,Self-Care Sena (Facebook One-Timers)
EA-03744,31,Female,Suburban,43500,Bargains,Groupon,Mobile,1.2,Medium,2,403.12,0,Gayab Grahak (Groupon One-Timers)
EA-03446,27,Non-binary,Suburban,35000,Bargains,Facebook Ad,Desktop,1.6,High,1,515.94,2,Self-Care Sena (Facebook One-Timers)
EA-01999,38,Female,Suburban,163500,Skincare,Organic Search,Mobile,15.2,Medium,3,2084.65,1,Glow Ke Nawab (Organic VIPs)
EA-00664,38,Female,Urban,78000,Bargains,Facebook Ad,Mobile,1.7,High,2,415.91,2,Self-Care Sena (Facebook One-Timers)
EA-04780,47,Female,Suburban,98500,Wellness,Organic Search,Mobile,20.4,Medium,4,2350.57,1,Glow Ke Nawab (Organic VIPs)
EA-03749,22,Female,Rural,52000,Skincare,Facebook Ad,Mobile,0.4,High,1,305.88,2,Self-Care Sena (Facebook One-Timers)
EA-04414,19,Female,Suburban,22000,Bargains,Facebook Ad,Mobile,0.4,High,3,521.32,2,Self-Care Sena (Facebook One-Timers)
EA-04745,32,Female,Rural,39500,Skincare,Facebook Ad,Desktop,6.4,High,1,330.07,2,Self-Care Sena (Facebook One-Timers)
EA-00710,37,Female,Urban,56500,Skincare,Groupon,Mobile,2.4,High,1,330.2,0,Gayab Grahak (Groupon One-Timers)
EA-01283,25,Male,Suburban,34500,Bargains,Groupon,Mobile,5.3,High,2,294.22,0,Gayab Grahak (Groupon One-Timers)
EA-02676,33,Female,Suburban,37500,Wellness,Groupon,Mobile,0.4,High,1,286.32,0,Gayab Grahak (Groupon One-Timers)
EA-04030,25,Female,Urban,122500,Wellness,Referral,Mobile,12.1,Medium,1,371.13,3,Hamesha 25 Club (Referral Regulars)
EA-01307,19,Female,Urban,62500,Bargains,Groupon,Mobile,3.8,High,1,372.58,0,Gayab Grahak (Groupon One-Timers)
EA-02238,28,Female,Suburban,75500,Skincare,Facebook Ad,Mobile,4.8,High,1,473.95,2,Self-Care Sena (Facebook One-Timers)
EA-03303,22,Female,Rural,36500,Anti-aging,Facebook Ad,Mobile,3.7,High,1,316.07,2,Self-Care Sena (Facebook One-Timers)
EA-02039,25,Female,Urban,31000,Bargains,Groupon,Mobile,0.4,High,1,336.27,0,Gayab Grahak (Groupon One-Timers)
EA-01530,46,Female,Urban,46500,Skincare,Facebook Ad,Mobile,2.7,High,1,283.71,2,Self-Care Sena (Facebook One-Timers)
EA-01664,38,Female,Rural,43000,Bargains,Facebook Ad,Mobile,5.5,Medium,1,354.07,2,Self-Care Sena (Facebook One-Timers)
EA-04935,35,Female,Urban,67500,Bargains,Groupon,Tablet,3.7,Medium,1,385.67,0,Gayab Grahak (Groupon One-Timers)
EA-04954,25,Female,Suburban,35500,Wellness,Referral,Desktop,9.3,Medium,2,771.68,2,Self-Care Sena (Facebook One-Timers)
EA-03628,50,Female,Suburban,114000,Wellness,Organic Search,Desktop,38.3,Low,5,1773.0,1,Glow Ke Nawab (Organic VIPs)
EA-02694,56,Female,Suburban,82000,Bargains,Referral,Mobile,10.7,Medium,2,730.47,3,Hamesha 25 Club (Referral Regulars)
EA-03061,35,Male,Urban,60000,Bargains,Groupon,Mobile,0.4,High,1,353.61,0,Gayab Grahak (Groupon One-Timers)
EA-01598,30,Female,Urban,40000,Bargains,Facebook Ad,Mobile,3.8,High,1,150.0,2,Self-Care Sena (Facebook One-Timers)
EA-02730,25,Female,Suburban,128000,Skincare,Referral,Tablet,10.7,High,1,698.94,3,Hamesha 25 Club (Referral Regulars)
EA-02626,32,Male,Rural,78000,Bargains,Groupon,Tablet,3.5,High,1,235.15,0,Gayab Grahak (Groupon One-Timers)
EA-03158,26,Female,Suburban,59500,Bargains,Facebook Ad,Mobile,4.3,High,1,180.2,2,Self-Care Sena (Facebook One-Timers)
EA-03315,43,Male,Suburban,68000,Bargains,Facebook Ad,Mobile,3.8,High,1,319.33,2,Self-Care Sena (Facebook One-Timers)
EA-01723,60,Female,Suburban,102500,Wellness,Organic Search,Desktop,15.2,Low,5,2417.96,1,Glow Ke Nawab (Organic VIPs)
EA-01060,54,Female,Suburban,99000,Skincare,Organic Search,Desktop,18.9,Medium,3,1656.6,1,Glow Ke Nawab (Organic VIPs)
EA-04637,23,Male,Urban,25500,Bargains,Facebook Ad,Mobile,4.5,High,1,164.92,2,Self-Care Sena (Facebook One-Timers)
EA-03243,49,Female,Urban,106500,Skincare,Referral,Mobile,7.1,High,3,739.16,3,Hamesha 25 Club (Referral Regulars)
EA-01679,47,Female,Urban,84000,Anti-aging,Organic Search,Mobile,18.1,Low,3,2500.0,1,Glow Ke Nawab (Organic VIPs)
EA-01758,50,Female,Urban,127000,Anti-aging,Referral,Mobile,1.2,Low,2,1008.35,3,Hamesha 25 Club (Referral Regulars)
EA-04192,46,Female,Suburban,80000,Anti-aging,Organic Search,Desktop,21.3,Low,4,1562.89,1,Glow Ke Nawab (Organic VIPs)
EA-00564,51,Female,Urban,79000,Skincare,Groupon,Mobile,3.7,Low,1,420.64,3,Hamesha 25 Club (Referral Regulars)
EA-02791,47,Female,Rural,101000,Skincare,Organic Search,Mobile,25.5,Low,4,2206.98,1,Glow Ke Nawab (Organic VIPs)
EA-00864,30,Female,Rural,71000,Skincare,Groupon,Mobile,0.4,High,1,430.48,0,Gayab Grahak (Groupon One-Timers)
EA-01485,33,Female,Suburban,44500,Bargains,Groupon,Mobile,0.9,Medium,1,482.03,0,Gayab Grahak (Groupon One-Timers)
EA-00207,21,Male,Urban,64000,Bargains,Facebook Ad,Mobile,3.8,High,1,336.48,2,Self-Care Sena (Facebook One-Timers)
EA-04489,35,Female,Suburban,69500,Bargains,Facebook Ad,Mobile,2.8,High,1,280.27,2,Self-Care Sena (Facebook One-Timers)
EA-00871,45,Female,Suburban,118500,Wellness,Organic Search,Mobile,9.8,Low,5,2346.65,1,Glow Ke Nawab (Organic VIPs)
EA-04494,34,Male,Suburban,74500,Bargains,Facebook Ad,Mobile,6.8,Medium,1,244.18,2,Self-Care Sena (Facebook One-Timers)
EA-00503,41,Female,Rural,70500,Skincare,Referral,Mobile,10.5,Medium,3,809.96,3,Hamesha 25 Club (Referral Regulars)
EA-01029,44,Female,Suburban,119000,Anti-aging,Organic Search,Mobile,14.3,Low,4,2500.0,1,Glow Ke Nawab (Organic VIPs)
EA-03841,39,Male,Rural,101500,Wellness,Organic Search,Desktop,27.7,Medium,5,2500.0,1,Glow Ke Nawab (Organic VIPs)
EA-02691,56,Female,Suburban,68500,Anti-aging,Referral,Mobile,16.6,Medium,2,1206.98,3,Hamesha 25 Club (Referral Regulars)
EA-01571,33,Male,Suburban,44500,Wellness,Facebook Ad,Mobile,4.3,High,1,319.95,2,Self-Care Sena (Facebook One-Timers)
EA-02774,42,Male,Suburban,46000,Bargains,Facebook Ad,Tablet,3.5,High,1,412.49,2,Self-Care Sena (Facebook One-Timers)
EA-02732,27,Female,Urban,40500,Bargains,Facebook Ad,Mobile,2.6,Medium,1,216.78,2,Self-Care Sena (Facebook One-Timers)
EA-00805,35,Female,Suburban,58500,Skincare,Facebook Ad,Mobile,5.3,High,1,608.2,2,Self-Care Sena (Facebook One-Timers)
EA-03646,45,Female,Urban,95500,Anti-aging,Organic Search,Tablet,18.8,Low,5,2031.14,1,Glow Ke Nawab (Organic VIPs)
EA-02455,19,Female,Suburban,62500,Bargains,Groupon,Mobile,1.4,High,1,587.86,0,Gayab Grahak (Groupon One-Timers)
EA-04599,36,Female,Rural,24500,Wellness,Facebook Ad,Tablet,3.7,Medium,3,181.09,2,Self-Care Sena (Facebook One-Timers)
EA-03105,39,Male,Urban,49000,Bargains,Groupon,Mobile,1.9,High,1,222.19,0,Gayab Grahak (Groupon One-Timers)
EA-04876,30,Female,Suburban,30000,Bargains,Groupon,Mobile,5.2,High,2,253.78,0,Gayab Grahak (Groupon One-Timers)
EA-00201,50,Female,Suburban,139000,Skincare,Organic Search,Mobile,17.0,Low,5,2498.21,1,Glow Ke Nawab (Organic VIPs)
EA-03100,21,Female,Suburban,34000,Bargains,Facebook Ad,Mobile,0.9,High,1,174.0,2,Self-Care Sena (Facebook One-Timers)
EA-02279,51,Female,Urban,93000,Anti-aging,Organic Search,Desktop,7.9,Medium,5,1876.09,1,Glow Ke Nawab (Organic VIPs)
EA-03562,36,Female,Urban,24500,Skincare,Groupon,Mobile,0.9,High,1,271.08,0,Gayab Grahak (Groupon One-Timers)
EA-04475,36,Female,Urban,54500,Skincare,Groupon,Mobile,1.8,High,1,326.5,0,Gayab Grahak (Groupon One-Timers)
EA-04515,34,Female,Suburban,77000,Bargains,Facebook Ad,Mobile,5.5,High,1,259.87,2,Self-Care Sena (Facebook One-Timers)
EA-00392,30,Female,Urban,61500,Bargains,Facebook Ad,Mobile,3.2,High,1,412.8,2,Self-Care Sena (Facebook One-Timers)
EA-01496,37,Female,Urban,52500,Bargains,Groupon,Tablet,2.5,High,1,347.35,0,Gayab Grahak (Groupon One-Timers)
EA-02696,21,Male,Suburban,62500,Bargains,Facebook Ad,Tablet,4.6,High,1,362.8,2,Self-Care Sena (Facebook One-Timers)
EA-02028,21,Female,Suburban,44000,Bargains,Facebook Ad,Mobile,6.7,High,1,259.71,2,Self-Care Sena (Facebook One-Timers)
EA-02569,39,Male,Suburban,96000,Anti-aging,Organic Search,Desktop,5.2,Medium,2,2289.52,1,Glow Ke Nawab (Organic VIPs)
EA-00065,31,Female,Urban,72000,Bargains,Groupon,Mobile,5.1,High,3,523.42,0,Gayab Grahak (Groupon One-Timers)
EA-03885,30,Female,Suburban,94000,Wellness,Referral,Desktop,9.4,Medium,2,1202.12,3,Hamesha 25 Club (Referral Regulars)
EA-02063,26,Male,Rural,54500,Bargains,Groupon,Mobile,2.2,Medium,1,347.05,0,Gayab Grahak (Groupon One-Timers)
EA-00493,43,Female,Urban,59500,Skincare,Organic Search,Desktop,26.8,Low,5,1808.32,1,Glow Ke Nawab (Organic VIPs)
EA-00380,46,Female,Suburban,106500,Skincare,Organic Search,Desktop,7.5,Medium,2,1851.23,1,Glow Ke Nawab (Organic VIPs)
EA-04860,32,Female,Suburban,65500,Bargains,Facebook Ad,Mobile,3.3,High,1,169.42,2,Self-Care Sena (Facebook One-Timers)
EA-03994,33,Female,Rural,90000,Bargains,Facebook Ad,Mobile,6.0,High,1,235.11,2,Self-Care Sena (Facebook One-Timers)
EA-04888,28,Male,Rural,77000,Anti-aging,Organic Search,Mobile,16.2,Medium,4,2130.33,1,Glow Ke Nawab (Organic VIPs)
EA-01077,29,Female,Urban,45500,Skincare,Groupon,Tablet,5.9,High,1,437.75,0,Gayab Grahak (Groupon One-Timers)
EA-00879,25,Female,Urban,69500,Bargains,Groupon,Mobile,6.4,High,1,450.27,0,Gayab Grahak (Groupon One-Timers)
EA-00338,41,Female,Urban,123000,Skincare,Organic Search,Desktop,7.9,Low,5,1845.88,1,Glow Ke Nawab (Organic VIPs)
EA-01017,52,Female,Suburban,120500,Skincare,Organic Search,Mobile,2.0,High,2,2500.0,1,Glow Ke Nawab (Organic VIPs)
EA-01276,30,Female,Urban,73000,Bargains,Facebook Ad,Desktop,3.4,Medium,1,360.57,2,Self-Care Sena (Facebook One-Timers)
EA-03799,38,Female,Suburban,77000,Skincare,Groupon,Mobile,0.4,Medium,1,219.74,0,Gayab Grahak (Groupon One-Timers)
EA-04552,38,Female,Urban,76500,Wellness,Organic Search,Mobile,12.9,Low,3,2229.91,1,Glow Ke Nawab (Organic VIPs)
EA-03343,28,Female,Suburban,31500,Skincare,Facebook Ad,Mobile,3.6,High,1,284.4,2,Self-Care Sena (Facebook One-Timers)
EA-04912,38,Female,Urban,50500,Anti-aging,Groupon,Desktop,4.5,High,1,425.89,0,Gayab Grahak (Groupon One-Timers)
EA-00996,29,Female,Suburban,45000,Bargains,Groupon,Mobile,3.7,High,1,560.12,0,Gayab Grahak (Groupon One-Timers)
EA-01982,32,Female,Suburban,75000,Bargains,Facebook Ad,Mobile,4.5,High,3,258.58,2,Self-Care Sena (Facebook One-Timers)
EA-04298,32,Female,Urban,40500,Bargains,Groupon,Mobile,1.2,High,1,316.68,0,Gayab Grahak (Groupon One-Timers)
EA-00162,38,Female,Rural,130000,Wellness,Referral,Mobile,7.7,Low,2,559.08,3,Hamesha 25 Club (Referral Regulars)
EA-04799,48,Female,Suburban,145000,Wellness,Organic Search,Mobile,10.6,Low,1,2222.2,1,Glow Ke Nawab (Organic VIPs)
EA-01501,28,Female,Suburban,98500,Skincare,Organic Search,Desktop,20.1,Low,4,2181.88,1,Glow Ke Nawab (Organic VIPs)
EA-03844,28,Female,Suburban,61500,Skincare,Groupon,Mobile,1.8,High,3,150.0,0,Gayab Grahak (Groupon One-Timers)
EA-02614,43,Female,Urban,78500,Skincare,Organic Search,Mobile,7.5,Low,4,1599.33,1,Glow Ke Nawab (Organic VIPs)
EA-03462,60,Female,Urban,82000,Anti-aging,Organic Search,Tablet,15.0,Medium,2,2111.57,1,Glow Ke Nawab (Organic VIPs)
EA-01022,30,Male,Urban,100500,Wellness,Organic Search,Mobile,16.0,Medium,3,2027.92,1,Glow Ke Nawab (Organic VIPs)
EA-03074,61,Female,Suburban,111000,Wellness,Organic Search,Mobile,12.5,Low,3,2088.76,1,Glow Ke Nawab (Organic VIPs)
EA-03944,30,Female,Urban,56500,Wellness,Groupon,Mobile,0.4,High,1,223.8,0,Gayab Grahak (Groupon One-Timers)
EA-01586,40,Female,Suburban,70500,Wellness,Referral,Mobile,12.6,High,2,1135.48,3,Hamesha 25 Club (Referral Regulars)
EA-01956,25,Male,Urban,65500,Anti-aging,Referral,Mobile,12.8,Medium,3,1160.13,3,Hamesha 25 Club (Referral Regulars)
EA-03153,31,Female,Urban,42000,Wellness,Facebook Ad,Desktop,1.4,High,1,418.69,2,Self-Care Sena (Facebook One-Timers)
EA-00035,38,Female,Suburban,60500,Skincare,Groupon,Mobile,4.8,High,1,228.43,0,Gayab Grahak (Groupon One-Timers)
EA-04015,31,Female,Urban,51500,Bargains,Groupon,Tablet,6.3,Medium,1,283.49,0,Gayab Grahak (Groupon One-Timers)
EA-00776,42,Male,Suburban,124000,Anti-aging,Organic Search,Desktop,10.4,Low,4,2097.33,1,Glow Ke Nawab (Organic VIPs)
EA-02557,24,Female,Urban,22000,Skincare,Facebook Ad,Tablet,5.5,High,1,356.13,2,Self-Care Sena (Facebook One-Timers)
EA-01479,25,Female,Suburban,70500,Bargains,Groupon,Mobile,4.3,High,1,150.0,0,Gayab Grahak (Groupon One-Timers)
EA-01364,43,Female,Suburban,26000,Bargains,Facebook Ad,Mobile,3.4,High,1,224.47,2,Self-Care Sena (Facebook One-Timers)
EA-02613,29,Female,Urban,82000,Wellness,Groupon,Mobile,2.6,Medium,1,477.56,0,Gayab Grahak (Groupon One-Timers)
EA-02825,36,Female,Suburban,79500,Wellness,Referral,Desktop,8.3,Medium,3,1097.01,3,Hamesha 25 Club (Referral Regulars)
EA-02042,41,Female,Suburban,128500,Anti-aging,Organic Search,Desktop,19.8,Medium,3,1798.71,1,Glow Ke Nawab (Organic VIPs)
EA-00242,37,Female,Urban,63500,Wellness,Organic Search,Tablet,18.8,Medium,3,1831.4,1,Glow Ke Nawab (Organic VIPs)
EA-02062,30,Female,Suburban,56500,Bargains,Facebook Ad,Tablet,0.4,High,3,559.57,2,Self-Care Sena (Facebook One-Timers)
EA-02364,38,Female,Suburban,115000,Anti-aging,Organic Search,Desktop,12.5,Medium,3,1854.77,1,Glow Ke Nawab (Organic VIPs)
EA-00601,26,Female,Suburban,41000,Skincare,Groupon,Tablet,0.7,High,1,484.88,0,Gayab Grahak (Groupon One-Timers)
EA-02436,40,Female,Urban,39500,Bargains,Referral,Desktop,9.3,Medium,2,1234.88,3,Hamesha 25 Club (Referral Regulars)
EA-02889,28,Female,Suburban,68000,Bargains,Facebook Ad,Mobile,4.0,Medium,1,279.41,2,Self-Care Sena (Facebook One-Timers)
EA-00647,32,Male,Suburban,75000,Bargains,Facebook Ad,Mobile,3.7,Medium,1,430.9,2,Self-Care Sena (Facebook One-Timers)
EA-03891,35,Female,Suburban,54000,Bargains,Facebook Ad,Mobile,4.2,High,1,258.09,2,Self-Care Sena (Facebook One-Timers)
EA-03557,29,Female,Rural,53500,Wellness,Groupon,Mobile,0.4,High,1,339.11,0,Gayab Grahak (Groupon One-Timers)
EA-03203,39,Female,Rural,98000,Bargains,Referral,Tablet,14.4,High,3,1091.88,3,Hamesha 25 Club (Referral Regulars)
EA-01529,31,Female,Suburban,67500,Bargains,Facebook Ad,Mobile,2.8,Medium,1,374.29,2,Self-Care Sena (Facebook One-Timers)
EA-01268,46,Female,Urban,67500,Wellness,Referral,Mobile,5.4,Medium,1,563.33,3,Hamesha 25 Club (Referral Regulars)
EA-01900,46,Female,Urban,66500,Wellness,Facebook Ad,Mobile,0.4,Medium,1,226.97,2,Self-Care Sena (Facebook One-Timers)
EA-04659,19,Female,Suburban,57500,Bargains,Groupon,Mobile,4.2,High,1,507.52,0,Gayab Grahak (Groupon One-Timers)
EA-03006,58,Male,Suburban,54000,Anti-aging,Organic Search,Desktop,2.0,Low,3,1801.63,3,Hamesha 25 Club (Referral Regulars)
EA-02735,19,Female,Urban,55500,Bargains,Facebook Ad,Mobile,4.3,High,1,171.38,2,Self-Care Sena (Facebook One-Timers)
EA-00190,28,Female,Urban,75000,Bargains,Facebook Ad,Mobile,1.7,High,1,473.41,2,Self-Care Sena (Facebook One-Timers)
EA-01807,21,Non-binary,Suburban,27000,Bargains,Facebook Ad,Mobile,0.4,High,1,385.66,2,Self-Care Sena (Facebook One-Timers)
EA-00976,20,Female,Urban,47000,Bargains,Groupon,Tablet,3.7,Medium,1,268.22,0,Gayab Grahak (Groupon One-Timers)
EA-02748,29,Female,Suburban,46500,Anti-aging,Facebook Ad,Mobile,2.0,High,1,425.03,2,Self-Care Sena (Facebook One-Timers)
EA-02048,39,Non-binary,Urban,57500,Bargains,Groupon,Mobile,0.4,High,1,304.76,0,Gayab Grahak (Groupon One-Timers)
EA-02559,23,Female,Suburban,35500,Bargains,Groupon,Mobile,1.9,High,1,366.4,0,Gayab Grahak (Groupon One-Timers)
EA-01083,34,Female,Urban,80500,Wellness,Referral,Mobile,10.1,Low,3,1061.54,3,Hamesha 25 Club (Referral Regulars)
EA-00475,29,Female,Rural,76000,Skincare,Facebook Ad,Mobile,3.0,High,3,326.99,2,Self-Care Sena (Facebook One-Timers)
EA-02905,28,Female,Urban,27500,Bargains,Facebook Ad,Mobile,3.7,High,1,358.44,2,Self-Care Sena (Facebook One-Timers)
EA-04844,34,Female,Suburban,77500,Bargains,Groupon,Mobile,2.1,High,1,499.28,0,Gayab Grahak (Groupon One-Timers)
EA-04118,41,Female,Suburban,114500,Skincare,Organic Search,Desktop,12.7,Low,5,2418.58,1,Glow Ke Nawab (Organic VIPs)
EA-03386,50,Female,Urban,68500,Skincare,Organic Search,Mobile,13.1,High,2,2341.96,1,Glow Ke Nawab (Organic VIPs)
EA-04556,28,Female,Suburban,86000,Anti-aging,Organic Search,Mobile,20.9,Medium,4,2254.64,1,Glow Ke Nawab (Organic VIPs)
EA-01185,27,Female,Urban,80500,Bargains,Facebook Ad,Mobile,9.2,High,1,150.0,2,Self-Care Sena (Facebook One-Timers)
EA-02434,31,Female,Rural,83500,Skincare,Facebook Ad,Mobile,7.1,High,1,403.48,2,Self-Care Sena (Facebook One-Timers)
EA-02392,48,Male,Suburban,114500,Anti-aging,Organic Search,Mobile,13.7,Medium,3,2332.77,1,Glow Ke Nawab (Organic VIPs)
EA-00770,28,Male,Suburban,35000,Wellness,Groupon,Tablet,4.1,High,1,236.59,0,Gayab Grahak (Groupon One-Timers)
EA-01686,40,Female,Suburban,57000,Anti-aging,Facebook Ad,Mobile,4.7,High,1,484.08,2,Self-Care Sena (Facebook One-Timers)
EA-00131,26,Female,Suburban,66500,Wellness,Facebook Ad,Mobile,2.4,High,1,704.57,2,Self-Care Sena (Facebook One-Timers)
EA-02920,58,Female,Urban,134500,Skincare,Organic Search,Desktop,10.6,Low,5,1703.4,1,Glow Ke Nawab (Organic VIPs)
EA-03172,31,Female,Suburban,70500,Skincare,Organic Search,Desktop,21.1,Low,5,1722.21,1,Glow Ke Nawab (Organic VIPs)
EA-03445,48,Female,Rural,124500,Skincare,Organic Search,Mobile,25.5,Medium,5,1784.02,1,Glow Ke Nawab (Organic VIPs)
EA-04427,26,Male,Urban,50000,Skincare,Facebook Ad,Mobile,3.5,High,3,270.41,2,Self-Care Sena (Facebook One-Timers)
EA-00467,43,Female,Urban,67000,Skincare,Groupon,Mobile,3.9,High,1,501.95,0,Gayab Grahak (Groupon One-Timers)
EA-03093,50,Female,Urban,85500,Wellness,Organic Search,Mobile,21.4,Low,5,2025.3,1,Glow Ke Nawab (Organic VIPs)
EA-03773,49,Female,Urban,105500,Skincare,Organic Search,Desktop,21.0,Medium,3,1729.7,1,Glow Ke Nawab (Organic VIPs)
EA-00861,57,Male,Urban,103000,Skincare,Organic Search,Desktop,20.1,Low,5,1612.7,1,Glow Ke Nawab (Organic VIPs)
